거래처,품번,판정,현행판가,현행엑셀행,버전별일치도,자식대조
대원산업,AJR30027701-12-1,자동확정,7447,1350,"판가7447(행1350,일치100%) | 판가7154(행999,일치0%)",MJU66800403:엑셀제작/BOM제작✓ ; MJU66800402:엑셀제작/BOM제작✓
대원산업,AJR30027701-12-3,자동확정,5908,1357,"판가5908(행1357,일치100%) | 판가5868(행1009,일치0%)",MJU66749006:엑셀제작/BOM제작✓ ; MJU66800404:엑셀제작/BOM제작✓
대원산업,AJR30027705-12-1,자동확정,7350,1364,"판가7350(행1364,일치100%) | 판가7197(행1004,일치0%)",MJU66800403:엑셀제작/BOM제작✓ ; MJU66800405:엑셀제작/BOM제작✓
대원산업,AJR74523006-12-1,애매(동점),,,"판가18547(행1622,일치75%) | 판가18452(행1650,일치75%)",MJU63756101:엑셀제작/BOM사급✗ ; EBF40271405:엑셀사급/BOM사급✓ ; EBD60663821:엑셀사급/BOM사급✓ ; MJU62987402:엑셀사급/BOM사급✓
대원산업,AJR75544505-12-1,자동확정,5561,475,"판가5561(행475,일치100%) | 판가5142(행189,일치100%)",MJU66266604:엑셀제작/BOM제작✓ ; MJU66266701:엑셀제작/BOM제작✓ ; MJU65521402:엑셀제작/BOM제작✓
대원산업,AJR75563502-12-1,애매(동점),,,"판가3231(행340,일치100%) | 판가4222(행355,일치100%)",MJU64794403:엑셀제작/BOM제작✓ ; MJU64921201:엑셀제작/BOM제작✓ ; MJU64794402:엑셀제작/BOM제작✓ ; MJU63512516:엑셀사급/BOM사급✓
대원산업,AJR76362801,자동확정,6642,1667,"판가6642(행1667,일치100%) | 판가6606(행1639,일치100%)",MJU65587801:엑셀제작/BOM제작✓ ; MJU65587802:엑셀제작/BOM제작✓ ; MJU65587701:엑셀제작/BOM제작✓
대원산업,AJR76823801,애매(동점),,,"판가8962(행229,일치100%) | 판가10216(행397,일치100%) | 판가10250(행653,일치100%)",MJU66166622:엑셀제작/BOM제작✓ ; MJU66166606:엑셀제작/BOM제작✓ ; MJU47312220:엑셀제작/BOM제작✓
대원산업,AJR76823803,애매(동점),,,"판가8090(행241,일치100%) | 판가9160(행409,일치100%) | 판가9210(행665,일치100%)",MJU66166603:엑셀제작/BOM제작✓ ; MJU66166607:엑셀제작/BOM제작✓ ; MJU47312220:엑셀제작/BOM제작✓
대원산업,AJR77224501-12-1,자동확정,15091,1374,"판가15091(행1374,일치100%) | 판가1559(행385,일치100%)",MJU66478501:엑셀제작/BOM제작✓ ; MJU66479101:엑셀제작/BOM제작✓ ; MJU66479001:엑셀제작/BOM제작✓ ; AJU73472406:엑셀사급/BOM사급✓
대원산업,MJU66166608,BOM구조다름(child불일치),,,"판가1612(행204,일치-100%) | 판가1744(행452,일치-100%)",
대원산업,MJU66166611,애매(동점),,,"판가11364(행211,일치0%) | 판가13382(행416,일치0%)",MEV37586015:엑셀사급/BOM제작✗
대원산업,MJU66166620,BOM구조다름(child불일치),,,"판가6296(행217,일치-100%) | 판가6390(행458,일치-100%)",
미래정밀,AJR30008201,애매(동점),,,"판가4444(행1225,일치67%) | 판가4439(행1435,일치67%)",MJU66566906:엑셀제작/BOM제작✓ ; MJU66566808:엑셀제작/BOM제작✓ ; MEG65559801:엑셀사급/BOM제작✗
미래정밀,AJR30008202,자동확정,4883,1448,"판가4883(행1448,일치100%) | 판가4916(행1315,일치100%)",MJU66566808:엑셀제작/BOM제작✓ ; MJU66766301:엑셀제작/BOM제작✓ ; MEG65559801:엑셀사급/BOM사급✓ ; MEG66660106:엑셀사급/BOM사급✓
미래정밀,AJR30149803,단품(BOM없음),,,"판가1714(행181,일치-100%) | 판가2211(행191,일치-100%) | 판가1380(행209,일치-100%)",
미래정밀,AJR36852202-4-1,자동확정,2665,1798,"판가2665(행1798,일치100%) | 판가2193(행1785,일치-100%)",MJU58941301:엑셀제작/BOM제작✓ ; MJU58941302:엑셀제작/BOM제작✓ ; MJU58941303:엑셀제작/BOM제작✓ ; MJU42756802:엑셀제작/BOM제작✓
미래정밀,AJR65507705-4-1,자동확정,1590,1330,"판가1590(행1330,일치100%) | 판가1860(행1611,일치0%)",MJU63001002:엑셀제작/BOM제작✓
미래정밀,AJR65507733,BOM구조다름(child불일치),,,"판가13981(행1147,일치-100%) | 판가2485(행1400,일치-100%) | 판가2113(행1416,일치-100%)",
미래정밀,AJR73324501,자동확정,7376,2687,"판가7376(행2687,일치100%) | 판가4212(행924,일치50%)",MJU62267501:엑셀제작/BOM제작✓ ; MJU62371701:엑셀제작/BOM제작✓
미래정밀,AJR73342801,자동확정,5980,2681,"판가5980(행2681,일치100%) | 판가3028(행895,일치50%)",MJU62267501:엑셀제작/BOM제작✓ ; MJU62366601:엑셀제작/BOM제작✓
미래정밀,AJR73342803,자동확정,7883,2768,"판가7883(행2768,일치100%) | 판가4206(행904,일치75%)",MJU62366603:엑셀제작/BOM제작✓
미래정밀,AJR73364601,자동확정,2095,1092,"판가2095(행1092,일치100%) | 판가2416(행917,일치50%)",MJU62392001:엑셀제작/BOM제작✓ ; MJU62392101:엑셀제작/BOM제작✓
미래정밀,AJR74364911,애매(동점),,,"판가20926(행1019,일치0%) | 판가22362(행1026,일치0%)",MJU64971501:엑셀사급/BOM제작✗
미래정밀,AJR74522901-4-1,자동확정,2258,804,"판가2258(행804,일치100%) | 판가2254(행1098,일치0%)",MJU63788101:엑셀제작/BOM제작✓
미래정밀,AJR75463302,BOM구조다름(child불일치),,,"판가1836(행273,일치-100%) | 판가656(행278,일치-100%) | 판가1253(행284,일치-100%) | 판가857(행289,일치-100%) | 판가449(행294,일치-100%)",
미래정밀,AJR75523201-4-1,자동확정,2179,667,"판가2179(행667,일치0%) | 판가1339(행676,일치-100%)",MJU62823103:엑셀사급/BOM제작✗
미래정밀,AJR75544203,BOM구조다름(child불일치),,,"판가849(행330,일치-100%) | 판가832(행364,일치-100%)",
미래정밀,AJR75782901,애매(동점),,,"판가1462(행356,일치100%) | 판가2091(행567,일치100%)",MJU64964401:엑셀제작/BOM제작✓ ; MJU64964402:엑셀제작/BOM제작✓ ; MJU64964403:엑셀제작/BOM제작✓
미래정밀,AJR76522501,자동확정,4542,1039,"판가4542(행1039,일치100%) | 판가4584(행1462,일치75%)",MJU62672406:엑셀제작/BOM제작✓ ; MJU62672407:엑셀제작/BOM제작✓ ; MJU65846201:엑셀사급/BOM사급✓
미래정밀,AJR77224501-4-1,애매(동점),,,"판가1987(행1230,일치100%) | 판가1948(행1380,일치100%) | 판가2149(행1469,일치100%)",MJU66479301:엑셀제작/BOM제작✓
미래정밀,AJR77263009-4-2,애매(동점),,,"판가1027(행2598,일치100%) | 판가1031(행2607,일치100%)",MJU66502906:엑셀제작/BOM제작✓
중앙정밀,AJR30228805,단품(BOM없음),,,"판가148(행883,일치-100%) | 판가2512(행913,일치-100%)",
중앙정밀,AJR30374205/07,단품(BOM없음),,,"판가2966(행561,일치-100%) | 판가1779(행571,일치-100%)",
중앙정밀,AJR30374209,BOM구조다름(child불일치),,,"판가3223(행513,일치-100%) | 판가3132(행531,일치-100%)",
중앙정밀,AJR36478201,단품(BOM없음),,,"판가3130(행430,일치-100%) | 판가2214(행446,일치-100%) | 판가3072(행464,일치-100%)",
중앙정밀,AJR36478203,자동확정,3737,703,"판가3737(행703,일치100%) | 판가2495(행1346,일치100%)",MJU42064501:엑셀제작/BOM제작✓ ; MJU42064502:엑셀제작/BOM제작✓ ; MJU42064503:엑셀제작/BOM제작✓ ; MJU42064505:엑셀제작/BOM제작✓ ; MJU42064506:엑셀제작/BOM제작✓ ; MJU42064512:엑셀제작/BOM제작✓ ; MJU57132602:엑셀제작/BOM제작✓
중앙정밀,AJR74963102-1-1,자동확정,1872,1773,"판가1872(행1773,일치100%) | 판가1814(행1321,일치100%)",MJU62822102:엑셀사급/BOM사급✓ ; MJU66797501:엑셀사급/BOM사급✓ ; MJU62842304:엑셀사급/BOM사급✓ ; MJU62842305:엑셀사급/BOM사급✓
중앙정밀,AJR74984303-1-1,단품(BOM없음),,,"판가11907(행1081,일치-100%) | 판가492(행1152,일치-100%)",
중앙정밀,AJR74984305-1-1,자동확정,492,1156,"판가492(행1156,일치100%) | 판가13598(행1108,일치86%)",MJU64708502:엑셀제작/BOM제작✓
중앙정밀,AJR74985503,단품(BOM없음),,,"판가1638(행791,일치-100%) | 판가526(행873,일치-100%)",
중앙정밀,AJR75483401,BOM구조다름(child불일치),,,"판가1753(행818,일치-100%) | 판가2175(행832,일치-100%)",
중앙정밀,AJR75563501,BOM구조다름(child불일치),,,"판가171(행979,일치-100%) | 판가1191(행992,일치-100%)",
중앙정밀,AJR75744106-1-1,단품(BOM없음),,,"판가6213(행1133,일치-100%) | 판가6263(행1297,일치-100%)",
중앙정밀,AJR77224502-1-1,자동확정,3013,1629,"판가3013(행1629,일치100%) | 판가2583(행1767,일치100%)",MJU66478402:엑셀제작/BOM제작✓ ; MJU65626509:엑셀제작/BOM제작✓
중앙정밀,AJR77224505-1-1,자동확정,3188,1742,"판가3188(행1742,일치100%) | 판가2758(행1762,일치100%)",MJU66478403:엑셀제작/BOM제작✓ ; MJU65626509:엑셀제작/BOM제작✓
케이비,AJR30012101-16-1,자동확정,1418,1396,"판가1418(행1396,일치100%) | 판가1267(행1416,일치-100%)",MJU63706501:엑셀제작/BOM제작✓ ; MJU63751002:엑셀제작/BOM제작✓
케이비,AJR74803521-16-1,애매(동점),,,"판가2846(행1003,일치100%) | 판가3089(행1014,일치100%)",MJU64868534:엑셀제작/BOM제작✓ ; MJU64868549:엑셀제작/BOM제작✓ ; MJU64868550:엑셀제작/BOM제작✓
케이비,AJR75242814-16-1,애매(동점),,,"판가2136(행574,일치80%) | 판가2397(행593,일치80%)",MJU63548430:엑셀제작/BOM제작✓ ; MJU63548431:엑셀제작/BOM제작✓ ; MJU63548432:엑셀제작/BOM제작✓ ; MJU64287009:엑셀제작/BOM제작✓ ; MJU62823101:엑셀사급/BOM제작✗
