도번,LG부품수,자동매핑,도번직하위,용접봉(규칙),실제갭,완전정합여부
AJR30133701,35,4,7,4,20,
AJR30133702,35,4,7,4,20,
AJR75645201,25,1,3,1,20,
AJR75563602,20,0,0,1,19,
AJR30125601,46,9,16,4,17,
AJR30133703,31,4,6,4,17,
AJR30007103,21,2,2,1,16,
AJR30007105,23,2,4,1,16,
AJR30075401,42,7,18,1,16,
AJR73965601,19,1,1,1,16,
AJR73965602,19,1,1,1,16,
AJR77263002,23,2,4,1,16,
AJR75482702,18,1,1,1,15,
AJR77225301,21,2,3,1,15,
AJR77263007,26,3,7,1,15,
AJR77263008,26,6,4,1,15,
AJR74983910,31,8,8,1,14,
AJR74983938,31,7,9,1,14,
AJR74983939,32,7,10,1,14,
AJR77171201,20,3,2,1,14,
AJR30125603,46,10,19,4,13,
AJR77224901,21,6,1,1,13,
AJR77263003,23,6,3,1,13,
AJR77263009,23,5,4,1,13,
AJR30007104,23,6,4,1,12,
AJR30133709,32,10,6,4,12,
AJR74984303,19,3,3,1,12,
AJR75483702,19,3,3,1,12,
AJR30007102,18,0,6,1,11,
AJR75463304,17,2,4,0,11,
AJR77224501,30,8,10,1,11,
AJR77224502,30,8,10,1,11,
AJR77224503,31,9,10,1,11,
AJR77224504,31,9,10,1,11,
AJR77224505,31,9,10,1,11,
AJR77224506,32,9,11,1,11,
AJR77224509,31,8,11,1,11,
AJR77224510,32,9,11,1,11,
AJR77224518,35,8,15,1,11,
AJR77224519,31,8,11,1,11,
AJR77263001,21,6,3,1,11,
AJR77263004,23,5,6,1,11,
AJR77224511,34,10,13,1,10,
AJR77224520,34,10,13,1,10,
AJR77224524,33,10,12,1,10,
AJR30027705,32,12,10,1,9,
AJR30027710,33,12,12,0,9,
AJR73980318,33,12,11,1,9,
AJR75462802,15,0,5,1,9,
AJR76582506,27,6,12,0,9,
AJR77224507,34,10,14,1,9,
AJR77224508,34,10,14,1,9,
AJR77224512,35,10,15,1,9,
AJR77224513,36,10,16,1,9,
AJR77224516,36,10,16,1,9,
AJR77224517,36,10,16,1,9,
AJR77224522,36,10,17,0,9,
AJR77224523,37,10,17,1,9,
AJR30027701,30,12,9,1,8,
AJR30027713,31,12,10,1,8,
AJR30083102,45,1,36,0,8,
AJR30133605,45,14,19,4,8,
AJR74683102,35,0,26,1,8,
AJR30133604,31,8,10,6,7,
AJR72933701,15,5,2,1,7,
AJR74364818,11,2,1,1,7,
AJR74364825,10,2,1,0,7,
AJR74683101,35,0,27,1,7,
AJR76322601,29,16,6,0,7,
AJR76402407,36,2,26,1,7,
AJR30012009,25,6,11,2,6,
AJR30012010,24,5,11,2,6,
AJR30012011,27,8,11,2,6,
AJR30038101,35,23,5,1,6,
AJR30083101,41,0,35,0,6,
AJR30133602,28,9,9,4,6,
AJR34565827,17,6,4,1,6,
AJR72937701,20,0,13,1,6,
AJR73222701,29,0,22,1,6,
AJR73222702,29,0,22,1,6,
AJR73562802,26,0,19,1,6,
AJR75522803,38,0,31,1,6,
AJR75544204,29,12,10,1,6,
AJR76363002,39,16,15,2,6,
AJR76402409,34,2,25,1,6,
AJR76703602,17,3,7,1,6,
AJR30004702,12,2,3,2,5,
AJR30133606,23,4,11,3,5,
AJR65507733,10,0,4,1,5,
AJR72946422,34,3,25,1,5,
AJR73703801,30,0,24,1,5,
AJR73767802,32,0,26,1,5,
AJR73767818,28,4,18,1,5,
AJR73767821,33,0,28,0,5,
AJR73822530,22,0,16,1,5,
AJR73964904,18,0,12,1,5,
AJR73970512,18,0,12,1,5,
AJR73980317,33,16,11,1,5,
AJR73980320,33,0,27,1,5,
AJR73980323,33,5,23,0,5,
AJR73988106,17,0,11,1,5,
AJR74265701,24,1,17,1,5,
AJR74424620,12,0,7,0,5,
AJR74984304,20,8,6,1,5,
AJR75704003,28,0,22,1,5,
AJR75713301,17,6,6,0,5,
AJR76902301,25,0,19,1,5,
AJR76902302,24,0,18,1,5,
AJR77142502,17,10,1,1,5,
AJR77142503,17,10,1,1,5,
AJR77202901,28,13,8,2,5,
AJR77202902,28,13,8,2,5,
AJR77225607,21,7,8,1,5,
AJR77226304,20,0,14,1,5,
AJR30007101,18,10,3,1,4,
AJR30007106,20,11,4,1,4,
AJR30012001,24,0,19,1,4,
AJR30027707,36,18,13,1,4,
AJR30027712,35,18,13,0,4,
AJR30106101,25,10,11,0,4,
AJR32563602,29,7,16,2,4,
AJR72367702,21,0,15,2,4,
AJR72928401,27,0,22,1,4,
AJR72946403,32,3,25,0,4,
AJR72946424,33,3,25,1,4,
AJR72953201,21,0,16,1,4,
AJR72982303,16,8,3,1,4,
AJR73767304,22,0,17,1,4,
AJR73767314,22,0,17,1,4,
AJR73767318,24,1,18,1,4,
AJR73767514,38,0,33,1,4,
AJR73822512,23,1,17,1,4,
AJR73981101,8,0,3,1,4,
AJR74062502,16,0,11,1,4,
AJR74169701,20,1,14,1,4,
AJR74169703,18,0,13,1,4,
AJR74265702,22,0,17,1,4,
AJR74365101,26,14,7,1,4,
AJR74524709,24,1,18,1,4,
AJR75463001,18,8,5,1,4,
AJR75711503,23,0,18,1,4,
AJR75804101,18,0,13,1,4,
AJR75923201,15,3,7,1,4,
AJR75983010,27,6,16,1,4,
AJR77167311,18,5,7,2,4,
AJR77225305,23,0,18,1,4,
AJR77225306,23,0,18,1,4,
5211A21806A,14,0,9,2,3,
5211A23366A,18,0,13,2,3,
ACQ30662801,19,5,11,0,3,
ADM73210515,26,2,21,0,3,
AJJ75358426,9,0,6,0,3,
AJR30012008,26,13,8,2,3,
AJR30012012,27,13,9,2,3,
AJR30027703,34,18,12,1,3,
AJR30027715,34,18,12,1,3,
AJR30033101,39,0,35,1,3,
AJR30065822,10,0,6,1,3,
AJR30087001,36,0,32,1,3,
AJR30161405,12,0,6,3,3,
AJR35938601,7,0,3,1,3,
AJR35948517,11,0,7,1,3,
AJR36013006,23,0,19,1,3,
AJR36479502,15,5,6,1,3,
AJR55707008,20,9,6,2,3,
AJR68031105,13,4,5,1,3,
AJR72572908,12,0,8,1,3,
AJR72928402,27,0,23,1,3,
AJR72946805,18,0,14,1,3,
AJR72946806,18,0,14,1,3,
AJR72954701,17,0,13,1,3,
AJR72954801,19,0,15,1,3,
AJR72957305,28,0,24,1,3,
AJR73224001,23,0,19,1,3,
AJR73767306,23,0,19,1,3,
AJR73767511,38,0,34,1,3,
AJR73767513,38,0,34,1,3,
AJR73802904,27,0,23,1,3,
AJR73822516,19,2,13,1,3,
AJR73822522,23,1,18,1,3,
AJR73822538,24,6,14,1,3,
AJR73822540,22,4,14,1,3,
AJR73915605,18,0,14,1,3,
AJR73915607,19,0,15,1,3,
AJR73915612,20,1,15,1,3,
AJR73915614,18,0,14,1,3,
AJR73964609,25,0,22,0,3,
AJR73980306,32,0,28,1,3,
AJR73980322,28,5,19,1,3,
AJR74005701,14,0,9,2,3,
AJR74366603,20,2,14,1,3,
AJR74385603,28,0,24,1,3,
AJR74385604,28,0,24,1,3,
AJR74423402,11,0,7,1,3,
AJR74423403,11,0,7,1,3,
AJR74462301,21,3,14,1,3,
AJR74462302,22,0,18,1,3,
AJR74462303,22,0,18,1,3,
AJR74524702,24,9,11,1,3,
AJR74524703,20,9,7,1,3,
AJR74524704,20,9,7,1,3,
AJR74964701,19,0,15,1,3,
AJR74985201,20,0,17,0,3,
AJR74985202,20,0,17,0,3,
AJR74985204,20,1,16,0,3,
AJR75544201,29,7,18,1,3,
AJR75563701,24,17,3,1,3,
AJR75784701,16,0,12,1,3,
AJR75962501,17,3,10,1,3,
AJR76523011,12,0,8,1,3,
AJR76582505,26,10,13,0,3,
AJR77163101,21,2,14,2,3,
AJR77224001,19,4,11,1,3,
AJR77224005,15,4,7,1,3,
AJR77225605,17,4,9,1,3,
5211A10458H,8,0,5,1,2,
5211A20466L,17,0,13,2,2,
5211A22057R,27,0,24,1,2,
5211A22057S,27,0,24,1,2,
5211A23366B,16,0,12,2,2,
ADL76734508,10,0,8,0,2,
ADM72950704,43,3,36,2,2,
ADM73210501,29,0,26,1,2,
ADM73210506,22,0,20,0,2,
ADM73210511,23,0,21,0,2,
ADM74930502,24,0,22,0,2,
ADM74930507,23,1,20,0,2,
ADM74930511,26,4,20,0,2,
AJJ75318301,16,8,5,1,2,
AJJ75358421,8,0,6,0,2,
AJJ75358428,8,0,6,0,2,
AJJ75918509,8,4,2,0,2,
AJJ76418713,8,2,3,1,2,
AJJ76418717,8,2,3,1,2,
AJJ76418718,8,4,1,1,2,
AJJ76559105,12,5,4,1,2,
AJJ76595403,3,0,1,0,2,
AJJ76602101,14,7,5,0,2,
AJL75092114,12,0,10,0,2,
AJR30001401,7,0,4,1,2,
AJR30012014,28,2,22,2,2,
AJR30012101,20,9,8,1,2,
AJR30012102,21,9,9,1,2,
AJR30037301,7,0,4,1,2,
AJR30060802,12,0,10,0,2,
AJR30065824,15,0,12,1,2,
AJR30074501,10,6,2,0,2,
AJR30087002,36,0,33,1,2,
AJR30123001,39,2,35,0,2,
AJR30133607,24,9,9,4,2,
AJR30161404,14,6,3,3,2,
AJR30161408,16,7,3,4,2,
AJR30359801,13,0,10,1,2,
AJR34407805,13,2,7,2,2,
AJR34511808,13,0,9,2,2,
AJR36013007,21,0,18,1,2,
AJR36479508,13,5,5,1,2,
AJR36852701,15,4,8,1,2,
AJR37103404,17,0,14,1,2,
AJR37105401,16,0,13,1,2,
AJR55707101,13,0,9,2,2,
AJR65507704,8,0,5,1,2,
AJR65507710,8,2,3,1,2,
AJR65507720,9,2,4,1,2,
AJR65507732,9,2,4,1,2,
AJR72367603,20,0,16,2,2,
AJR72367604,20,0,16,2,2,
AJR72946801,19,0,16,1,2,
AJR72946802,19,0,16,1,2,
AJR72952503,16,0,13,1,2,
AJR72952603,15,0,12,1,2,
AJR72953103,14,0,11,1,2,
AJR72954601,6,0,3,1,2,
AJR72957301,27,0,24,1,2,
AJR73005001,20,0,17,1,2,
AJR73023304,18,0,15,1,2,
AJR73023601,6,0,3,1,2,
AJR73204003,17,0,14,1,2,
AJR73383001,6,0,3,1,2,
AJR73583302,17,0,14,1,2,
AJR73682802,16,0,13,1,2,
AJR73682803,14,0,11,1,2,
AJR73682805,14,0,11,1,2,
AJR73767711,23,0,20,1,2,
AJR73768801,14,0,11,1,2,
AJR73768803,15,0,12,1,2,
AJR73786307,13,1,9,1,2,
AJR73822507,21,3,15,1,2,
AJR73822515,19,3,13,1,2,
AJR73822520,22,0,19,1,2,
AJR73822523,25,1,21,1,2,
AJR73822528,20,7,10,1,2,
AJR73882506,19,0,16,1,2,
AJR73903407,12,0,9,1,2,
AJR73915505,16,8,5,1,2,
AJR73915506,16,8,5,1,2,
AJR73915511,16,8,5,1,2,
AJR73915512,17,8,6,1,2,
AJR73945001,14,5,5,2,2,
AJR73949101,8,0,5,1,2,
AJR73964902,20,0,18,0,2,
AJR73964905,21,0,19,0,2,
AJR73964906,20,0,18,0,2,
AJR73965606,22,18,1,1,2,
AJR73965607,21,18,0,1,2,
AJR73981104,15,0,12,1,2,
AJR73981108,8,0,5,1,2,
AJR74162602,26,4,19,1,2,
AJR74162603,27,4,20,1,2,
AJR74204401,10,0,7,1,2,
AJR74205202,16,0,13,1,2,
AJR74207301,15,2,10,1,2,
AJR74282902,16,0,13,1,2,
AJR74288904,12,0,9,1,2,
AJR74365202,16,10,3,1,2,
AJR74365205,15,9,3,1,2,
AJR74366605,20,0,17,1,2,
AJR74366606,12,3,6,1,2,
AJR74385607,31,0,28,1,2,
AJR74423407,10,0,7,1,2,
AJR74444508,10,0,7,1,2,
AJR74524701,21,9,9,1,2,
AJR74524707,25,1,21,1,2,
AJR74524708,20,9,8,1,2,
AJR74803514,10,5,3,0,2,
AJR74963002,18,2,12,2,2,
AJR74963003,20,2,14,2,2,
AJR74964501,7,0,4,1,2,
AJR74983902,29,0,26,1,2,
AJR74983903,36,0,33,1,2,
AJR75062906,21,16,2,1,2,
AJR75062907,14,11,0,1,2,
AJR75522802,17,0,14,1,2,
AJR75522901,20,0,17,1,2,
AJR75563502,20,8,9,1,2,
AJR75563702,23,17,3,1,2,
AJR75604804,22,4,15,1,2,
AJR75711501,21,0,18,1,2,
AJR75983003,25,5,17,1,2,
AJR75983008,25,5,17,1,2,
AJR76264102,26,6,17,1,2,
AJR76363001,40,22,14,2,2,
AJR76442702,5,3,0,0,2,
AJR76462621,5,0,3,0,2,
AJR76502610,16,6,7,1,2,
AJR76502614,18,6,9,1,2,
AJR76523001,11,1,7,1,2,
AJR76523007,11,1,7,1,2,
AJR76523008,9,0,6,1,2,
AJR76703612,17,0,14,1,2,
AJR76823101,29,2,23,2,2,
AJR76982501,33,9,21,1,2,
AJR76982502,31,12,16,1,2,
AJR77164001,6,0,3,1,2,
AJR77202301,23,0,20,1,2,
AJR77202403,18,10,6,0,2,
AJR77202404,18,0,16,0,2,
AJR77202406,19,0,16,1,2,
AJR77202407,19,0,16,1,2,
AJR77222902,12,0,9,1,2,
AJR77224801,14,0,10,2,2,
AJR77225303,21,13,5,1,2,
AJR77225304,21,13,5,1,2,
AJR77226301,19,8,8,1,2,
AJR77226302,19,8,8,1,2,
AJR77226303,18,8,7,1,2,
AJR77243801,20,0,18,0,2,
AJR77263005,26,14,9,1,2,
AJR77263006,26,14,9,1,2,
AJR77263011,26,14,9,1,2,
4849A20059D,14,0,12,1,1,
5211A10549A,15,0,13,1,1,
5211A11065T,13,0,11,1,1,
5211A19008C,14,0,12,1,1,
5211A20297Z,4,0,2,1,1,
5211A20349P,4,0,2,1,1,
5211A20459E,11,0,8,2,1,
5211A21811B,17,0,14,2,1,
5211A21813B,15,0,12,2,1,
5211A21904M,4,0,2,1,1,
5211A22009Q,12,0,10,1,1,
5211A30708S,10,0,8,1,1,
AAB34431202,8,0,6,1,1,
ACQ30605001,18,6,10,1,1,
ADM72950701,31,1,28,1,1,
ADM72950706,34,0,31,2,1,
ADM72950714,33,0,30,2,1,
ADM72950717,35,0,32,2,1,
ADM73190801,26,0,24,1,1,
ADM73210512,3,0,2,0,1,
ADM73210516,4,0,3,0,1,
ADM74930508,3,0,2,0,1,
AGR30801601,8,3,4,0,1,
AGR30801602,8,3,4,0,1,
AHQ37048810,11,0,9,1,1,
AJJ74578304,15,9,4,1,1,
AJJ74578325,13,6,5,1,1,
AJJ75178301,7,0,6,0,1,
AJJ75358401,7,0,6,0,1,
AJJ75358404,9,0,8,0,1,
AJJ75358425,9,0,8,0,1,
AJJ75358427,8,0,7,0,1,
AJJ75358441,8,0,7,0,1,
AJJ75838620,8,0,7,0,1,
AJJ75918512,9,5,2,1,1,
AJJ76318301,8,3,4,0,1,
AJJ76418714,8,2,4,1,1,
AJJ76418716,8,2,4,1,1,
AJJ76418719,8,5,1,1,1,
AJJ76418724,10,6,2,1,1,
AJJ76559006,12,7,3,1,1,
AJR30008101,18,16,0,1,1,
AJR30008201,5,0,3,1,1,
AJR30012013,26,2,21,2,1,
AJR30019801,20,4,14,1,1,
AJR30020701,6,0,4,1,1,
AJR30028409,7,0,5,1,1,
AJR30037302,7,0,5,1,1,
AJR30037303,10,0,8,1,1,
AJR30037603,7,4,1,1,1,
AJR30037604,9,4,3,1,1,
AJR30060803,13,0,12,0,1,
AJR30060804,13,0,12,0,1,
AJR30060805,18,9,8,0,1,
AJR30065823,7,0,6,0,1,
AJR30065901,2,0,1,0,1,
AJR30065902,2,0,1,0,1,
AJR30074601,4,0,3,0,1,
AJR30075101,15,6,7,1,1,
AJR30077802,22,11,8,2,1,
AJR30078601,6,4,0,1,1,
AJR30078701,6,0,4,1,1,
AJR30078702,6,0,4,1,1,
AJR30087301,30,0,28,1,1,
AJR30087401,14,2,10,1,1,
AJR30100101,15,11,3,0,1,
AJR30102201,15,0,13,1,1,
AJR30114001,15,11,3,0,1,
AJR30116701,6,0,4,1,1,
AJR30117401,7,3,2,1,1,
AJR30117902,20,16,1,2,1,
AJR30125602,41,16,20,4,1,
AJR30133302,21,9,8,3,1,
AJR30135501,13,11,1,0,1,
AJR30135502,13,11,1,0,1,
AJR30136001,14,12,1,0,1,
AJR30138201,10,0,9,0,1,
AJR30140101,18,7,9,1,1,
AJR30140102,18,7,9,1,1,
AJR30140103,18,7,9,1,1,
AJR30140104,25,14,9,1,1,
AJR30140105,24,13,9,1,1,
AJR30140106,18,7,9,1,1,
AJR30157301,22,0,21,0,1,
AJR30157801,17,0,16,0,1,
AJR30161402,14,8,2,3,1,
AJR30161406,14,7,3,3,1,
AJR30167201,14,8,4,1,1,
AJR32674713,25,2,20,2,1,
AJR32846402,10,0,8,1,1,
AJR32883905,13,2,8,2,1,
AJR33796506,19,0,16,2,1,
AJR33796512,19,11,5,2,1,
AJR33796513,19,11,5,2,1,
AJR34511805,13,0,10,2,1,
AJR34511807,13,0,10,2,1,
AJR34565804,15,0,13,1,1,
AJR34739801,8,0,6,1,1,
AJR34739820,6,0,4,1,1,
AJR34739821,6,3,1,1,1,
AJR34870201,9,0,7,1,1,
AJR35724301,8,0,6,1,1,
AJR36089801,9,0,7,1,1,
AJR36137805,11,0,10,0,1,
AJR36366801,13,0,12,0,1,
AJR37042101,18,2,14,1,1,
AJR37048418,4,0,2,1,1,
AJR37161107,6,1,3,1,1,
AJR37161108,5,0,3,1,1,
AJR52676204,10,0,7,2,1,
AJR55707009,22,11,8,2,1,
AJR56992602,26,0,24,1,1,
AJR62820102,7,0,5,1,1,
AJR65059803,14,0,11,2,1,
AJR65059804,16,0,13,2,1,
AJR65507613,12,0,10,1,1,
AJR65507705,6,2,2,1,1,
AJR65507708,6,2,2,1,1,
AJR65507709,7,0,5,1,1,
AJR65507715,9,2,5,1,1,
AJR65507716,6,0,5,0,1,
AJR65507726,8,2,4,1,1,
AJR71429409,11,3,6,1,1,
AJR71429410,12,3,7,1,1,
AJR72367608,17,0,14,2,1,
AJR72367609,17,0,14,2,1,
AJR72367706,14,0,11,2,1,
AJR72914502,4,0,2,1,1,
AJR72914508,4,0,2,1,1,
AJR72914511,4,0,2,1,1,
AJR72942401,9,0,7,1,1,
AJR73023302,20,0,18,1,1,
AJR73023306,20,0,18,1,1,
AJR73023801,29,0,27,1,1,
AJR73062401,18,5,10,2,1,
AJR73065501,17,4,10,2,1,
AJR73069701,12,2,8,1,1,
AJR73103101,11,0,9,1,1,
AJR73123101,9,2,4,2,1,
AJR73182701,7,0,5,1,1,
AJR73204004,18,0,16,1,1,
AJR73326604,6,0,4,1,1,
AJR73326605,6,0,4,1,1,
AJR73326607,6,0,4,1,1,
AJR73326616,6,0,4,1,1,
AJR73326624,6,0,4,1,1,
AJR73326629,6,0,4,1,1,
AJR73326630,6,0,4,1,1,
AJR73326634,5,0,4,0,1,
AJR73363201,23,0,21,1,1,
AJR73364003,4,0,2,1,1,
AJR73364005,11,2,7,1,1,
AJR73364008,11,2,7,1,1,
AJR73383004,6,0,4,1,1,
AJR73663301,6,0,4,1,1,
AJR73663302,6,0,4,1,1,
AJR73767201,12,0,10,1,1,
AJR73767202,12,0,10,1,1,
AJR73767204,12,0,10,1,1,
AJR73767206,12,0,10,1,1,
AJR73767812,7,0,5,1,1,
AJR73767813,10,4,4,1,1,
AJR73767814,7,0,5,1,1,
AJR73768805,14,0,12,1,1,
AJR73822504,20,7,11,1,1,
AJR73822506,21,6,13,1,1,
AJR73822509,21,2,17,1,1,
AJR73822529,22,1,19,1,1,
AJR73822536,20,7,11,1,1,
AJR73822601,6,0,4,1,1,
AJR73882508,19,0,17,1,1,
AJR73909401,8,0,6,1,1,
AJR73909702,29,0,28,0,1,
AJR73915603,15,0,13,1,1,
AJR73915604,15,0,13,1,1,
AJR73915611,15,0,13,1,1,
AJR73952501,12,8,2,1,1,
AJR73965701,22,0,21,0,1,
AJR73970508,20,4,14,1,1,
AJR73981102,12,1,10,0,1,
AJR73981107,11,0,9,1,1,
AJR73981109,8,0,6,1,1,
AJR73988601,11,0,9,1,1,
AJR73988604,11,0,9,1,1,
AJR74007502,29,10,17,1,1,
AJR74105602,18,3,13,1,1,
AJR74107911,6,3,1,1,1,
AJR74107912,9,3,4,1,1,
AJR74107915,9,0,7,1,1,
AJR74126004,22,0,20,1,1,
AJR74145401,6,0,4,1,1,
AJR74145402,6,0,4,1,1,
AJR74145801,20,0,18,1,1,
AJR74145802,15,0,13,1,1,
AJR74162501,8,0,6,1,1,
AJR74162503,11,0,9,1,1,
AJR74162604,26,11,13,1,1,
AJR74227601,13,0,11,1,1,
AJR74230002,6,0,4,1,1,
AJR74242301,11,0,9,1,1,
AJR74242310,13,0,11,1,1,
AJR74243201,12,0,10,1,1,
AJR74243204,12,0,10,1,1,
AJR74243206,10,0,8,1,1,
AJR74283401,22,0,21,0,1,
AJR74284501,13,1,10,1,1,
AJR74286001,5,0,3,1,1,
AJR74286002,6,0,4,1,1,
AJR74288801,7,0,5,1,1,
AJR74289301,18,0,17,0,1,
AJR74291202,7,0,6,0,1,
AJR74364809,12,0,10,1,1,
AJR74424501,5,0,4,0,1,
AJR74424506,5,0,4,0,1,
AJR74425401,6,0,5,0,1,
AJR74425403,6,0,4,1,1,
AJR74425405,6,0,4,1,1,
AJR74444401,19,0,17,1,1,
AJR74444402,12,0,10,1,1,
AJR74444509,7,0,5,1,1,
AJR74465906,16,0,13,2,1,
AJR74488604,8,0,7,0,1,
AJR74523201,7,3,2,1,1,
AJR74662703,18,3,12,2,1,
AJR74663217,6,0,4,1,1,
AJR74702901,4,0,2,1,1,
AJR74803102,11,0,9,1,1,
AJR74803537,9,5,3,0,1,
AJR74844302,15,2,10,2,1,
AJR74844307,13,2,8,2,1,
AJR74844308,16,2,11,2,1,
AJR74844310,14,2,9,2,1,
AJR74844311,17,2,12,2,1,
AJR74844316,13,0,10,2,1,
AJR74844318,14,2,9,2,1,
AJR74925001,13,0,11,1,1,
AJR74962902,18,2,13,2,1,
AJR74983801,19,0,18,0,1,
AJR74983802,20,0,19,0,1,
AJR74984307,20,13,5,1,1,
AJR74984501,17,0,15,1,1,
AJR75002401,6,0,4,1,1,
AJR75002402,6,0,4,1,1,
AJR75044203,22,0,20,1,1,
AJR75062911,19,15,2,1,1,
AJR75102501,5,0,4,0,1,
AJR75104017,11,4,5,1,1,
AJR75104601,14,2,9,2,1,
AJR75123701,7,0,6,0,1,
AJR75123901,8,0,6,1,1,
AJR75163201,14,3,10,0,1,
AJR75463110,23,10,12,0,1,
AJR75463503,15,6,8,0,1,
AJR75464602,17,0,15,1,1,
AJR75464603,18,0,16,1,1,
AJR75483601,19,4,13,1,1,
AJR75483603,19,4,13,1,1,
AJR75524701,8,5,2,0,1,
AJR75604801,22,5,15,1,1,
AJR75624402,7,0,6,0,1,
AJR75643001,19,0,16,2,1,
AJR75645606,6,0,5,0,1,
AJR75662310,8,2,5,0,1,
AJR75702801,17,14,1,1,1,
AJR75711504,19,5,12,1,1,
AJR75711901,28,8,18,1,1,
AJR75712801,46,0,45,0,1,
AJR75713001,11,3,7,0,1,
AJR75713101,4,0,3,0,1,
AJR75723702,25,0,22,2,1,
AJR75743301,6,0,4,1,1,
AJR75744510,20,0,18,1,1,
AJR75802401,8,0,6,1,1,
AJR75802609,11,0,9,1,1,
AJR75804102,14,0,12,1,1,
AJR75804103,15,0,13,1,1,
AJR75805201,5,0,4,0,1,
AJR75826401,16,0,15,0,1,
AJR75827603,7,0,6,0,1,
AJR75983001,27,5,20,1,1,
AJR75983005,29,5,22,1,1,
AJR76363201,9,5,3,0,1,
AJR76502607,18,0,16,1,1,
AJR76502611,16,8,6,1,1,
AJR76523005,9,1,6,1,1,
AJR76523012,11,0,9,1,1,
AJR76562802,6,0,4,1,1,
AJR76562804,6,3,1,1,1,
AJR76663201,13,2,8,2,1,
AJR76663206,13,2,8,2,1,
AJR76742301,13,2,8,2,1,
AJR76742302,15,2,10,2,1,
AJR76742303,15,2,10,2,1,
AJR76742304,15,2,10,2,1,
AJR76742305,12,2,7,2,1,
AJR76742306,17,2,12,2,1,
AJR76742310,13,0,10,2,1,
AJR76742312,15,2,10,2,1,
AJR76742314,12,0,9,2,1,
AJR76823002,12,2,8,1,1,
AJR77144201,6,0,4,1,1,
AJR77144207,6,0,4,1,1,
AJR77144301,6,0,4,1,1,
AJR77144302,6,0,4,1,1,
AJR77144305,6,0,4,1,1,
AJR77144306,6,0,4,1,1,
AJR77144602,8,0,6,1,1,
AJR77144603,10,5,3,1,1,
AJR77144606,10,5,3,1,1,
AJR77163102,20,10,7,2,1,
AJR77163401,9,3,4,1,1,
AJR77170601,17,15,0,1,1,
AJR77170701,18,15,0,2,1,
AJR77182701,17,15,0,1,1,
AJR77183101,17,15,0,1,1,
AJR77189101,12,2,7,2,1,
AJR77189103,11,2,6,2,1,
AJR77189104,15,2,10,2,1,
AJR77189105,18,2,13,2,1,
AJR77202405,17,0,15,1,1,
AJR77222901,13,0,11,1,1,
AJR77222905,11,3,6,1,1,
AJR77224002,17,7,8,1,1,
AJR77224008,18,8,8,1,1,
AJR77224009,18,4,12,1,1,
AJR77224010,20,8,10,1,1,
AJR77224805,15,0,12,2,1,
AJR77224809,15,0,12,2,1,
AJR77225601,21,7,12,1,1,
AJR77225602,19,6,11,1,1,
AJR77225608,19,6,11,1,1,
AJR77225609,20,6,12,1,1,
AJR77225610,22,7,13,1,1,
AJR77263010,23,0,21,1,1,
MJU62078901,1,0,0,0,1,
4849A10047A,11,0,9,2,0,정합
4849A10047B,10,0,9,1,0,정합
4849A20056J,7,0,6,1,0,정합
4849A20060A,12,0,11,1,0,정합
4849A20060B,11,0,10,1,0,정합
4849A20069M,13,4,8,1,0,정합
5211A00011E,11,0,10,1,0,정합
5211A00011P,12,0,11,1,0,정합
5211A10480B,5,0,4,1,0,정합
5211A10623D,5,0,4,1,0,정합
5211A11023C,8,0,7,1,0,정합
5211A11024A,6,0,5,1,0,정합
5211A11034A,5,0,4,1,0,정합
5211A11604A,15,0,13,2,0,정합
5211A11604C,15,2,11,2,0,정합
5211A12001A,19,0,18,1,0,정합
5211A19008D,14,0,13,1,0,정합
5211A19008J,15,0,14,1,0,정합
5211A19008K,15,0,14,1,0,정합
5211A20349T,4,0,3,1,0,정합
5211A20349Z,4,0,3,1,0,정합
5211A20356M,5,0,4,1,0,정합
5211A20356U,5,0,4,1,0,정합
5211A20356W,5,0,4,1,0,정합
5211A21904A,4,0,3,1,0,정합
5211A21904N,4,0,3,1,0,정합
5211A24134B,11,0,10,1,0,정합
5211A26008A,14,0,13,1,0,정합
5211A29907A,18,0,16,2,0,정합
5211A30050D,3,0,2,1,0,정합
5211A30050E,3,0,2,1,0,정합
5211A30369A,6,0,5,1,0,정합
5211A30756B,5,0,4,1,0,정합
5211A39010A,11,0,10,1,0,정합
5211AP2678B,8,0,7,1,0,정합
5211AP2678C,11,0,10,1,0,정합
5211AP2678E,11,0,10,1,0,정합
5211AP2678J,11,0,10,1,0,정합
5425AP7108C,4,0,3,1,0,정합
5425AP7108K,4,0,3,1,0,정합
AAB73710401,10,0,8,2,0,정합
AAB73710402,11,0,9,2,0,정합
AFY74109506,4,0,3,1,0,정합
AFY74209501,6,0,5,1,0,정합
AHQ73469301,10,7,2,1,0,정합
AJJ30041801,11,6,4,1,0,정합
AJJ30041802,12,7,4,1,0,정합
AJJ30041901,10,6,3,1,0,정합
AJJ30041902,10,6,3,1,0,정합
AJJ76418701,8,4,3,1,0,정합
AJJ76418702,8,4,3,1,0,정합
AJJ76418703,8,4,3,1,0,정합
AJJ76418704,8,4,3,1,0,정합
AJJ76418705,8,4,3,1,0,정합
AJJ76418706,8,4,3,1,0,정합
AJJ76418707,8,4,3,1,0,정합
AJJ76418715,8,2,5,1,0,정합
AJJ76418720,10,6,3,1,0,정합
AJJ76418721,10,6,3,1,0,정합
AJJ76418722,10,6,3,1,0,정합
AJJ76418723,10,6,3,1,0,정합
AJJ76418725,10,6,3,1,0,정합
AJJ76418727,10,6,3,1,0,정합
AJJ76418728,10,6,3,1,0,정합
AJJ76418729,10,6,3,1,0,정합
AJJ76559001,10,5,4,1,0,정합
AJJ76559002,11,6,4,1,0,정합
AJJ76559003,11,6,4,1,0,정합
AJJ76559004,12,7,4,1,0,정합
AJJ76559005,12,7,4,1,0,정합
AJJ76559007,12,7,4,1,0,정합
AJJ76559008,12,7,4,1,0,정합
AJJ76559009,10,5,4,1,0,정합
AJJ76559010,11,6,4,1,0,정합
AJJ76559011,11,6,4,1,0,정합
AJJ76559012,10,5,4,1,0,정합
AJJ76559013,11,6,4,1,0,정합
AJJ76559014,11,6,4,1,0,정합
AJJ76559015,11,5,5,1,0,정합
AJJ76559016,13,7,5,1,0,정합
AJJ76559017,13,7,5,1,0,정합
AJJ76559102,10,5,4,1,0,정합
AJJ76559103,11,6,4,1,0,정합
AJJ76559106,12,7,4,1,0,정합
AJR30001601,4,0,3,1,0,정합
AJR30003301,5,0,4,1,0,정합
AJR30007601,22,6,15,1,0,정합
AJR30007602,22,6,15,1,0,정합
AJR30007603,27,15,10,2,0,정합
AJR30007604,18,6,11,1,0,정합
AJR30008202,9,0,8,1,0,정합
AJR30009001,17,5,10,2,0,정합
AJR30009002,16,5,10,1,0,정합
AJR30009003,20,5,14,1,0,정합
AJR30009004,16,6,9,1,0,정합
AJR30009005,14,5,8,1,0,정합
AJR30009401,28,16,11,1,0,정합
AJR30009402,26,14,11,1,0,정합
AJR30009403,20,6,13,1,0,정합
AJR30009701,5,0,4,1,0,정합
AJR30010701,18,5,12,1,0,정합
AJR30010702,16,5,10,1,0,정합
AJR30011101,21,12,8,1,0,정합
AJR30011102,21,12,8,1,0,정합
AJR30019401,7,0,6,1,0,정합
AJR30019402,7,0,6,1,0,정합
AJR30028411,14,6,6,2,0,정합
AJR30029801,6,0,5,1,0,정합
AJR30029802,4,0,3,1,0,정합
AJR30029901,14,0,13,1,0,정합
AJR30030101,10,0,9,1,0,정합
AJR30030103,9,0,8,1,0,정합
AJR30031101,10,0,9,1,0,정합
AJR30031102,13,0,12,1,0,정합
AJR30031201,23,11,11,1,0,정합
AJR30031202,25,11,13,1,0,정합
AJR30031601,8,0,7,1,0,정합
AJR30031701,4,0,3,1,0,정합
AJR30031801,10,0,8,2,0,정합
AJR30031804,14,3,8,3,0,정합
AJR30037101,15,2,12,1,0,정합
AJR30037109,14,2,11,1,0,정합
AJR30037110,14,2,11,1,0,정합
AJR30037111,17,2,14,1,0,정합
AJR30037304,7,0,6,1,0,정합
AJR30038201,9,6,2,1,0,정합
AJR30038401,6,0,5,1,0,정합
AJR30040301,6,0,5,1,0,정합
AJR30040304,6,0,5,1,0,정합
AJR30046402,10,0,9,1,0,정합
AJR30052102,3,0,2,1,0,정합
AJR30064001,9,0,8,1,0,정합
AJR30064401,5,0,4,1,0,정합
AJR30064601,6,0,5,1,0,정합
AJR30064701,10,0,9,1,0,정합
AJR30064801,5,0,4,1,0,정합
AJR30065807,4,0,3,1,0,정합
AJR30073601,22,19,1,2,0,정합
AJR30073602,22,13,7,2,0,정합
AJR30073603,23,13,8,2,0,정합
AJR30073604,23,20,1,2,0,정합
AJR30077403,23,20,1,2,0,정합
AJR30086101,12,0,11,1,0,정합
AJR30086102,12,0,11,1,0,정합
AJR30086201,12,0,10,2,0,정합
AJR30089608,7,5,1,1,0,정합
AJR30089609,9,6,2,1,0,정합
AJR30089610,6,4,1,1,0,정합
AJR30089611,7,5,1,1,0,정합
AJR30089612,9,6,2,1,0,정합
AJR30089613,6,0,5,1,0,정합
AJR30089614,8,4,3,1,0,정합
AJR30089615,9,5,3,1,0,정합
AJR30089616,7,5,1,1,0,정합
AJR30089617,7,0,6,1,0,정합
AJR30089618,5,0,4,1,0,정합
AJR30089619,8,4,3,1,0,정합
AJR30089620,8,4,3,1,0,정합
AJR30089621,9,5,3,1,0,정합
AJR30089622,5,0,4,1,0,정합
AJR30089623,7,0,6,1,0,정합
AJR30089624,6,0,5,1,0,정합
AJR30089625,6,0,5,1,0,정합
AJR30089626,8,0,7,1,0,정합
AJR30095101,13,8,4,1,0,정합
AJR30099601,7,0,6,1,0,정합
AJR30102601,42,21,20,1,0,정합
AJR30102602,42,21,20,1,0,정합
AJR30103101,24,0,22,2,0,정합
AJR30103102,24,0,22,2,0,정합
AJR30103201,14,0,13,1,0,정합
AJR30103202,14,0,13,1,0,정합
AJR30103203,14,0,13,1,0,정합
AJR30103301,18,0,16,2,0,정합
AJR30103401,12,0,11,1,0,정합
AJR30103402,12,0,11,1,0,정합
AJR30116401,7,0,6,1,0,정합
AJR30117301,7,0,6,1,0,정합
AJR30117302,8,0,7,1,0,정합
AJR30117601,3,0,2,1,0,정합
AJR30123401,13,0,12,1,0,정합
AJR30125604,41,16,21,4,0,정합
AJR30140301,7,0,6,1,0,정합
AJR30140302,7,0,6,1,0,정합
AJR30359401,8,0,7,1,0,정합
AJR30359802,10,0,9,1,0,정합
AJR32883901,13,4,7,2,0,정합
AJR32883902,13,2,9,2,0,정합
AJR32883903,13,0,11,2,0,정합
AJR32883908,13,2,9,2,0,정합
AJR32883911,12,2,8,2,0,정합
AJR33796501,18,0,16,2,0,정합
AJR33796502,18,0,16,2,0,정합
AJR33796526,20,2,16,2,0,정합
AJR34562001,10,0,9,1,0,정합
AJR34565501,5,0,4,1,0,정합
AJR34739807,7,0,6,1,0,정합
AJR34739811,4,0,3,1,0,정합
AJR34739816,7,0,6,1,0,정합
AJR34739818,7,0,6,1,0,정합
AJR34739824,7,6,0,1,0,정합
AJR36092103,6,0,5,1,0,정합
AJR36092105,6,0,5,1,0,정합
AJR36388608,10,5,4,1,0,정합
AJR36478203,8,0,7,1,0,정합
AJR36479516,5,2,2,1,0,정합
AJR36479521,7,2,4,1,0,정합
AJR36738203,11,0,10,1,0,정합
AJR36738207,16,0,15,1,0,정합
AJR36852706,15,6,7,2,0,정합
AJR36852708,15,6,8,1,0,정합
AJR37048414,5,0,4,1,0,정합
AJR37119901,5,0,4,1,0,정합
AJR37119903,3,0,2,1,0,정합
AJR41630601,5,0,4,1,0,정합
AJR49638901,8,0,7,1,0,정합
AJR52676201,10,0,8,2,0,정합
AJR52737602,4,0,3,1,0,정합
AJR65507712,3,0,2,1,0,정합
AJR65507734,6,2,3,1,0,정합
AJR69417501,9,0,8,1,0,정합
AJR69417505,5,0,4,1,0,정합
AJR69417506,7,0,6,1,0,정합
AJR71429303,6,0,5,1,0,정합
AJR71429307,4,0,3,1,0,정합
AJR71429312,7,0,6,1,0,정합
AJR71429418,11,0,10,1,0,정합
AJR71429427,14,4,9,1,0,정합
AJR71429433,15,4,10,1,0,정합
AJR71429434,15,4,10,1,0,정합
AJR72572911,6,0,5,1,0,정합
AJR72586225,7,4,2,1,0,정합
AJR72912302,7,0,6,1,0,정합
AJR72912307,7,0,6,1,0,정합
AJR72914501,4,0,3,1,0,정합
AJR72919805,4,0,3,1,0,정합
AJR72920407,3,0,2,1,0,정합
AJR72928103,16,6,9,1,0,정합
AJR72929301,30,0,29,1,0,정합
AJR72929512,33,0,32,1,0,정합
AJR72929515,33,0,32,1,0,정합
AJR72942801,8,0,7,1,0,정합
AJR72946603,8,0,7,1,0,정합
AJR72953301,5,4,0,1,0,정합
AJR72961302,19,0,18,1,0,정합
AJR72962402,12,0,11,1,0,정합
AJR72982301,13,0,12,1,0,정합
AJR73003001,7,0,6,1,0,정합
AJR73005505,11,0,10,1,0,정합
AJR73022901,4,0,3,1,0,정합
AJR73043202,19,0,18,1,0,정합
AJR73065601,11,2,7,2,0,정합
AJR73067004,4,0,3,1,0,정합
AJR73067005,4,0,3,1,0,정합
AJR73068715,6,0,5,1,0,정합
AJR73103102,11,0,10,1,0,정합
AJR73223901,9,0,8,1,0,정합
AJR73323802,26,0,24,2,0,정합
AJR73324406,12,4,7,1,0,정합
AJR73324501,3,0,2,1,0,정합
AJR73324503,4,0,3,1,0,정합
AJR73326631,6,0,5,1,0,정합
AJR73327001,9,0,8,1,0,정합
AJR73327002,9,0,8,1,0,정합
AJR73327007,15,5,9,1,0,정합
AJR73342803,5,0,4,1,0,정합
AJR73364001,8,2,5,1,0,정합
AJR73364004,3,0,2,1,0,정합
AJR73364007,3,0,2,1,0,정합
AJR73364601,4,0,3,1,0,정합
AJR73382901,6,0,5,1,0,정합
AJR73382904,6,0,5,1,0,정합
AJR73564001,6,0,5,1,0,정합
AJR73767208,6,0,5,1,0,정합
AJR73786401,6,0,5,1,0,정합
AJR73786408,6,0,5,1,0,정합
AJR73803001,8,2,5,1,0,정합
AJR73803002,8,2,5,1,0,정합
AJR73804305,6,0,5,1,0,정합
AJR73822503,13,0,12,1,0,정합
AJR73822513,15,0,14,1,0,정합
AJR73823002,8,0,7,1,0,정합
AJR73824601,7,0,6,1,0,정합
AJR73952001,7,0,6,1,0,정합
AJR73952005,11,0,10,1,0,정합
AJR73952006,6,0,5,1,0,정합
AJR73952007,10,0,9,1,0,정합
AJR73952502,11,8,2,1,0,정합
AJR73952503,10,5,4,1,0,정합
AJR73952509,10,4,5,1,0,정합
AJR73952510,11,4,6,1,0,정합
AJR73952511,12,4,7,1,0,정합
AJR73964301,5,0,4,1,0,정합
AJR73965502,8,0,7,1,0,정합
AJR73965505,10,7,2,1,0,정합
AJR73965506,8,7,0,1,0,정합
AJR73973707,6,0,5,1,0,정합
AJR73984806,14,0,13,1,0,정합
AJR73988201,6,0,5,1,0,정합
AJR74005801,6,0,5,1,0,정합
AJR74043402,7,0,6,1,0,정합
AJR74043406,4,0,3,1,0,정합
AJR74043408,8,0,7,1,0,정합
AJR74162504,5,0,4,1,0,정합
AJR74165705,3,0,2,1,0,정합
AJR74203404,13,3,9,1,0,정합
AJR74224101,4,0,3,1,0,정합
AJR74224202,6,0,5,1,0,정합
AJR74229901,7,0,6,1,0,정합
AJR74229902,7,0,6,1,0,정합
AJR74230302,4,0,3,1,0,정합
AJR74242401,7,0,6,1,0,정합
AJR74242408,6,0,5,1,0,정합
AJR74242501,8,0,7,1,0,정합
AJR74242504,11,0,10,1,0,정합
AJR74242509,6,0,5,1,0,정합
AJR74242510,7,0,6,1,0,정합
AJR74242512,10,0,9,1,0,정합
AJR74242514,10,0,9,1,0,정합
AJR74242520,7,0,6,1,0,정합
AJR74243301,4,0,3,1,0,정합
AJR74263316,14,8,4,2,0,정합
AJR74263401,9,0,8,1,0,정합
AJR74263402,8,0,7,1,0,정합
AJR74266005,21,16,3,2,0,정합
AJR74284505,13,2,10,1,0,정합
AJR74364901,8,4,3,1,0,정합
AJR74364902,8,5,2,1,0,정합
AJR74364903,7,5,1,1,0,정합
AJR74364904,9,4,4,1,0,정합
AJR74364911,7,5,1,1,0,정합
AJR74364912,5,3,1,1,0,정합
AJR74364917,7,0,6,1,0,정합
AJR74364918,8,4,3,1,0,정합
AJR74364919,7,5,1,1,0,정합
AJR74364920,8,4,3,1,0,정합
AJR74364921,7,5,1,1,0,정합
AJR74364922,7,5,1,1,0,정합
AJR74364923,6,4,1,1,0,정합
AJR74364924,6,4,1,1,0,정합
AJR74364925,8,2,5,1,0,정합
AJR74423601,10,0,9,1,0,정합
AJR74424616,7,0,6,1,0,정합
AJR74465905,16,0,14,2,0,정합
AJR74482601,9,0,8,1,0,정합
AJR74482801,11,0,10,1,0,정합
AJR74504701,3,0,2,1,0,정합
AJR74504801,4,0,3,1,0,정합
AJR74662702,13,0,11,2,0,정합
AJR74702801,4,0,3,1,0,정합
AJR74803001,19,3,14,2,0,정합
AJR74803002,17,0,15,2,0,정합
AJR74843701,13,0,11,2,0,정합
AJR74843702,14,0,12,2,0,정합
AJR74844101,11,2,7,2,0,정합
AJR74844102,17,2,13,2,0,정합
AJR74844301,12,2,8,2,0,정합
AJR74844309,15,2,11,2,0,정합
AJR74844312,18,2,14,2,0,정합
AJR74844313,17,2,13,2,0,정합
AJR74844314,12,2,8,2,0,정합
AJR74844315,17,2,13,2,0,정합
AJR74844317,18,0,16,2,0,정합
AJR74844319,17,2,13,2,0,정합
AJR74863102,8,0,7,1,0,정합
AJR74923004,19,2,15,2,0,정합
AJR74962901,14,2,10,2,0,정합
AJR74962906,20,2,16,2,0,정합
AJR74962907,21,2,17,2,0,정합
AJR74963101,12,3,7,2,0,정합
AJR74964804,15,0,14,1,0,정합
AJR74964807,19,0,18,1,0,정합
AJR75104018,8,2,5,1,0,정합
AJR75104030,13,0,12,1,0,정합
AJR75462803,13,5,7,1,0,정합
AJR75463002,15,0,14,1,0,정합
AJR75463003,16,0,15,1,0,정합
AJR75464301,13,2,9,2,0,정합
AJR75464302,16,2,12,2,0,정합
AJR75543801,5,0,4,1,0,정합
AJR75544608,11,0,10,1,0,정합
AJR75545702,7,0,6,1,0,정합
AJR75545703,7,0,6,1,0,정합
AJR75563401,12,5,6,1,0,정합
AJR75563501,13,5,7,1,0,정합
AJR75563503,18,16,1,1,0,정합
AJR75563504,13,5,7,1,0,정합
AJR75584502,7,4,2,1,0,정합
AJR75623701,18,0,17,1,0,정합
AJR75623703,18,0,17,1,0,정합
AJR75702302,5,0,4,1,0,정합
AJR75709903,4,0,3,1,0,정합
AJR75710506,10,2,7,1,0,정합
AJR75711401,8,0,7,1,0,정합
AJR75727201,7,0,6,1,0,정합
AJR75743201,6,0,5,1,0,정합
AJR75743209,4,0,3,1,0,정합
AJR75744102,7,0,6,1,0,정합
AJR75744115,5,0,4,1,0,정합
AJR75744137,6,0,5,1,0,정합
AJR75744140,7,0,6,1,0,정합
AJR75744401,24,2,20,2,0,정합
AJR75744501,18,0,17,1,0,정합
AJR75744512,20,0,19,1,0,정합
AJR75744535,18,4,13,1,0,정합
AJR75763701,5,3,1,1,0,정합
AJR75782901,8,0,7,1,0,정합
AJR75786301,25,14,10,1,0,정합
AJR75786302,25,14,10,1,0,정합
AJR75802501,12,5,6,1,0,정합
AJR76302601,10,0,9,1,0,정합
AJR76442506,9,7,0,2,0,정합
AJR76442507,9,7,0,2,0,정합
AJR76502606,18,7,10,1,0,정합
AJR76522501,9,0,8,1,0,정합
AJR76523003,9,0,8,1,0,정합
AJR76523027,14,0,13,1,0,정합
AJR76562811,6,5,0,1,0,정합
AJR76602401,13,2,10,1,0,정합
AJR76663202,14,2,10,2,0,정합
AJR76663205,16,2,12,2,0,정합
AJR76663207,16,2,12,2,0,정합
AJR76742307,17,2,13,2,0,정합
AJR76742308,17,2,13,2,0,정합
AJR76742309,19,2,15,2,0,정합
AJR76742311,17,0,15,2,0,정합
AJR76742313,17,2,13,2,0,정합
AJR76742315,19,0,17,2,0,정합
AJR76823001,12,2,9,1,0,정합
AJR76882501,5,0,4,1,0,정합
AJR76882502,4,0,3,1,0,정합
AJR77082401,7,0,6,1,0,정합
AJR77082501,7,0,6,1,0,정합
AJR77143101,6,0,5,1,0,정합
AJR77145701,7,0,6,1,0,정합
AJR77145702,8,0,7,1,0,정합
AJR77167310,14,7,5,2,0,정합
AJR77167312,12,7,3,2,0,정합
AJR77170901,9,0,8,1,0,정합
AJR77170902,9,0,8,1,0,정합
AJR77182401,5,0,4,1,0,정합
AJR77182404,3,0,2,1,0,정합
AJR77182405,7,0,6,1,0,정합
AJR77182406,5,0,4,1,0,정합
AJR77182601,3,0,2,1,0,정합
AJR77182602,3,0,2,1,0,정합
AJR77189106,17,2,13,2,0,정합
AJR77203703,3,0,2,1,0,정합
AJR77222906,8,0,7,1,0,정합
AJR77223106,6,0,4,2,0,정합
AJR77282405,10,0,9,1,0,정합
5211A10480A,2,0,2,0,0,정합
5211A10480C,2,0,2,0,0,정합
AAB35754001,6,0,6,0,0,정합
AEG74589804,6,5,1,0,0,정합
AGF04226601,2,0,2,0,0,정합
AGF04226602,2,0,2,0,0,정합
AGF30024008,2,0,2,0,0,정합
AGF30058402,2,0,2,0,0,정합
AGF30058403,2,0,2,0,0,정합
AGF30058404,2,0,2,0,0,정합
AGF30058407,2,0,2,0,0,정합
AGF30444802,2,0,2,0,0,정합
AGF30444804,2,0,2,0,0,정합
AJJ32486326,7,0,7,0,0,정합
AJJ73040808,7,4,3,0,0,정합
AJJ73040819,7,4,3,0,0,정합
AJJ73898621,5,0,5,0,0,정합
AJJ73898629,4,0,4,0,0,정합
AJJ75358423,7,0,7,0,0,정합
AJJ75358432,9,0,9,0,0,정합
AJJ75358444,8,0,8,0,0,정합
AJJ75358446,8,0,8,0,0,정합
AJJ75358447,8,0,8,0,0,정합
AJJ75639402,9,0,9,0,0,정합
AJJ75639406,3,0,3,0,0,정합
AJJ75639408,4,0,4,0,0,정합
AJJ75698804,7,5,2,0,0,정합
AJJ75698806,9,5,4,0,0,정합
AJJ75838622,8,0,8,0,0,정합
AJJ75838624,8,0,8,0,0,정합
AJJ75838625,8,0,8,0,0,정합
AJL74852201,6,0,6,0,0,정합
AJR30011201,4,0,4,0,0,정합
AJR30025101,6,0,6,0,0,정합
AJR30025104,4,0,4,0,0,정합
AJR30025105,4,0,4,0,0,정합
AJR30025401,11,0,11,0,0,정합
AJR30025501,11,0,11,0,0,정합
AJR30025601,4,0,4,0,0,정합
AJR30025701,4,0,4,0,0,정합
AJR30058801,5,0,5,0,0,정합
AJR30060704,7,5,2,0,0,정합
AJR30060707,10,7,3,0,0,정합
AJR30061101,3,0,3,0,0,정합
AJR30061301,1,0,1,0,0,정합
AJR30061302,2,0,2,0,0,정합
AJR30061305,4,0,4,0,0,정합
AJR30063602,7,0,7,0,0,정합
AJR30071101,28,1,27,0,0,정합
AJR30071102,30,1,29,0,0,정합
AJR30079101,22,0,22,0,0,정합
AJR30079201,10,0,10,0,0,정합
AJR30079301,5,0,5,0,0,정합
AJR30079401,3,0,3,0,0,정합
AJR30083901,4,0,4,0,0,정합
AJR30089601,8,5,3,0,0,정합
AJR30089602,8,6,2,0,0,정합
AJR30089603,8,6,2,0,0,정합
AJR30089604,8,5,3,0,0,정합
AJR30100102,16,2,14,0,0,정합
AJR30118201,10,2,8,0,0,정합
AJR30135801,12,11,1,0,0,정합
AJR30138101,12,0,12,0,0,정합
AJR30138102,12,0,12,0,0,정합
AJR30138103,12,0,12,0,0,정합
AJR30138104,12,0,12,0,0,정합
AJR30138202,10,0,10,0,0,정합
AJR30138203,9,0,9,0,0,정합
AJR30138301,13,0,13,0,0,정합
AJR30138302,13,0,13,0,0,정합
AJR30175001,4,0,4,0,0,정합
AJR30175201,3,0,3,0,0,정합
AJR35938603,6,0,6,0,0,정합
AJR36541603,12,4,8,0,0,정합
AJR52737629,6,0,6,0,0,정합
AJR72572902,6,0,6,0,0,정합
AJR73326623,6,0,6,0,0,정합
AJR73326638,4,0,4,0,0,정합
AJR73326639,9,0,9,0,0,정합
AJR73342801,2,0,2,0,0,정합
AJR74485504,3,0,3,0,0,정합
AJR74643301,2,0,2,0,0,정합
AJR74663701,2,0,2,0,0,정합
AJR74803534,9,0,9,0,0,정합
AJR74803535,9,0,9,0,0,정합
AJR74803536,9,6,3,0,0,정합
AJR75102405,7,5,2,0,0,정합
AJR75142601,14,1,13,0,0,정합
AJR75142604,14,1,13,0,0,정합
AJR75163204,14,1,13,0,0,정합
AJR75243119,3,0,3,0,0,정합
AJR75245201,5,0,5,0,0,정합
AJR75464702,5,0,5,0,0,정합
AJR75605102,2,0,2,0,0,정합
AJR75605104,1,0,1,0,0,정합
AJR75645604,4,0,4,0,0,정합
AJR75645605,4,0,4,0,0,정합
AJR75645701,7,0,7,0,0,정합
AJR75645801,8,0,8,0,0,정합
AJR75662317,4,0,4,0,0,정합
AJR75662319,4,0,4,0,0,정합
AJR75662327,8,0,8,0,0,정합
AJR75662334,4,0,4,0,0,정합
AJR75662335,5,0,5,0,0,정합
AJR75662337,5,0,5,0,0,정합
AJR75662342,5,0,5,0,0,정합
AJR75662343,4,0,4,0,0,정합
AJR75662345,4,0,4,0,0,정합
AJR75662347,4,0,4,0,0,정합
AJR75662348,4,0,4,0,0,정합
AJR75662349,4,0,4,0,0,정합
AJR75662350,4,0,4,0,0,정합
AJR75713102,5,0,5,0,0,정합
AJR75743204,6,0,6,0,0,정합
AJR75805301,5,0,5,0,0,정합
AJR76164201,3,0,3,0,0,정합
AJR76164202,3,0,3,0,0,정합
AJR76362801,4,0,4,0,0,정합
AJR76442701,2,0,2,0,0,정합
AJR76462622,5,0,5,0,0,정합
AJR76462629,4,0,4,0,0,정합
AJR76462630,4,0,4,0,0,정합
AJR76462632,4,0,4,0,0,정합
AJR76502604,9,4,5,0,0,정합
AJR76502605,18,10,8,0,0,정합
AJR76502612,14,8,6,0,0,정합
AJR76502618,27,0,27,0,0,정합
AJR76502701,19,4,15,0,0,정합
AJR76582501,22,0,22,0,0,정합
AJR76582502,23,0,23,0,0,정합
AJR76822701,6,6,0,0,0,정합
AJR77182801,5,0,5,0,0,정합
AJR77182802,5,0,5,0,0,정합
AJR77182901,5,0,5,0,0,정합
AJR77182902,5,0,5,0,0,정합
AJR77187801,21,0,21,0,0,정합
AJR77187802,20,0,20,0,0,정합
AJR77243601,4,0,4,0,0,정합
