도번,LG부품,LG품명,역할,비고
5211A20349P,4930A20053A,"Holder,Sensor",반제품,
5211A21904M,4930A20053A,"Holder,Sensor",반제품,
5211A22057R,MJU00833201,"Tube,Connector",제작동관,
5211A22057R,MJU00833501,"Tube,Connector",제작동관,
5211A22057S,MJU00833202,"Tube,Connector",제작동관,
5211A22057S,MJU00833502,"Tube,Connector",제작동관,
ADM72950704,4930A20053A,"Holder,Sensor",반제품,
ADM73210501,4930A20053A,"Holder,Sensor",반제품,
ADM73210515,AJR76462624,Tube Assembly,반제품,
AJJ75178301,AJR75744102,"Tube Assembly,Suction(Ou",반제품,
AJJ75358401,AJJ73898630,Supporter Assembly,반제품,
AJJ75358404,AJJ73898630,Supporter Assembly,반제품,
AJJ75358425,AJJ73898630,Supporter Assembly,반제품,
AJJ75358426,AJJ73898630,Supporter Assembly,반제품,
AJJ75358427,AJJ73898630,Supporter Assembly,반제품,
AJJ75358428,AJJ73898630,Supporter Assembly,반제품,
AJJ75358441,AJR75744140,"Tube Assembly,Suction(Ou",반제품,
AJJ75838620,AJJ73898630,Supporter Assembly,반제품,
AJJ75918509,AJR72946503,"Tube Assembly,Suction(Ou",반제품,
AJJ76418724,MJU66478104,"Tube,Connector",제작동관,
AJJ76559006,MJU66478104,"Tube,Connector",제작동관,
AJJ76595403,AJJ76595404,Supporter Assembly,반제품,
AJJ76595403,AJR30059704,"Tube Assembly,Expansion",반제품,
AJR30001401,4H00049A,"Tube,Pinch Off",제작동관,
AJR30001401,5210A23089A,"Tube,Pinch Off",제작동관,
AJR30004702,4930A20053A,"Holder,Sensor",반제품,
AJR30004702,MJU00697402,"Tube,Manifold",제작동관,
AJR30004702,MJU00697501,"Tube,Connector",제작동관,
AJR30004702,MJU00697502,"Tube,Connector",제작동관,
AJR30007101,4930A20053A,"Holder,Sensor",반제품,
AJR30007101,MJU66760104,"Tube,Connector",제작동관,
AJR30007102,4930A20053A,"Holder,Sensor",반제품,
AJR30007102,MJU66573301,"Tube,Connector",제작동관,
AJR30007102,MJU66760002,"Tube,Connector",제작동관,
AJR30007102,MJU66760003,"Tube,Connector",제작동관,
AJR30007102,MJU66760004,"Tube,Connector",제작동관,
AJR30007102,MJU66760102,"Tube,Connector",제작동관,
AJR30007103,4930A20053A,"Holder,Sensor",반제품,
AJR30007103,MJU64671101,"Tube,Connector",제작동관,
AJR30007103,MJU64671102,"Tube,Connector",제작동관,
AJR30007103,MJU64671103,"Tube,Connector",제작동관,
AJR30007103,MJU64671104,"Tube,Connector",제작동관,
AJR30007103,MJU64671105,"Tube,Connector",제작동관,
AJR30007103,MJU64671109,"Tube,Connector",제작동관,
AJR30007103,MJU66571301,"Tube,Connector",제작동관,
AJR30007103,MJU66571302,"Tube,Connector",제작동관,
AJR30007103,MJU66571304,"Tube,Connector",제작동관,
AJR30007103,MJU66571305,"Tube,Connector",제작동관,
AJR30007103,MJU66571306,"Tube,Connector",제작동관,
AJR30007104,4930A20053A,"Holder,Sensor",반제품,
AJR30007104,MJU64671101,"Tube,Connector",제작동관,
AJR30007104,MJU64671102,"Tube,Connector",제작동관,
AJR30007104,MJU64671104,"Tube,Connector",제작동관,
AJR30007104,MJU64671105,"Tube,Connector",제작동관,
AJR30007104,MJU64671109,"Tube,Connector",제작동관,
AJR30007104,MJU66571302,"Tube,Connector",제작동관,
AJR30007104,MJU66571305,"Tube,Connector",제작동관,
AJR30007104,MJU66571306,"Tube,Connector",제작동관,
AJR30007105,4930A20053A,"Holder,Sensor",반제품,
AJR30007105,MJU64671101,"Tube,Connector",제작동관,
AJR30007105,MJU64671102,"Tube,Connector",제작동관,
AJR30007105,MJU64671104,"Tube,Connector",제작동관,
AJR30007105,MJU64671105,"Tube,Connector",제작동관,
AJR30007105,MJU64671109,"Tube,Connector",제작동관,
AJR30007105,MJU66571301,"Tube,Connector",제작동관,
AJR30007105,MJU66571302,"Tube,Connector",제작동관,
AJR30007105,MJU66571304,"Tube,Connector",제작동관,
AJR30007105,MJU66571305,"Tube,Connector",제작동관,
AJR30007105,MJU66571306,"Tube,Connector",제작동관,
AJR30007106,4930A20053A,"Holder,Sensor",반제품,
AJR30008201,4H00049A,"Tube,Pinch Off",제작동관,
AJR30012008,MJU66773001,"Tube,Connector",제작동관,
AJR30012009,MJU65966728,"Tube,Connector",제작동관,
AJR30012009,MJU66774606,"Tube,Connector",제작동관,
AJR30012009,MJU66774607,"Tube,Connector",제작동관,
AJR30012010,MJU65966728,"Tube,Connector",제작동관,
AJR30012010,MJU66774606,"Tube,Connector",제작동관,
AJR30012010,MJU66774607,"Tube,Connector",제작동관,
AJR30012011,MJU65966728,"Tube,Connector",제작동관,
AJR30012011,MJU66774606,"Tube,Connector",제작동관,
AJR30012011,MJU66774607,"Tube,Connector",제작동관,
AJR30012012,MJU66773001,"Tube,Connector",제작동관,
AJR30012101,4930A20053A,"Holder,Sensor",반제품,
AJR30012102,4930A20053A,"Holder,Sensor",반제품,
AJR30020701,4H00049A,"Tube,Pinch Off",제작동관,
AJR30027701,MJU66749006,"Tube,Connector",제작동관,
AJR30027701,MJU66749101,"Tube,Connector",제작동관,
AJR30027701,MJU66800402,"Tube,Connector",제작동관,
AJR30027701,MJU66800403,"Tube,Connector",제작동관,
AJR30027701,MJU66800404,"Tube,Connector",제작동관,
AJR30027703,MJU66749301,"Tube,Connector",제작동관,
AJR30027705,MJU66749006,"Tube,Connector",제작동관,
AJR30027705,MJU66749101,"Tube,Connector",제작동관,
AJR30027705,MJU66800403,"Tube,Connector",제작동관,
AJR30027705,MJU66800404,"Tube,Connector",제작동관,
AJR30027705,MJU66800405,"Tube,Connector",제작동관,
AJR30027707,MJU66749301,"Tube,Connector",제작동관,
AJR30027710,MJU66749006,"Tube,Connector",제작동관,
AJR30027710,MJU66749101,"Tube,Connector",제작동관,
AJR30027710,MJU66800403,"Tube,Connector",제작동관,
AJR30027710,MJU66800404,"Tube,Connector",제작동관,
AJR30027710,MJU66800405,"Tube,Connector",제작동관,
AJR30027712,MJU66749301,"Tube,Connector",제작동관,
AJR30027713,MJU66749006,"Tube,Connector",제작동관,
AJR30027713,MJU66749101,"Tube,Connector",제작동관,
AJR30027713,MJU66800402,"Tube,Connector",제작동관,
AJR30027713,MJU66800403,"Tube,Connector",제작동관,
AJR30027713,MJU66800404,"Tube,Connector",제작동관,
AJR30027715,MJU66749301,"Tube,Connector",제작동관,
AJR30037603,5210A30334L,"Tube,Pinch Off",제작동관,
AJR30037604,5210A30334L,"Tube,Pinch Off",제작동관,
AJR30038101,MJU66824505,"Tube,Connector",제작동관,
AJR30038101,MJU66824602,"Tube,Connector",제작동관,
AJR30038101,MJU66824603,"Tube,Connector",제작동관,
AJR30065822,4930A20053A,"Holder,Sensor",반제품,
AJR30065823,4930A20053A,"Holder,Sensor",반제품,
AJR30065824,4930A20053A,"Holder,Sensor",반제품,
AJR30065901,AJR73665401,"Tube Assembly,Evaporator",반제품,
AJR30065902,AJR73743901,"Tube Assembly,Evaporator",반제품,
AJR30075101,4930A20053A,"Holder,Sensor",반제품,
AJR30075401,4930A20053A,"Holder,Sensor",반제품,
AJR30075401,4A00114D,"Tube,Connector",제작동관,
AJR30075401,MJC62721914,Strainer,제작동관,
AJR30075401,MJU66779319,"Tube,Connector",제작동관,
AJR30075401,MJU66894824,"Tube,Connector",제작동관,
AJR30075401,MJU66894825,"Tube,Connector",제작동관,
AJR30075401,MJU66928302,"Tube,Connector",제작동관,
AJR30075401,MJU66928303,"Tube,Connector",제작동관,
AJR30075401,MJU66928304,"Tube,Connector",제작동관,
AJR30075401,MJU66928305,"Tube,Connector",제작동관,
AJR30075401,MJU66928307,"Tube,Connector",제작동관,
AJR30075401,MJU66928308,"Tube,Connector",제작동관,
AJR30075401,MJU66928310,"Tube,Connector",제작동관,
AJR30075401,MJU66928311,"Tube,Connector",제작동관,
AJR30078601,4H00049A,"Tube,Pinch Off",제작동관,
AJR30078701,4H00049A,"Tube,Pinch Off",제작동관,
AJR30078702,4H00049A,"Tube,Pinch Off",제작동관,
AJR30083101,MJU00892201,"Tube,Connector",제작동관,
AJR30083101,MJU00893412,"Tube,Connector",제작동관,
AJR30083101,MJU66466401,"Tube,Connector",제작동관,
AJR30083102,5211A22074A,"Tube Assembly,Connector",반제품,
AJR30083102,MJU00892201,"Tube,Connector",제작동관,
AJR30083102,MJU00893412,"Tube,Connector",제작동관,
AJR30083102,MJU66466401,"Tube,Connector",제작동관,
AJR30102201,4930A20053A,"Holder,Sensor",반제품,
AJR30106101,4A00114D,"Tube,Connector",제작동관,
AJR30106101,MJU66932515,"Tube,Connector",제작동관,
AJR30106101,MJU66932528,"Tube,Connector",제작동관,
AJR30106101,MJU66932531,"Tube,Connector",제작동관,
AJR30116701,4H00049A,"Tube,Pinch Off",제작동관,
AJR30125601,MJU00752801,"Tube,Connector",제작동관,
AJR30125601,MJU00752802,"Tube,Connector",제작동관,
AJR30125601,MJU00752901,"Tube,Connector",제작동관,
AJR30125601,MJU00776505,"Tube,Connector",제작동관,
AJR30125601,MJU00776701,"Tube,Connector",제작동관,
AJR30125601,MJU00776705,"Tube,Connector",제작동관,
AJR30125601,MJU00776713,"Tube,Connector",제작동관,
AJR30125601,MJU00776714,"Tube,Connector",제작동관,
AJR30125601,MJU66478405,"Tube,Connector",제작동관,
AJR30125601,MJU66478704,"Tube,Connector",제작동관,
AJR30125601,MJU66478902,"Tube,Connector",제작동관,
AJR30125601,MJU66479001,"Tube,Connector",제작동관,
AJR30125601,MJU66479002,"Tube,Connector",제작동관,
AJR30125601,MJU66904602,"Tube,Connector",제작동관,
AJR30125601,MJU66904603,"Tube,Connector",제작동관,
AJR30125601,MJU66904605,"Tube,Connector",제작동관,
AJR30125602,MJU00752901,"Tube,Connector",제작동관,
AJR30125603,MJU00752801,"Tube,Connector",제작동관,
AJR30125603,MJU00752802,"Tube,Connector",제작동관,
AJR30125603,MJU00752901,"Tube,Connector",제작동관,
AJR30125603,MJU00776505,"Tube,Connector",제작동관,
AJR30125603,MJU00776701,"Tube,Connector",제작동관,
AJR30125603,MJU00776713,"Tube,Connector",제작동관,
AJR30125603,MJU00776714,"Tube,Connector",제작동관,
AJR30125603,MJU66478704,"Tube,Connector",제작동관,
AJR30125603,MJU66478902,"Tube,Connector",제작동관,
AJR30125603,MJU66479002,"Tube,Connector",제작동관,
AJR30125603,MJU66904602,"Tube,Connector",제작동관,
AJR30125603,MJU66904603,"Tube,Connector",제작동관,
AJR30133602,MJU00777113,"Tube,Connector",제작동관,
AJR30133602,MJU00777609,"Tube,Connector",제작동관,
AJR30133602,MJU00777610,"Tube,Connector",제작동관,
AJR30133602,MJU66853321,"Tube,Connector",제작동관,
AJR30133604,MJU00776712,"Tube,Connector",제작동관,
AJR30133604,MJU00777604,"Tube,Connector",제작동관,
AJR30133604,MJU00777605,"Tube,Connector",제작동관,
AJR30133604,MJU66853322,"Tube,Connector",제작동관,
AJR30133604,MJU66853324,"Tube,Connector",제작동관,
AJR30133605,MJU00777001,"Tube,Connector",제작동관,
AJR30133605,MJU00777012,"Tube,Connector",제작동관,
AJR30133605,MJU00777102,"Tube,Connector",제작동관,
AJR30133605,MJU65528010,"Tube,Connector",제작동관,
AJR30133605,MJU66749301,"Tube,Connector",제작동관,
AJR30133605,MJU66853321,"Tube,Connector",제작동관,
AJR30133606,MJU00777113,"Tube,Connector",제작동관,
AJR30133606,MJU00777609,"Tube,Connector",제작동관,
AJR30133606,MJU00777610,"Tube,Connector",제작동관,
AJR30133606,MJU66853321,"Tube,Connector",제작동관,
AJR30133607,MJU66853322,"Tube,Connector",제작동관,
AJR30133701,MJU00776604,"Tube,Connector",제작동관,
AJR30133701,MJU00776606,"Tube,Connector",제작동관,
AJR30133701,MJU00776607,"Tube,Connector",제작동관,
AJR30133701,MJU00776608,"Tube,Connector",제작동관,
AJR30133701,MJU00776609,"Tube,Connector",제작동관,
AJR30133701,MJU00776610,"Tube,Connector",제작동관,
AJR30133701,MJU00776611,"Tube,Connector",제작동관,
AJR30133701,MJU00776612,"Tube,Connector",제작동관,
AJR30133701,MJU00776614,"Tube,Connector",제작동관,
AJR30133701,MJU00777301,"Tube,Connector",제작동관,
AJR30133701,MJU00777302,"Tube,Connector",제작동관,
AJR30133701,MJU65528010,"Tube,Connector",제작동관,
AJR30133701,MJU65528065,"Tube,Connector",제작동관,
AJR30133701,MJU66503306,"Tube,Connector",제작동관,
AJR30133701,MJU66853301,"Tube,Connector",제작동관,
AJR30133701,MJU66853304,"Tube,Connector",제작동관,
AJR30133702,MJU00776604,"Tube,Connector",제작동관,
AJR30133702,MJU00776606,"Tube,Connector",제작동관,
AJR30133702,MJU00776607,"Tube,Connector",제작동관,
AJR30133702,MJU00776608,"Tube,Connector",제작동관,
AJR30133702,MJU00776609,"Tube,Connector",제작동관,
AJR30133702,MJU00776610,"Tube,Connector",제작동관,
AJR30133702,MJU00776611,"Tube,Connector",제작동관,
AJR30133702,MJU00776612,"Tube,Connector",제작동관,
AJR30133702,MJU00776614,"Tube,Connector",제작동관,
AJR30133702,MJU00777105,"Tube,Connector",제작동관,
AJR30133702,MJU00777303,"Tube,Connector",제작동관,
AJR30133702,MJU00777304,"Tube,Connector",제작동관,
AJR30133702,MJU65528009,"Tube,Connector",제작동관,
AJR30133702,MJU65528066,"Tube,Connector",제작동관,
AJR30133702,MJU66503306,"Tube,Connector",제작동관,
AJR30133702,MJU66853304,"Tube,Connector",제작동관,
AJR30133703,MJU00777105,"Tube,Connector",제작동관,
AJR30133703,MJU00777305,"Tube,Connector",제작동관,
AJR30133703,MJU00777306,"Tube,Connector",제작동관,
AJR30133703,MJU00855303,"Tube,Connector",제작동관,
AJR30133703,MJU00855304,"Tube,Connector",제작동관,
AJR30133703,MJU00855305,"Tube,Connector",제작동관,
AJR30133703,MJU00855308,"Tube,Connector",제작동관,
AJR30133703,MJU00855309,"Tube,Connector",제작동관,
AJR30133703,MJU00855310,"Tube,Connector",제작동관,
AJR30133703,MJU65528009,"Tube,Connector",제작동관,
AJR30133703,MJU65528066,"Tube,Connector",제작동관,
AJR30133703,MJU66503307,"Tube,Connector",제작동관,
AJR30133703,MJU66853304,"Tube,Connector",제작동관,
AJR30133709,MJU00777313,"Tube,Connector",제작동관,
AJR30133709,MJU00777315,"Tube,Connector",제작동관,
AJR30133709,MJU00855303,"Tube,Connector",제작동관,
AJR30133709,MJU00855304,"Tube,Connector",제작동관,
AJR30133709,MJU00873804,"Tube,Connector",제작동관,
AJR30133709,MJU65528010,"Tube,Connector",제작동관,
AJR30133709,MJU66503308,"Tube,Connector",제작동관,
AJR30133709,MJU66853301,"Tube,Connector",제작동관,
AJR30133709,MJU66853304,"Tube,Connector",제작동관,
AJR30161402,MJU00855804,"Tube,Connector",제작동관,
AJR30161404,MJU65528066,"Tube,Connector",제작동관,
AJR30161405,MJU00855818,"Tube,Connector",제작동관,
AJR30161405,MJU00873804,"Tube,Connector",제작동관,
AJR30161406,MJU65528065,"Tube,Connector",제작동관,
AJR30161408,MJU65528065,"Tube,Connector",제작동관,
AJR30167201,MJU00780003,"Tube,Connector",제작동관,
AJR30359801,4930A20053A,"Holder,Sensor",반제품,
AJR32563602,4930A20053A,"Holder,Sensor",반제품,
AJR32846402,4H00049A,"Tube,Pinch Off",제작동관,
AJR34511808,4930A20053A,"Holder,Sensor",반제품,
AJR34565827,MJU64093707,"Tube,Condenser",제작동관,
AJR34565827,MJU64093708,"Tube,Condenser",제작동관,
AJR34565827,MJU64093709,"Tube,Condenser",제작동관,
AJR34565827,MJU64093710,"Tube,Condenser",제작동관,
AJR34739801,5210A20322H,"Tube,Pinch Off",제작동관,
AJR34739820,4H00049A,"Tube,Pinch Off",제작동관,
AJR34739821,4H00049A,"Tube,Pinch Off",제작동관,
AJR35724301,4H00049A,"Tube,Pinch Off",제작동관,
AJR35938601,MJU41496102,"Tube,Discharge",제작동관,
AJR35938601,MJU41496302,"Tube,Discharge",제작동관,
AJR36013006,4930A20053A,"Holder,Sensor",반제품,
AJR36013006,EBF40271401,"Switch,Pressure",반제품,
AJR36013007,4930A20053A,"Holder,Sensor",반제품,
AJR36089801,4H00049A,"Tube,Pinch Off",제작동관,
AJR36479502,MJU42132502,"Tube,Connector",제작동관,
AJR36479502,MJU42132503,"Tube,Connector",제작동관,
AJR36479508,MJU42132502,"Tube,Connector",제작동관,
AJR36479508,MJU42132503,"Tube,Connector",제작동관,
AJR37048418,MJU61920205,"Tube,Connector",제작동관,
AJR37103404,4930A20053A,"Holder,Sensor",반제품,
AJR37103404,4H00049A,"Tube,Pinch Off",제작동관,
AJR37161107,4H00049A,"Tube,Pinch Off",제작동관,
AJR37161108,4H00049A,"Tube,Pinch Off",제작동관,
AJR55707008,MJU47978301,"Tube,Connector",제작동관,
AJR55707008,MJU47978302,"Tube,Connector",제작동관,
AJR62820102,4H00049A,"Tube,Pinch Off",제작동관,
AJR65507613,4930A20053A,"Holder,Sensor",반제품,
AJR65507704,4930A20053A,"Holder,Sensor",반제품,
AJR65507704,5211A22074A,"Tube Assembly,Connector",반제품,
AJR65507705,4930A20053A,"Holder,Sensor",반제품,
AJR65507708,4930A20053A,"Holder,Sensor",반제품,
AJR65507709,4930A20053A,"Holder,Sensor",반제품,
AJR65507710,4930A20053A,"Holder,Sensor",반제품,
AJR65507715,4930A20053A,"Holder,Sensor",반제품,
AJR65507716,4930A20053A,"Holder,Sensor",반제품,
AJR65507720,4930A20053A,"Holder,Sensor",반제품,
AJR65507720,5211A22074A,"Tube Assembly,Connector",반제품,
AJR65507726,4930A20053A,"Holder,Sensor",반제품,
AJR65507732,4930A20053A,"Holder,Sensor",반제품,
AJR65507732,5211A22074A,"Tube Assembly,Connector",반제품,
AJR65507733,4930A20053A,"Holder,Sensor",반제품,
AJR65507733,MJU63001003,"Tube,Connector",제작동관,
AJR72367603,MJU61721901,"Tube,Connector",제작동관,
AJR72367604,MJU61721901,"Tube,Connector",제작동관,
AJR72367702,4H00049A,"Tube,Pinch Off",제작동관,
AJR72367702,MJU61391901,"Tube,Connector",제작동관,
AJR72367702,MJU61721901,"Tube,Connector",제작동관,
AJR72572908,4H00049A,"Tube,Pinch Off",제작동관,
AJR72914502,4930A20053A,"Holder,Sensor",반제품,
AJR72914508,4930A20053A,"Holder,Sensor",반제품,
AJR72914511,4930A20053A,"Holder,Sensor",반제품,
AJR72928401,4930A20053A,"Holder,Sensor",반제품,
AJR72928401,5210A22841A,"Tube,Coupling",반제품,
AJR72928401,MJU61885601,"Tube,Connector",제작동관,
AJR72928402,5210A22841A,"Tube,Coupling",반제품,
AJR72928402,MJU61885601,"Tube,Connector",제작동관,
AJR72933701,4A00114D,"Tube,Connector",제작동관,
AJR72933701,4H00049A,"Tube,Pinch Off",제작동관,
AJR72933701,MJU61873701,"Tube,Connector",제작동관,
AJR72933701,MJU61892301,"Tube,Connector",제작동관,
AJR72933701,MJU61892401,"Tube,Connector",제작동관,
AJR72937701,4930A20053A,"Holder,Sensor",반제품,
AJR72937701,4H00049A,"Tube,Pinch Off",제작동관,
AJR72937701,AJR36904201,"Tube Assembly,Expansion",반제품,
AJR72937701,AJR72942901,"Tube Assembly,Connector",반제품,
AJR72942401,4H00049A,"Tube,Pinch Off",제작동관,
AJR72946422,4930A20053A,"Holder,Sensor",반제품,
AJR72946424,4930A20053A,"Holder,Sensor",반제품,
AJR72946805,4H00049A,"Tube,Pinch Off",제작동관,
AJR72946806,4H00049A,"Tube,Pinch Off",제작동관,
AJR72952503,MJU62097401,"Tube,Connector",제작동관,
AJR72952603,MJU62097401,"Tube,Connector",제작동관,
AJR72953103,4930A20053A,"Holder,Sensor",반제품,
AJR72954701,4H00049A,"Tube,Pinch Off",제작동관,
AJR72954801,4930A20053A,"Holder,Sensor",반제품,
AJR72954801,5224A20005M,Strainer,반제품,
AJR72954801,MJU53401202,"Tube,Connector",제작동관,
AJR72957301,4930A20053A,"Holder,Sensor",반제품,
AJR72957305,4930A20053A,"Holder,Sensor",반제품,
AJR72957305,5210A22841A,"Tube,Coupling",반제품,
AJR72982303,4H00901F,"Tube,Connector",제작동관,
AJR72982303,MJU61987003,"Tube,Connector",제작동관,
AJR72982303,MJU67003101,"Tube,Connector",제작동관,
AJR73005001,4930A20053A,"Holder,Sensor",반제품,
AJR73023601,MJU62030601,"Tube,Connector",제작동관,
AJR73023601,MJU62030701,"Tube,Connector",제작동관,
AJR73023801,MAZ61902210,Bracket,반제품,
AJR73065501,4930A20053A,"Holder,Sensor",반제품,
AJR73222701,4H00049A,"Tube,Pinch Off",제작동관,
AJR73222702,4H00049A,"Tube,Pinch Off",제작동관,
AJR73224001,MJU62266801,"Tube,Connector",제작동관,
AJR73326604,4H00049A,"Tube,Pinch Off",제작동관,
AJR73326605,4H00049A,"Tube,Pinch Off",제작동관,
AJR73326607,4H00049A,"Tube,Pinch Off",제작동관,
AJR73326616,4H00049A,"Tube,Pinch Off",제작동관,
AJR73326624,4H00049A,"Tube,Pinch Off",제작동관,
AJR73326629,4H00049A,"Tube,Pinch Off",제작동관,
AJR73326630,4H00049A,"Tube,Pinch Off",제작동관,
AJR73326634,4H00049A,"Tube,Pinch Off",제작동관,
AJR73383001,4H00049A,"Tube,Pinch Off",제작동관,
AJR73562802,4930A20053A,"Holder,Sensor",반제품,
AJR73562802,4H00049A,"Tube,Pinch Off",제작동관,
AJR73562802,EBE60661401,Solenoid,반제품,
AJR73663301,4H00049A,"Tube,Pinch Off",제작동관,
AJR73663302,4H00049A,"Tube,Pinch Off",제작동관,
AJR73682802,4930A20053A,"Holder,Sensor",반제품,
AJR73682803,4930A20053A,"Holder,Sensor",반제품,
AJR73682805,4930A20053A,"Holder,Sensor",반제품,
AJR73703801,4930A20053A,"Holder,Sensor",반제품,
AJR73767304,AJR74488601,"Tube Assembly,Capillary",반제품,
AJR73767511,4930A20053A,"Holder,Sensor",반제품,
AJR73767513,4930A20053A,"Holder,Sensor",반제품,
AJR73767514,4930A20053A,"Holder,Sensor",반제품,
AJR73767711,4930A20053A,"Holder,Sensor",반제품,
AJR73767802,4930A20053A,"Holder,Sensor",반제품,
AJR73767802,5210A30334L,"Tube,Pinch Off",제작동관,
AJR73767812,5210A30334L,"Tube,Pinch Off",제작동관,
AJR73767813,4930A20053A,"Holder,Sensor",반제품,
AJR73767818,4930A20053A,"Holder,Sensor",반제품,
AJR73767818,5210A30334L,"Tube,Pinch Off",제작동관,
AJR73767821,4930A20053A,"Holder,Sensor",반제품,
AJR73767821,5210A30334L,"Tube,Pinch Off",제작동관,
AJR73768801,4930A20053A,"Holder,Sensor",반제품,
AJR73768803,4930A20053A,"Holder,Sensor",반제품,
AJR73822512,EAP30616906,"Coil,Expansion",반제품,
AJR73822523,EAP30616906,"Coil,Expansion",반제품,
AJR73822530,EAP62228706,"Coil,Expansion",반제품,
AJR73822530,EBE61441605,Solenoid,반제품,
AJR73822540,MJU41942219,"Tube,Suction",제작동관,
AJR73822540,MJU41942220,"Tube,Suction",제작동관,
AJR73882506,4930A20053A,"Holder,Sensor",반제품,
AJR73882506,5210A30334L,"Tube,Pinch Off",제작동관,
AJR73882508,4930A20053A,"Holder,Sensor",반제품,
AJR73903407,4930A20053A,"Holder,Sensor",반제품,
AJR73909401,4H00049A,"Tube,Pinch Off",제작동관,
AJR73915505,4930A20053A,"Holder,Sensor",반제품,
AJR73915506,4930A20053A,"Holder,Sensor",반제품,
AJR73915511,4930A20053A,"Holder,Sensor",반제품,
AJR73915512,4930A20053A,"Holder,Sensor",반제품,
AJR73945001,4930A20053A,"Holder,Sensor",반제품,
AJR73949101,4930A20053A,"Holder,Sensor",반제품,
AJR73949101,4H00049A,"Tube,Pinch Off",제작동관,
AJR73964609,4930A20053A,"Holder,Sensor",반제품,
AJR73964902,4930A20053A,"Holder,Sensor",반제품,
AJR73964904,4930A20053A,"Holder,Sensor",반제품,
AJR73964905,4930A20053A,"Holder,Sensor",반제품,
AJR73964906,4930A20053A,"Holder,Sensor",반제품,
AJR73965601,4930A20053A,"Holder,Sensor",반제품,
AJR73965601,MJU62788805,"Tube,Connector",제작동관,
AJR73965601,MJU62788807,"Tube,Connector",제작동관,
AJR73965601,MJU62788809,"Tube,Connector",제작동관,
AJR73965601,MJU62789005,"Tube,Capillary Bending",제작동관,
AJR73965601,MJU62789007,"Tube,Capillary Bending",제작동관,
AJR73965601,MJU62922101,"Tube,Connector",제작동관,
AJR73965601,MJU62922103,"Tube,Connector",제작동관,
AJR73965601,MJU62922105,"Tube,Connector",제작동관,
AJR73965601,MJU62922107,"Tube,Connector",제작동관,
AJR73965601,MJU62922109,"Tube,Connector",제작동관,
AJR73965601,MJU62922111,"Tube,Connector",제작동관,
AJR73965601,MJU62922113,"Tube,Connector",제작동관,
AJR73965602,4930A20053A,"Holder,Sensor",반제품,
AJR73965602,MJU62788806,"Tube,Connector",제작동관,
AJR73965602,MJU62788808,"Tube,Connector",제작동관,
AJR73965602,MJU62788810,"Tube,Connector",제작동관,
AJR73965602,MJU62789006,"Tube,Capillary Bending",제작동관,
AJR73965602,MJU62789008,"Tube,Capillary Bending",제작동관,
AJR73965602,MJU62922102,"Tube,Connector",제작동관,
AJR73965602,MJU62922104,"Tube,Connector",제작동관,
AJR73965602,MJU62922106,"Tube,Connector",제작동관,
AJR73965602,MJU62922108,"Tube,Connector",제작동관,
AJR73965602,MJU62922110,"Tube,Connector",제작동관,
AJR73965602,MJU62922112,"Tube,Connector",제작동관,
AJR73965602,MJU62922114,"Tube,Connector",제작동관,
AJR73965606,4930A20053A,"Holder,Sensor",반제품,
AJR73965607,4930A20053A,"Holder,Sensor",반제품,
AJR73965701,4930A20053A,"Holder,Sensor",반제품,
AJR73970512,MJU61848906,"Tube,Connector",제작동관,
AJR73970512,MJU61848910,"Tube,Connector",제작동관,
AJR73970512,MJU63031904,"Tube,Suction",제작동관,
AJR73980306,4930A20053A,"Holder,Sensor",반제품,
AJR73980306,5210A30334L,"Tube,Pinch Off",제작동관,
AJR73980317,4930A20053A,"Holder,Sensor",반제품,
AJR73980317,5210A30334L,"Tube,Pinch Off",제작동관,
AJR73980318,4930A20053A,"Holder,Sensor",반제품,
AJR73980318,4A00114D,"Tube,Connector",제작동관,
AJR73980318,5210A30334L,"Tube,Pinch Off",제작동관,
AJR73980318,MJU63067406,"Tube,Connector",제작동관,
AJR73980318,MJU63067506,"Tube,Connector",제작동관,
AJR73980318,MJU63754101,"Tube,Connector",제작동관,
AJR73980320,4930A20053A,"Holder,Sensor",반제품,
AJR73980320,5210A30334L,"Tube,Pinch Off",제작동관,
AJR73980322,4930A20053A,"Holder,Sensor",반제품,
AJR73980322,5210A30334L,"Tube,Pinch Off",제작동관,
AJR73980323,4930A20053A,"Holder,Sensor",반제품,
AJR73980323,5210A30334L,"Tube,Pinch Off",제작동관,
AJR73981108,AJJ73640107,Supporter Assembly,반제품,
AJR74062502,EAP30616906,"Coil,Expansion",반제품,
AJR74107911,4930A20053A,"Holder,Sensor",반제품,
AJR74107912,4930A20053A,"Holder,Sensor",반제품,
AJR74107915,4930A20053A,"Holder,Sensor",반제품,
AJR74145401,4930A20053A,"Holder,Sensor",반제품,
AJR74145402,4930A20053A,"Holder,Sensor",반제품,
AJR74162501,4H00049A,"Tube,Pinch Off",제작동관,
AJR74162503,4H00049A,"Tube,Pinch Off",제작동관,
AJR74169701,5211A22074A,"Tube Assembly,Connector",반제품,
AJR74204401,4930A20053A,"Holder,Sensor",반제품,
AJR74205202,4H00049A,"Tube,Pinch Off",제작동관,
AJR74207301,4930A20053A,"Holder,Sensor",반제품,
AJR74227601,4H00049A,"Tube,Pinch Off",제작동관,
AJR74230002,5210A30334L,"Tube,Pinch Off",제작동관,
AJR74242301,4H00049A,"Tube,Pinch Off",제작동관,
AJR74242310,4H00049A,"Tube,Pinch Off",제작동관,
AJR74243201,4H00049A,"Tube,Pinch Off",제작동관,
AJR74243204,4H00049A,"Tube,Pinch Off",제작동관,
AJR74243206,4H00049A,"Tube,Pinch Off",제작동관,
AJR74265701,5211A22074A,"Tube Assembly,Connector",반제품,
AJR74282902,4930A20053A,"Holder,Sensor",반제품,
AJR74286001,4930A20053A,"Holder,Sensor",반제품,
AJR74286002,4930A20053A,"Holder,Sensor",반제품,
AJR74288904,4930A20053A,"Holder,Sensor",반제품,
AJR74288904,5210A30334L,"Tube,Pinch Off",제작동관,
AJR74291202,4930A20053A,"Holder,Sensor",반제품,
AJR74364818,MJU63160502,"Tube,Connector",제작동관,
AJR74364818,MJU63160507,"Tube,Connector",제작동관,
AJR74364818,MJU63614801,"Tube,Connector",제작동관,
AJR74364818,MJU63614904,"Tube,Connector",제작동관,
AJR74364818,MJU64027007,"Tube,Connector",제작동관,
AJR74364825,MJU63160502,"Tube,Connector",제작동관,
AJR74364825,MJU63160507,"Tube,Connector",제작동관,
AJR74364825,MJU63614801,"Tube,Connector",제작동관,
AJR74364825,MJU66964501,"Tube,Connector",제작동관,
AJR74364825,MJU66964601,"Tube,Connector",제작동관,
AJR74365101,4930A20053A,"Holder,Sensor",반제품,
AJR74365101,5210A30334L,"Tube,Pinch Off",제작동관,
AJR74365202,4930A20053A,"Holder,Sensor",반제품,
AJR74365205,4930A20053A,"Holder,Sensor",반제품,
AJR74366606,MJU65187806,"Tube,Connector",제작동관,
AJR74366606,MJU65187807,"Tube,Connector",제작동관,
AJR74424501,4H00049A,"Tube,Pinch Off",제작동관,
AJR74424506,4H00049A,"Tube,Pinch Off",제작동관,
AJR74424620,MJU63651002,"Tube,Connector",제작동관,
AJR74424620,MJU63651005,"Tube,Connector",제작동관,
AJR74424620,MJU63651009,"Tube,Connector",제작동관,
AJR74425401,4H00049A,"Tube,Pinch Off",제작동관,
AJR74425403,4H00049A,"Tube,Pinch Off",제작동관,
AJR74425405,4H00049A,"Tube,Pinch Off",제작동관,
AJR74444508,4930A20053A,"Holder,Sensor",반제품,
AJR74444508,4H00049A,"Tube,Pinch Off",제작동관,
AJR74444509,4H00049A,"Tube,Pinch Off",제작동관,
AJR74462301,4930A20053A,"Holder,Sensor",반제품,
AJR74462302,4930A20053A,"Holder,Sensor",반제품,
AJR74462303,4930A20053A,"Holder,Sensor",반제품,
AJR74524709,MJU65028701,"Tube,Connector",제작동관,
AJR74663217,4930A20053A,"Holder,Sensor",반제품,
AJR74683101,4930A20053A,"Holder,Sensor",반제품,
AJR74683101,5210A30334L,"Tube,Pinch Off",제작동관,
AJR74683102,4930A20053A,"Holder,Sensor",반제품,
AJR74683102,5210A30334L,"Tube,Pinch Off",제작동관,
AJR74702901,4930A20053A,"Holder,Sensor",반제품,
AJR74803102,4H00049A,"Tube,Pinch Off",제작동관,
AJR74803514,4930A20053A,"Holder,Sensor",반제품,
AJR74803514,MJU65026401,"Tube,Manifold",반제품,
AJR74803537,MJU65026413,"Tube,Manifold",반제품,
AJR74844307,4930A20053A,"Holder,Sensor",반제품,
AJR74844310,4930A20053A,"Holder,Sensor",반제품,
AJR74844316,4930A20053A,"Holder,Sensor",반제품,
AJR74844318,4930A20053A,"Holder,Sensor",반제품,
AJR74925001,4H00049A,"Tube,Pinch Off",제작동관,
AJR74964501,4930A20053A,"Holder,Sensor",반제품,
AJR74964501,5210A30334L,"Tube,Pinch Off",제작동관,
AJR74964701,4930A20053A,"Holder,Sensor",반제품,
AJR74983801,4930A20053A,"Holder,Sensor",반제품,
AJR74983802,4930A20053A,"Holder,Sensor",반제품,
AJR74983902,EBF40271416,"Switch,Pressure",반제품,
AJR74983903,EBF40271416,"Switch,Pressure",반제품,
AJR74983910,5210A23376A,"Tube,Connector",제작동관,
AJR74983910,5210A30334M,"Tube,Pinch Off",제작동관,
AJR74983910,5211A22074A,"Tube Assembly,Connector",반제품,
AJR74983910,EBF40271416,"Switch,Pressure",반제품,
AJR74983910,MJU64170104,"Tube,Connector",제작동관,
AJR74983910,MJU64388005,"Tube,Connector",제작동관,
AJR74983910,MJU64388203,"Tube,Connector",제작동관,
AJR74983910,MJU64930001,"Tube,Connector",제작동관,
AJR74983910,MJU64930102,"Tube,Connector",제작동관,
AJR74983910,MJU65026902,"Tube,Connector",제작동관,
AJR74983910,MJU65027002,"Tube,Connector",제작동관,
AJR74983938,5210A23376A,"Tube,Connector",제작동관,
AJR74983938,5210A30334M,"Tube,Pinch Off",제작동관,
AJR74983938,5211A22074A,"Tube Assembly,Connector",반제품,
AJR74983938,EBF40271428,"Switch,Pressure",반제품,
AJR74983938,MJU64170104,"Tube,Connector",제작동관,
AJR74983938,MJU64388005,"Tube,Connector",제작동관,
AJR74983938,MJU64388203,"Tube,Connector",제작동관,
AJR74983938,MJU64930001,"Tube,Connector",제작동관,
AJR74983938,MJU64930102,"Tube,Connector",제작동관,
AJR74983938,MJU65026902,"Tube,Connector",제작동관,
AJR74983938,MJU65027002,"Tube,Connector",제작동관,
AJR74983939,5210A23376A,"Tube,Connector",제작동관,
AJR74983939,5210A30334M,"Tube,Pinch Off",제작동관,
AJR74983939,5211A22074A,"Tube Assembly,Connector",반제품,
AJR74983939,EBF40271428,"Switch,Pressure",반제품,
AJR74983939,MJU64170104,"Tube,Connector",제작동관,
AJR74983939,MJU64388006,"Tube,Connector",제작동관,
AJR74983939,MJU64388203,"Tube,Connector",제작동관,
AJR74983939,MJU64930001,"Tube,Connector",제작동관,
AJR74983939,MJU64930102,"Tube,Connector",제작동관,
AJR74983939,MJU65026902,"Tube,Connector",제작동관,
AJR74983939,MJU65027002,"Tube,Connector",제작동관,
AJR74984303,MJU64427302,"Tube,Connector",제작동관,
AJR74984303,MJU64671101,"Tube,Connector",제작동관,
AJR74984303,MJU64671102,"Tube,Connector",제작동관,
AJR74984303,MJU64671103,"Tube,Connector",제작동관,
AJR74984303,MJU64671104,"Tube,Connector",제작동관,
AJR74984303,MJU64671105,"Tube,Connector",제작동관,
AJR74984303,MJU64671109,"Tube,Connector",제작동관,
AJR74984303,MJU64708502,"Tube,Connector",제작동관,
AJR74984303,MJU64708602,"Tube,Connector",제작동관,
AJR74984304,MJU64708502,"Tube,Connector",제작동관,
AJR74984304,MJU64708602,"Tube,Connector",제작동관,
AJR74984501,MJU64427801,"Tube,Connector",제작동관,
AJR74985201,4930A20053A,"Holder,Sensor",반제품,
AJR74985202,4930A20053A,"Holder,Sensor",반제품,
AJR74985204,4930A20053A,"Holder,Sensor",반제품,
AJR75062906,4930A20053A,"Holder,Sensor",반제품,
AJR75062907,4930A20053A,"Holder,Sensor",반제품,
AJR75102501,4H00049A,"Tube,Pinch Off",제작동관,
AJR75104601,4930A20053A,"Holder,Sensor",반제품,
AJR75123701,4H00049A,"Tube,Pinch Off",제작동관,
AJR75123901,4H00049A,"Tube,Pinch Off",제작동관,
AJR75462802,MJU64407201,"Tube,Connector",제작동관,
AJR75462802,MJU64687501,"Tube,Connector",제작동관,
AJR75462802,MJU64687701,"Tube,Connector",제작동관,
AJR75462802,MJU64688201,"Tube,Connector",제작동관,
AJR75462802,MJU64688301,"Tube,Connector",제작동관,
AJR75462802,MJU64688401,"Tube,Connector",제작동관,
AJR75463001,MJU64688604,"Tube,Connector",제작동관,
AJR75463001,MJU64688808,"Tube,Connector",제작동관,
AJR75463304,4930A20053A,"Holder,Sensor",반제품,
AJR75463304,MJU64708303,"Tube,Connector",제작동관,
AJR75463304,MJU64711801,"Tube,Connector",제작동관,
AJR75463304,MJU64711901,"Tube,Connector",제작동관,
AJR75463304,MJU64712001,"Tube,Connector",제작동관,
AJR75463304,MJU64712101,"Tube,Connector",제작동관,
AJR75463304,MJU64712201,"Tube,Connector",제작동관,
AJR75464602,5210A30334L,"Tube,Pinch Off",제작동관,
AJR75464603,5210A30334L,"Tube,Pinch Off",제작동관,
AJR75482702,5210A30334L,"Tube,Pinch Off",제작동관,
AJR75482702,MJU63000101,"Tube,Connector",제작동관,
AJR75482702,MJU64727002,"Tube,Connector",제작동관,
AJR75482702,MJU64727102,"Tube,Connector",제작동관,
AJR75482702,MJU64727202,"Tube,Connector",제작동관,
AJR75482702,MJU64727501,"Tube,Connector",제작동관,
AJR75482702,MJU64727602,"Tube,Connector",제작동관,
AJR75482702,MJU64727702,"Tube,Connector",제작동관,
AJR75482702,MJU64727802,"Tube,Connector",제작동관,
AJR75482702,MJU64727902,"Tube,Connector",제작동관,
AJR75482702,MJU64728002,"Tube,Connector",제작동관,
AJR75482702,MJU64728102,"Tube,Connector",제작동관,
AJR75482702,MJU64729901,"Tube,Connector",제작동관,
AJR75483702,4930A20053A,"Holder,Sensor",반제품,
AJR75483702,MJU64671101,"Tube,Connector",제작동관,
AJR75483702,MJU64671102,"Tube,Connector",제작동관,
AJR75483702,MJU64671103,"Tube,Connector",제작동관,
AJR75483702,MJU64671104,"Tube,Connector",제작동관,
AJR75483702,MJU64671105,"Tube,Connector",제작동관,
AJR75483702,MJU64671106,"Tube,Connector",제작동관,
AJR75483702,MJU64671108,"Tube,Connector",제작동관,
AJR75483702,MJU64671109,"Tube,Connector",제작동관,
AJR75522803,4930A20053A,"Holder,Sensor",반제품,
AJR75522803,4H00049A,"Tube,Pinch Off",제작동관,
AJR75522901,4H00049A,"Tube,Pinch Off",제작동관,
AJR75524701,4H00049A,"Tube,Pinch Off",제작동관,
AJR75544201,MAZ64571702,Bracket,반제품,
AJR75544201,MAZ64571803,Bracket,반제품,
AJR75544204,4A00114A,"Tube,Connector",제작동관,
AJR75544204,MJU64706601,"Tube,Connector",제작동관,
AJR75544204,MJU64770301,"Tube,Connector",제작동관,
AJR75544204,MJU64791301,"Tube,Connector",제작동관,
AJR75563502,MJU64794404,"Tube,Connector",제작동관,
AJR75563602,MJU64809801,"Tube,Connector",제작동관,
AJR75563602,MJU64809802,"Tube,Connector",제작동관,
AJR75563602,MJU64809804,"Tube,Connector",제작동관,
AJR75563602,MJU64809805,"Tube,Connector",제작동관,
AJR75563602,MJU64809806,"Tube,Connector",제작동관,
AJR75563602,MJU64809807,"Tube,Connector",제작동관,
AJR75563602,MJU64809808,"Tube,Connector",제작동관,
AJR75563602,MJU64809809,"Tube,Connector",제작동관,
AJR75563602,MJU64809810,"Tube,Connector",제작동관,
AJR75563602,MJU64933001,"Tube,Connector",제작동관,
AJR75563602,MJU64933002,"Tube,Connector",제작동관,
AJR75563602,MJU64979002,"Tube,Connector",제작동관,
AJR75563701,5210A30334L,"Tube,Pinch Off",제작동관,
AJR75563702,5210A30334L,"Tube,Pinch Off",제작동관,
AJR75624402,4H00049A,"Tube,Pinch Off",제작동관,
AJR75645201,5210A28001G,"Tube,Return Bending",반제품,
AJR75645201,MJU63751101,"Tube,Connector",제작동관,
AJR75645201,MJU64856701,"Tube,Connector",제작동관,
AJR75645201,MJU64856801,"Tube,Connector",제작동관,
AJR75645201,MJU64857001,"Tube,Connector",제작동관,
AJR75645201,MJU64857101,"Tube,Connector",제작동관,
AJR75645201,MJU64857201,"Tube,Connector",제작동관,
AJR75645201,MJU64857301,"Tube,Connector",제작동관,
AJR75645201,MJU64857401,"Tube,Connector",제작동관,
AJR75645201,MJU64857501,"Tube,Connector",제작동관,
AJR75645201,MJU64857601,"Tube,Connector",제작동관,
AJR75645201,MJU64857701,"Tube,Connector",제작동관,
AJR75645201,MJU64906401,"Tube,Connector",제작동관,
AJR75645201,MJU64906501,"Tube,Connector",제작동관,
AJR75645201,MJU64906601,"Tube,Connector",제작동관,
AJR75645201,MJU64906701,"Tube,Connector",제작동관,
AJR75645201,MJU64906801,"Tube,Connector",제작동관,
AJR75645201,MJU64906901,"Tube,Connector",제작동관,
AJR75645606,4930A20053A,"Holder,Sensor",반제품,
AJR75662310,4930A20053A,"Holder,Sensor",반제품,
AJR75704003,5210A30334L,"Tube,Pinch Off",제작동관,
AJR75713101,4H00049A,"Tube,Pinch Off",제작동관,
AJR75713301,4930A20053A,"Holder,Sensor",반제품,
AJR75713301,4H00049A,"Tube,Pinch Off",제작동관,
AJR75723702,4930A20053A,"Holder,Sensor",반제품,
AJR75743301,5210A30334L,"Tube,Pinch Off",제작동관,
AJR75744510,5220A20006J,"Valve,Service",반제품,
AJR75802401,4H00049A,"Tube,Pinch Off",제작동관,
AJR75804101,MJU64688604,"Tube,Connector",제작동관,
AJR75804101,MJU64688808,"Tube,Connector",제작동관,
AJR75805201,4H00049A,"Tube,Pinch Off",제작동관,
AJR75923201,MJU62987402,"Tube,Connector",제작동관,
AJR75923201,MJU65148301,"Tube,Connector",제작동관,
AJR75962501,MJU64787101,"Tube,Connector",제작동관,
AJR75962501,MJU65207304,"Tube,Connector",제작동관,
AJR75983001,4H00049A,"Tube,Pinch Off",제작동관,
AJR75983003,MJU65187806,"Tube,Connector",제작동관,
AJR75983003,MJU65187807,"Tube,Connector",제작동관,
AJR75983005,4H00049A,"Tube,Pinch Off",제작동관,
AJR75983008,MJU65187806,"Tube,Connector",제작동관,
AJR75983008,MJU65187807,"Tube,Connector",제작동관,
AJR75983010,5211A22074A,"Tube Assembly,Connector",반제품,
AJR76264102,5210A30334L,"Tube,Pinch Off",제작동관,
AJR76322601,4A00114E,"Tube,Connector",제작동관,
AJR76322601,MJU65626404,"Tube,Connector",제작동관,
AJR76322601,MJU65626405,"Tube,Connector",제작동관,
AJR76322601,MJU65626506,"Tube,Connector",제작동관,
AJR76322601,MJU65626509,"Tube,Connector",제작동관,
AJR76363001,4930A20053A,"Holder,Sensor",반제품,
AJR76363001,MJU65588305,"Tube,Connector",제작동관,
AJR76363002,4930A20053A,"Holder,Sensor",반제품,
AJR76363002,MJU42938502,"Tube,Connector",제작동관,
AJR76363002,MJU65486405,"Tube,Connector",제작동관,
AJR76363002,MJU65486416,"Tube,Connector",제작동관,
AJR76363002,MJU65588306,"Tube,Connector",제작동관,
AJR76363002,MJU65588310,"Tube,Connector",제작동관,
AJR76402407,4930A20053A,"Holder,Sensor",반제품,
AJR76402407,5210A30334L,"Tube,Pinch Off",제작동관,
AJR76402407,MJU66466401,"Tube,Connector",제작동관,
AJR76402409,4930A20053A,"Holder,Sensor",반제품,
AJR76402409,5210A30334L,"Tube,Pinch Off",제작동관,
AJR76402409,MJU66466401,"Tube,Connector",제작동관,
AJR76442702,4H00049A,"Tube,Pinch Off",제작동관,
AJR76502607,MJU66779305,"Tube,Connector",반제품,
AJR76502610,AJR30083901,Tube Assembly,반제품,
AJR76502610,AJR76462622,Tube Assembly,반제품,
AJR76502611,AJR76462621,Tube Assembly,반제품,
AJR76502614,AJR30083901,Tube Assembly,반제품,
AJR76502614,AJR76462622,Tube Assembly,반제품,
AJR76523008,AJJ73040828,Supporter Assembly,반제품,
AJR76523008,AJR74424615,"Tube Assembly,Reverse",반제품,
AJR76523011,AJJ73040839,Supporter Assembly,반제품,
AJR76523011,AJR71433341,"Tube Assembly,Expansion",반제품,
AJR76523011,AJR74424620,"Tube Assembly,Reverse",반제품,
AJR76523012,AJJ73040839,Supporter Assembly,반제품,
AJR76562802,4H00049A,"Tube,Pinch Off",제작동관,
AJR76562804,4H00049A,"Tube,Pinch Off",제작동관,
AJR76582505,MJU66958507,"Tube,Connector",제작동관,
AJR76582505,MJU66959202,"Tube,Connector",제작동관,
AJR76582506,4A00114E,"Tube,Connector",제작동관,
AJR76582506,MJU65486405,"Tube,Connector",제작동관,
AJR76582506,MJU65486429,"Tube,Connector",제작동관,
AJR76582506,MJU65486430,"Tube,Connector",제작동관,
AJR76582506,MJU66958503,"Tube,Connector",제작동관,
AJR76582506,MJU66958508,"Tube,Connector",제작동관,
AJR76582506,MJU66959201,"Tube,Connector",제작동관,
AJR76663201,4930A20053A,"Holder,Sensor",반제품,
AJR76663206,4930A20053A,"Holder,Sensor",반제품,
AJR76703602,4930A20053A,"Holder,Sensor",반제품,
AJR76703602,5224A20005L,Strainer,반제품,
AJR76703602,MJU63617901,"Tube,Connector",제작동관,
AJR76703602,MJU65521301,"Tube,Connector",제작동관,
AJR76703602,MJU65521401,"Tube,Connector",제작동관,
AJR76703612,4930A20053A,"Holder,Sensor",반제품,
AJR76742301,4930A20053A,"Holder,Sensor",반제품,
AJR76742303,4930A20053A,"Holder,Sensor",반제품,
AJR76742305,4930A20053A,"Holder,Sensor",반제품,
AJR76742310,4930A20053A,"Holder,Sensor",반제품,
AJR76742312,4930A20053A,"Holder,Sensor",반제품,
AJR76742314,4930A20053A,"Holder,Sensor",반제품,
AJR76823101,MJU66108101,"Tube,Discharge",제작동관,
AJR76902301,4930A20053A,"Holder,Sensor",반제품,
AJR76902302,4930A20053A,"Holder,Sensor",반제품,
AJR77142502,MJU66845501,"Tube,Connector",제작동관,
AJR77142502,MJU66845502,"Tube,Connector",제작동관,
AJR77142502,MJU66845503,"Tube,Connector",제작동관,
AJR77142502,MJU66845504,"Tube,Connector",제작동관,
AJR77142503,MJU66845501,"Tube,Connector",제작동관,
AJR77142503,MJU66845502,"Tube,Connector",제작동관,
AJR77142503,MJU66845503,"Tube,Connector",제작동관,
AJR77142503,MJU66845504,"Tube,Connector",제작동관,
AJR77144201,4H00049A,"Tube,Pinch Off",제작동관,
AJR77144207,4H00049A,"Tube,Pinch Off",제작동관,
AJR77144301,4H00049A,"Tube,Pinch Off",제작동관,
AJR77144302,4H00049A,"Tube,Pinch Off",제작동관,
AJR77144305,4H00049A,"Tube,Pinch Off",제작동관,
AJR77144306,4H00049A,"Tube,Pinch Off",제작동관,
AJR77163101,MJU66366806,"Tube,Connector",제작동관,
AJR77167311,MJU66493704,"Tube,Connector",제작동관,
AJR77171201,MJU63000101,"Tube,Connector",제작동관,
AJR77171201,MJU64727001,"Tube,Connector",제작동관,
AJR77171201,MJU64727101,"Tube,Connector",제작동관,
AJR77171201,MJU64727201,"Tube,Connector",제작동관,
AJR77171201,MJU64727501,"Tube,Connector",제작동관,
AJR77171201,MJU64727601,"Tube,Connector",제작동관,
AJR77171201,MJU64727701,"Tube,Connector",제작동관,
AJR77171201,MJU64727801,"Tube,Connector",제작동관,
AJR77171201,MJU64727901,"Tube,Connector",제작동관,
AJR77171201,MJU64728001,"Tube,Connector",제작동관,
AJR77171201,MJU64728101,"Tube,Connector",제작동관,
AJR77171201,MJU64729901,"Tube,Connector",제작동관,
AJR77189101,4930A20053A,"Holder,Sensor",반제품,
AJR77189103,4930A20053A,"Holder,Sensor",반제품,
AJR77202301,MJU64428601,"Tube,Connector",제작동관,
AJR77202901,MJU64870703,"Tube,Capillary Bending",반제품,
AJR77202901,MJU66366311,"Tube,Connector",제작동관,
AJR77202902,MJU64870703,"Tube,Capillary Bending",반제품,
AJR77202902,MJU66366311,"Tube,Connector",제작동관,
AJR77222902,AJR77223002,"Tube Assembly,Reverse",반제품,
AJR77222905,AJR77223005,"Tube Assembly,Reverse",반제품,
AJR77224501,AJR77188701,"Tube Assembly,Solenoide",반제품,
AJR77224501,AJU73472405,Valve Assembly,반제품,
AJR77224501,MJU66478501,"Tube,Connector",제작동관,
AJR77224501,MJU66478801,"Tube,Connector",제작동관,
AJR77224501,MJU66478901,"Tube,Connector",제작동관,
AJR77224501,MJU66479001,"Tube,Connector",제작동관,
AJR77224501,MJU66479101,"Tube,Connector",제작동관,
AJR77224501,MJU66479201,"Tube,Connector",제작동관,
AJR77224502,AJR77188701,"Tube Assembly,Solenoide",반제품,
AJR77224502,AJU73472405,Valve Assembly,반제품,
AJR77224502,MJU66478501,"Tube,Connector",제작동관,
AJR77224502,MJU66478801,"Tube,Connector",제작동관,
AJR77224502,MJU66478901,"Tube,Connector",제작동관,
AJR77224502,MJU66479001,"Tube,Connector",제작동관,
AJR77224502,MJU66479101,"Tube,Connector",제작동관,
AJR77224502,MJU66479201,"Tube,Connector",제작동관,
AJR77224503,AJR77188701,"Tube Assembly,Solenoide",반제품,
AJR77224503,MJU66478501,"Tube,Connector",제작동관,
AJR77224503,MJU66478801,"Tube,Connector",제작동관,
AJR77224503,MJU66478901,"Tube,Connector",제작동관,
AJR77224503,MJU66479001,"Tube,Connector",제작동관,
AJR77224503,MJU66479101,"Tube,Connector",제작동관,
AJR77224503,MJU66479201,"Tube,Connector",제작동관,
AJR77224504,AJR77188701,"Tube Assembly,Solenoide",반제품,
AJR77224504,MJU66478501,"Tube,Connector",제작동관,
AJR77224504,MJU66478801,"Tube,Connector",제작동관,
AJR77224504,MJU66478901,"Tube,Connector",제작동관,
AJR77224504,MJU66479001,"Tube,Connector",제작동관,
AJR77224504,MJU66479101,"Tube,Connector",제작동관,
AJR77224504,MJU66479201,"Tube,Connector",제작동관,
AJR77224505,AJR77188701,"Tube Assembly,Solenoide",반제품,
AJR77224505,AJU73472405,Valve Assembly,반제품,
AJR77224505,MJU66478501,"Tube,Connector",제작동관,
AJR77224505,MJU66478801,"Tube,Connector",제작동관,
AJR77224505,MJU66478901,"Tube,Connector",제작동관,
AJR77224505,MJU66479001,"Tube,Connector",제작동관,
AJR77224505,MJU66479101,"Tube,Connector",제작동관,
AJR77224505,MJU66479201,"Tube,Connector",제작동관,
AJR77224506,AJU73472405,Valve Assembly,반제품,
AJR77224506,MJU66478404,"Tube,Connector",제작동관,
AJR77224506,MJU66478501,"Tube,Connector",제작동관,
AJR77224506,MJU66478801,"Tube,Connector",제작동관,
AJR77224506,MJU66478901,"Tube,Connector",제작동관,
AJR77224506,MJU66479001,"Tube,Connector",제작동관,
AJR77224506,MJU66479101,"Tube,Connector",제작동관,
AJR77224506,MJU66479201,"Tube,Connector",제작동관,
AJR77224507,MJU66478501,"Tube,Connector",제작동관,
AJR77224507,MJU66478801,"Tube,Connector",제작동관,
AJR77224507,MJU66478901,"Tube,Connector",제작동관,
AJR77224507,MJU66479001,"Tube,Connector",제작동관,
AJR77224507,MJU66479101,"Tube,Connector",제작동관,
AJR77224507,MJU66479201,"Tube,Connector",제작동관,
AJR77224508,MJU66478501,"Tube,Connector",제작동관,
AJR77224508,MJU66478801,"Tube,Connector",제작동관,
AJR77224508,MJU66478901,"Tube,Connector",제작동관,
AJR77224508,MJU66479001,"Tube,Connector",제작동관,
AJR77224508,MJU66479101,"Tube,Connector",제작동관,
AJR77224508,MJU66479201,"Tube,Connector",제작동관,
AJR77224509,AJR77188701,"Tube Assembly,Solenoide",반제품,
AJR77224509,AJU73472405,Valve Assembly,반제품,
AJR77224509,MJU66478501,"Tube,Connector",제작동관,
AJR77224509,MJU66478801,"Tube,Connector",제작동관,
AJR77224509,MJU66478901,"Tube,Connector",제작동관,
AJR77224509,MJU66479001,"Tube,Connector",제작동관,
AJR77224509,MJU66479101,"Tube,Connector",제작동관,
AJR77224509,MJU66479201,"Tube,Connector",제작동관,
AJR77224510,AJR77188701,"Tube Assembly,Solenoide",반제품,
AJR77224510,AJU73472405,Valve Assembly,반제품,
AJR77224510,MJU66478501,"Tube,Connector",제작동관,
AJR77224510,MJU66478801,"Tube,Connector",제작동관,
AJR77224510,MJU66478901,"Tube,Connector",제작동관,
AJR77224510,MJU66479001,"Tube,Connector",제작동관,
AJR77224510,MJU66479101,"Tube,Connector",제작동관,
AJR77224510,MJU66479201,"Tube,Connector",제작동관,
AJR77224511,AJU73472405,Valve Assembly,반제품,
AJR77224511,MJU66478501,"Tube,Connector",제작동관,
AJR77224511,MJU66478801,"Tube,Connector",제작동관,
AJR77224511,MJU66478901,"Tube,Connector",제작동관,
AJR77224511,MJU66479001,"Tube,Connector",제작동관,
AJR77224511,MJU66479101,"Tube,Connector",제작동관,
AJR77224511,MJU66479201,"Tube,Connector",제작동관,
AJR77224512,MJU66478501,"Tube,Connector",제작동관,
AJR77224512,MJU66478801,"Tube,Connector",제작동관,
AJR77224512,MJU66478901,"Tube,Connector",제작동관,
AJR77224512,MJU66479001,"Tube,Connector",제작동관,
AJR77224512,MJU66479101,"Tube,Connector",제작동관,
AJR77224512,MJU66479201,"Tube,Connector",제작동관,
AJR77224513,MJU66478501,"Tube,Connector",제작동관,
AJR77224513,MJU66478801,"Tube,Connector",제작동관,
AJR77224513,MJU66478901,"Tube,Connector",제작동관,
AJR77224513,MJU66479001,"Tube,Connector",제작동관,
AJR77224513,MJU66479101,"Tube,Connector",제작동관,
AJR77224513,MJU66479201,"Tube,Connector",제작동관,
AJR77224516,MJU66478501,"Tube,Connector",제작동관,
AJR77224516,MJU66478801,"Tube,Connector",제작동관,
AJR77224516,MJU66478901,"Tube,Connector",제작동관,
AJR77224516,MJU66479001,"Tube,Connector",제작동관,
AJR77224516,MJU66479101,"Tube,Connector",제작동관,
AJR77224516,MJU66479201,"Tube,Connector",제작동관,
AJR77224517,MJU66478501,"Tube,Connector",제작동관,
AJR77224517,MJU66478801,"Tube,Connector",제작동관,
AJR77224517,MJU66478901,"Tube,Connector",제작동관,
AJR77224517,MJU66479001,"Tube,Connector",제작동관,
AJR77224517,MJU66479101,"Tube,Connector",제작동관,
AJR77224517,MJU66479201,"Tube,Connector",제작동관,
AJR77224518,4A00114A,"Tube,Connector",제작동관,
AJR77224518,MJU66478501,"Tube,Connector",제작동관,
AJR77224518,MJU66478801,"Tube,Connector",제작동관,
AJR77224518,MJU66478901,"Tube,Connector",제작동관,
AJR77224518,MJU66479001,"Tube,Connector",제작동관,
AJR77224518,MJU66479101,"Tube,Connector",제작동관,
AJR77224518,MJU66479201,"Tube,Connector",제작동관,
AJR77224518,MJU66870401,"Tube,Connector",제작동관,
AJR77224519,AJR77188701,"Tube Assembly,Solenoide",반제품,
AJR77224519,AJU73472405,Valve Assembly,반제품,
AJR77224519,MJU66478501,"Tube,Connector",제작동관,
AJR77224519,MJU66478801,"Tube,Connector",제작동관,
AJR77224519,MJU66478901,"Tube,Connector",제작동관,
AJR77224519,MJU66479001,"Tube,Connector",제작동관,
AJR77224519,MJU66479101,"Tube,Connector",제작동관,
AJR77224519,MJU66479201,"Tube,Connector",제작동관,
AJR77224520,AJU73472405,Valve Assembly,반제품,
AJR77224520,MJU66478501,"Tube,Connector",제작동관,
AJR77224520,MJU66478801,"Tube,Connector",제작동관,
AJR77224520,MJU66478901,"Tube,Connector",제작동관,
AJR77224520,MJU66479001,"Tube,Connector",제작동관,
AJR77224520,MJU66479101,"Tube,Connector",제작동관,
AJR77224520,MJU66479201,"Tube,Connector",제작동관,
AJR77224522,MJU66478501,"Tube,Connector",제작동관,
AJR77224522,MJU66478801,"Tube,Connector",제작동관,
AJR77224522,MJU66478901,"Tube,Connector",제작동관,
AJR77224522,MJU66479001,"Tube,Connector",제작동관,
AJR77224522,MJU66479101,"Tube,Connector",제작동관,
AJR77224522,MJU66479201,"Tube,Connector",제작동관,
AJR77224523,MJU66478501,"Tube,Connector",제작동관,
AJR77224523,MJU66478801,"Tube,Connector",제작동관,
AJR77224523,MJU66478901,"Tube,Connector",제작동관,
AJR77224523,MJU66479001,"Tube,Connector",제작동관,
AJR77224523,MJU66479101,"Tube,Connector",제작동관,
AJR77224523,MJU66479201,"Tube,Connector",제작동관,
AJR77224524,AJU73472405,Valve Assembly,반제품,
AJR77224524,MJU66478501,"Tube,Connector",제작동관,
AJR77224524,MJU66478801,"Tube,Connector",제작동관,
AJR77224524,MJU66478901,"Tube,Connector",제작동관,
AJR77224524,MJU66479001,"Tube,Connector",제작동관,
AJR77224524,MJU66479101,"Tube,Connector",제작동관,
AJR77224524,MJU66479201,"Tube,Connector",제작동관,
AJR77224901,4930A20053A,"Holder,Sensor",반제품,
AJR77224901,MJU64671101,"Tube,Connector",제작동관,
AJR77224901,MJU64671102,"Tube,Connector",제작동관,
AJR77224901,MJU64671103,"Tube,Connector",제작동관,
AJR77224901,MJU64671104,"Tube,Connector",제작동관,
AJR77224901,MJU64671105,"Tube,Connector",제작동관,
AJR77224901,MJU64671109,"Tube,Connector",제작동관,
AJR77224901,MJU66571302,"Tube,Connector",제작동관,
AJR77224901,MJU66571303,"Tube,Connector",제작동관,
AJR77224901,MJU66571305,"Tube,Connector",제작동관,
AJR77225301,4930A20053A,"Holder,Sensor",반제품,
AJR77225301,MJU64671101,"Tube,Connector",제작동관,
AJR77225301,MJU64671102,"Tube,Connector",제작동관,
AJR77225301,MJU64671103,"Tube,Connector",제작동관,
AJR77225301,MJU64671104,"Tube,Connector",제작동관,
AJR77225301,MJU64671105,"Tube,Connector",제작동관,
AJR77225301,MJU64671109,"Tube,Connector",제작동관,
AJR77225301,MJU66571301,"Tube,Connector",제작동관,
AJR77225301,MJU66571302,"Tube,Connector",제작동관,
AJR77225301,MJU66571304,"Tube,Connector",제작동관,
AJR77225301,MJU66571305,"Tube,Connector",제작동관,
AJR77225301,MJU66571306,"Tube,Connector",제작동관,
AJR77225303,4930A20053A,"Holder,Sensor",반제품,
AJR77225304,4930A20053A,"Holder,Sensor",반제품,
AJR77225305,4930A20053A,"Holder,Sensor",반제품,
AJR77225305,MJU66760006,"Tube,Connector",제작동관,
AJR77225306,4930A20053A,"Holder,Sensor",반제품,
AJR77225306,MJU66760006,"Tube,Connector",제작동관,
AJR77225607,MJU66571711,"Tube,Connector",제작동관,
AJR77225607,MJU66571712,"Tube,Connector",제작동관,
AJR77225607,MJU66571713,"Tube,Connector",제작동관,
AJR77226301,4930A20053A,"Holder,Sensor",반제품,
AJR77226302,4930A20053A,"Holder,Sensor",반제품,
AJR77226303,4930A20053A,"Holder,Sensor",반제품,
AJR77226304,4930A20053A,"Holder,Sensor",반제품,
AJR77226304,MJU66760005,"Tube,Connector",제작동관,
AJR77243801,4930A20053A,"Holder,Sensor",반제품,
AJR77263001,MJU64671101,"Tube,Connector",제작동관,
AJR77263001,MJU64671102,"Tube,Connector",제작동관,
AJR77263001,MJU64671105,"Tube,Connector",제작동관,
AJR77263001,MJU64671109,"Tube,Connector",제작동관,
AJR77263001,MJU66471701,"Tube,Connector",제작동관,
AJR77263001,MJU66471702,"Tube,Connector",제작동관,
AJR77263001,MJU66471705,"Tube,Connector",제작동관,
AJR77263001,MJU66471707,"Tube,Connector",제작동관,
AJR77263001,MJU66503001,"Tube,Connector",제작동관,
AJR77263001,MJU66503301,"Tube,Connector",제작동관,
AJR77263002,MJU65517901,"Tube,Connector",제작동관,
AJR77263002,MJU65517902,"Tube,Connector",제작동관,
AJR77263002,MJU65517903,"Tube,Connector",제작동관,
AJR77263002,MJU65517904,"Tube,Connector",제작동관,
AJR77263002,MJU65517905,"Tube,Connector",제작동관,
AJR77263002,MJU65517906,"Tube,Connector",제작동관,
AJR77263002,MJU65517908,"Tube,Connector",제작동관,
AJR77263002,MJU65517910,"Tube,Connector",제작동관,
AJR77263002,MJU65517911,"Tube,Connector",제작동관,
AJR77263002,MJU65517912,"Tube,Connector",제작동관,
AJR77263002,MJU65517913,"Tube,Connector",제작동관,
AJR77263002,MJU66502902,"Tube,Connector",제작동관,
AJR77263002,MJU66503002,"Tube,Connector",제작동관,
AJR77263003,MJU65517901,"Tube,Connector",제작동관,
AJR77263003,MJU65517902,"Tube,Connector",제작동관,
AJR77263003,MJU65517903,"Tube,Connector",제작동관,
AJR77263003,MJU65517904,"Tube,Connector",제작동관,
AJR77263003,MJU65517905,"Tube,Connector",제작동관,
AJR77263003,MJU65517906,"Tube,Connector",제작동관,
AJR77263003,MJU65517908,"Tube,Connector",제작동관,
AJR77263003,MJU65517909,"Tube,Connector",제작동관,
AJR77263003,MJU65517911,"Tube,Connector",제작동관,
AJR77263003,MJU65517912,"Tube,Connector",제작동관,
AJR77263003,MJU65517913,"Tube,Connector",제작동관,
AJR77263003,MJU66503303,"Tube,Connector",제작동관,
AJR77263004,MJU64671101,"Tube,Connector",제작동관,
AJR77263004,MJU64671102,"Tube,Connector",제작동관,
AJR77263004,MJU64671105,"Tube,Connector",제작동관,
AJR77263004,MJU64671109,"Tube,Connector",제작동관,
AJR77263004,MJU66471701,"Tube,Connector",제작동관,
AJR77263004,MJU66471705,"Tube,Connector",제작동관,
AJR77263004,MJU66471707,"Tube,Connector",제작동관,
AJR77263004,MJU66503001,"Tube,Connector",제작동관,
AJR77263004,MJU66503204,"Tube,Connector",제작동관,
AJR77263004,MJU66503301,"Tube,Connector",제작동관,
AJR77263005,MJU66503303,"Tube,Connector",제작동관,
AJR77263006,MJU66503303,"Tube,Connector",제작동관,
AJR77263007,MJU65517914,"Tube,Connector",제작동관,
AJR77263007,MJU65517915,"Tube,Connector",제작동관,
AJR77263007,MJU65517916,"Tube,Connector",제작동관,
AJR77263007,MJU65517917,"Tube,Connector",제작동관,
AJR77263007,MJU65517918,"Tube,Connector",제작동관,
AJR77263007,MJU65517919,"Tube,Connector",제작동관,
AJR77263007,MJU65517920,"Tube,Connector",제작동관,
AJR77263007,MJU65517921,"Tube,Connector",제작동관,
AJR77263007,MJU65517922,"Tube,Connector",제작동관,
AJR77263007,MJU65517923,"Tube,Connector",제작동관,
AJR77263007,MJU65517924,"Tube,Connector",제작동관,
AJR77263007,MJU65517925,"Tube,Connector",제작동관,
AJR77263008,MJU65517914,"Tube,Connector",제작동관,
AJR77263008,MJU65517915,"Tube,Connector",제작동관,
AJR77263008,MJU65517916,"Tube,Connector",제작동관,
AJR77263008,MJU65517917,"Tube,Connector",제작동관,
AJR77263008,MJU65517918,"Tube,Connector",제작동관,
AJR77263008,MJU65517919,"Tube,Connector",제작동관,
AJR77263008,MJU65517920,"Tube,Connector",제작동관,
AJR77263008,MJU65517921,"Tube,Connector",제작동관,
AJR77263008,MJU65517922,"Tube,Connector",제작동관,
AJR77263008,MJU65517923,"Tube,Connector",제작동관,
AJR77263008,MJU65517924,"Tube,Connector",제작동관,
AJR77263008,MJU65517925,"Tube,Connector",제작동관,
AJR77263009,MJU64671113,"Tube,Connector",제작동관,
AJR77263009,MJU64671114,"Tube,Connector",제작동관,
AJR77263009,MJU64671117,"Tube,Connector",제작동관,
AJR77263009,MJU64671118,"Tube,Connector",제작동관,
AJR77263009,MJU66502903,"Tube,Connector",제작동관,
AJR77263009,MJU66502904,"Tube,Connector",제작동관,
AJR77263009,MJU66502905,"Tube,Connector",제작동관,
AJR77263009,MJU66502906,"Tube,Connector",제작동관,
AJR77263009,MJU66502907,"Tube,Connector",제작동관,
AJR77263009,MJU66502908,"Tube,Connector",제작동관,
AJR77263011,MJU66503303,"Tube,Connector",제작동관,
MJU62078901,7072A90001B,"Tube,Raw",원소재,
