도번,LG부품,LG품명,역할,도번의 자도번후보,자도번수,추천(단일시 자동),← 확정 자도번
ACQ30662801,MJU00722801,"Tube,Connector",제작동관,ACQ30662801-16-1 | ACQ30662801-SUB,2,,
ADM72950704,4930A20053A,"Holder,Sensor",반제품,AJR73743901 | AJR73942801 | AJR73724002 | AJR73724102 | AJR73744402,5,,
ADM73210501,4930A20053A,"Holder,Sensor",반제품,ABA74551801 | ABA74570801,2,,
ADM73210515,AJR76462624,Tube Assembly,반제품,ADM73210515-STS | AJR76462631 | AJR76462634 | AJR76462735 | AJR76462736 | AJR76462903…,7,,
AJJ75178301,AJR75744102,"Tube Assembly,Suction(Ou",반제품,AJR75662801 | AJR75744102-4-1 | AJJ73898601,3,,
AJJ75358401,AJJ73898630,Supporter Assembly,반제품,AJJ75358401-SUB | AJR74803512 | AJR75744119,3,,
AJJ75358404,AJJ73898630,Supporter Assembly,반제품,AJJ75358404-SUB | AJR74803512 | AJR75744106,3,,
AJJ75358425,AJJ73898630,Supporter Assembly,반제품,AJR74803521 | AJR75744106 | AJJ75358425-SUB,3,,
AJJ75358426,AJJ73898630,Supporter Assembly,반제품,AJJ75358426-SUB | AJR75744125 | AJR74803522,3,,
AJJ75358427,AJJ73898630,Supporter Assembly,반제품,AJJ75358427-SUB | AJR74803521 | AJR75744106,3,,
AJJ75358428,AJJ73898630,Supporter Assembly,반제품,AJJ75358428-SUB | AJJ75358428-R1-2 | AJR75744125,3,,
AJJ75358428,AJR74803522,"Tube Assembly,Condenser(",반제품,AJJ75358428-SUB | AJJ75358428-R1-2 | AJR75744125,3,,
AJJ75358441,AJR75744140,"Tube Assembly,Suction(Ou",반제품,AJJ73898630 | AJR74803542 | AJR75744140-12-1,3,,
AJJ75838620,AJJ73898630,Supporter Assembly,반제품,AJR74803542 | AJR76442510 | AJJ75838610-SUB,3,,
AJJ75918509,AJR72946503,"Tube Assembly,Suction(Ou",반제품,AJJ75918509-SUB | AJR72946503-9-1 | AJJ75918509-R1-1,3,,
AJJ75918509,AJR75104017,"Tube Assembly,Expansion",반제품,AJJ75918509-SUB | AJR72946503-9-1 | AJJ75918509-R1-1,3,,
AJJ76418724,MJU66478104,"Tube,Connector",제작동관,AJJ76418724-SUB,1,AJJ76418724-SUB,
AJJ76559006,MJU66478104,"Tube,Connector",제작동관,AJJ76559006-SUB,1,AJJ76559006-SUB,
AJJ76595403,AJJ76595404,Supporter Assembly,반제품,AJJ76595403-SUB | AJJ76595403-S3-1,2,,
AJJ76595403,AJR30059704,"Tube Assembly,Expansion",반제품,AJJ76595403-SUB | AJJ76595403-S3-1,2,,
AJR30004702,4930A20053A,"Holder,Sensor",반제품,AJR30004702-SUB,1,AJR30004702-SUB,
AJR30004702,MJU00697402,"Tube,Manifold",제작동관,AJR30004702-SUB,1,AJR30004702-SUB,
AJR30004702,MJU00697501,"Tube,Connector",제작동관,AJR30004702-SUB,1,AJR30004702-SUB,
AJR30004702,MJU00697502,"Tube,Connector",제작동관,AJR30004702-SUB,1,AJR30004702-SUB,
AJR30007101,4930A20053A,"Holder,Sensor",반제품,AJR30007101-S5-1 | AJR30007101-9-1 | AJR30007101-9-2 | AJR30007101-9-3 | AJR30007101-9-4,5,,
AJR30007101,MJU66760104,"Tube,Connector",제작동관,AJR30007101-S5-1 | AJR30007101-9-1 | AJR30007101-9-2 | AJR30007101-9-3 | AJR30007101-9-4,5,,
AJR30007102,4930A20053A,"Holder,Sensor",반제품,AJR30007102-S5-1,1,AJR30007102-S5-1,
AJR30007102,MJU66573301,"Tube,Connector",제작동관,AJR30007102-S5-1,1,AJR30007102-S5-1,
AJR30007102,MJU66760002,"Tube,Connector",제작동관,AJR30007102-S5-1,1,AJR30007102-S5-1,
AJR30007102,MJU66760003,"Tube,Connector",제작동관,AJR30007102-S5-1,1,AJR30007102-S5-1,
AJR30007102,MJU66760004,"Tube,Connector",제작동관,AJR30007102-S5-1,1,AJR30007102-S5-1,
AJR30007102,MJU66760102,"Tube,Connector",제작동관,AJR30007102-S5-1,1,AJR30007102-S5-1,
AJR30007103,4930A20053A,"Holder,Sensor",반제품,AJR30007103-S5-1,1,AJR30007103-S5-1,
AJR30007103,MJU64671101,"Tube,Connector",제작동관,AJR30007103-S5-1,1,AJR30007103-S5-1,
AJR30007103,MJU64671102,"Tube,Connector",제작동관,AJR30007103-S5-1,1,AJR30007103-S5-1,
AJR30007103,MJU64671103,"Tube,Connector",제작동관,AJR30007103-S5-1,1,AJR30007103-S5-1,
AJR30007103,MJU64671104,"Tube,Connector",제작동관,AJR30007103-S5-1,1,AJR30007103-S5-1,
AJR30007103,MJU64671105,"Tube,Connector",제작동관,AJR30007103-S5-1,1,AJR30007103-S5-1,
AJR30007103,MJU64671109,"Tube,Connector",제작동관,AJR30007103-S5-1,1,AJR30007103-S5-1,
AJR30007103,MJU66571301,"Tube,Connector",제작동관,AJR30007103-S5-1,1,AJR30007103-S5-1,
AJR30007103,MJU66571302,"Tube,Connector",제작동관,AJR30007103-S5-1,1,AJR30007103-S5-1,
AJR30007103,MJU66571304,"Tube,Connector",제작동관,AJR30007103-S5-1,1,AJR30007103-S5-1,
AJR30007103,MJU66571305,"Tube,Connector",제작동관,AJR30007103-S5-1,1,AJR30007103-S5-1,
AJR30007103,MJU66571306,"Tube,Connector",제작동관,AJR30007103-S5-1,1,AJR30007103-S5-1,
AJR30007104,4930A20053A,"Holder,Sensor",반제품,AJR77225301-1-1(링) | AJR77225301-1-2(링) | AJR30007104-S5-1,3,,
AJR30007104,MJU64671101,"Tube,Connector",제작동관,AJR77225301-1-1(링) | AJR77225301-1-2(링) | AJR30007104-S5-1,3,,
AJR30007104,MJU64671102,"Tube,Connector",제작동관,AJR77225301-1-1(링) | AJR77225301-1-2(링) | AJR30007104-S5-1,3,,
AJR30007104,MJU64671104,"Tube,Connector",제작동관,AJR77225301-1-1(링) | AJR77225301-1-2(링) | AJR30007104-S5-1,3,,
AJR30007104,MJU64671105,"Tube,Connector",제작동관,AJR77225301-1-1(링) | AJR77225301-1-2(링) | AJR30007104-S5-1,3,,
AJR30007104,MJU64671109,"Tube,Connector",제작동관,AJR77225301-1-1(링) | AJR77225301-1-2(링) | AJR30007104-S5-1,3,,
AJR30007104,MJU66571302,"Tube,Connector",제작동관,AJR77225301-1-1(링) | AJR77225301-1-2(링) | AJR30007104-S5-1,3,,
AJR30007104,MJU66571305,"Tube,Connector",제작동관,AJR77225301-1-1(링) | AJR77225301-1-2(링) | AJR30007104-S5-1,3,,
AJR30007104,MJU66571306,"Tube,Connector",제작동관,AJR77225301-1-1(링) | AJR77225301-1-2(링) | AJR30007104-S5-1,3,,
AJR30007105,4930A20053A,"Holder,Sensor",반제품,AJR30007105-S5-1,1,AJR30007105-S5-1,
AJR30007105,MJU64671101,"Tube,Connector",제작동관,AJR30007105-S5-1,1,AJR30007105-S5-1,
AJR30007105,MJU64671102,"Tube,Connector",제작동관,AJR30007105-S5-1,1,AJR30007105-S5-1,
AJR30007105,MJU64671104,"Tube,Connector",제작동관,AJR30007105-S5-1,1,AJR30007105-S5-1,
AJR30007105,MJU64671105,"Tube,Connector",제작동관,AJR30007105-S5-1,1,AJR30007105-S5-1,
AJR30007105,MJU64671109,"Tube,Connector",제작동관,AJR30007105-S5-1,1,AJR30007105-S5-1,
AJR30007105,MJU66571301,"Tube,Connector",제작동관,AJR30007105-S5-1,1,AJR30007105-S5-1,
AJR30007105,MJU66571302,"Tube,Connector",제작동관,AJR30007105-S5-1,1,AJR30007105-S5-1,
AJR30007105,MJU66571304,"Tube,Connector",제작동관,AJR30007105-S5-1,1,AJR30007105-S5-1,
AJR30007105,MJU66571305,"Tube,Connector",제작동관,AJR30007105-S5-1,1,AJR30007105-S5-1,
AJR30007105,MJU66571306,"Tube,Connector",제작동관,AJR30007105-S5-1,1,AJR30007105-S5-1,
AJR30007106,4930A20053A,"Holder,Sensor",반제품,AJR30007102-9-4 | AJR30007102-9-3 | AJR30007102-9-2 | AJR30007102-9-1 | AJR30007101-9-2 | AJR30007106-S5-1,6,,
AJR30012008,MJU66773001,"Tube,Connector",제작동관,AJR30012008-9-1 | AJR30012008-S1-2 | AJR30012008-SOCKET | AJR30012008-20-1,4,,
AJR30012009,MJU65966728,"Tube,Connector",제작동관,AJR30012009-SOCKET | AJR30012009-20-1,2,,
AJR30012009,MJU66774606,"Tube,Connector",제작동관,AJR30012009-SOCKET | AJR30012009-20-1,2,,
AJR30012009,MJU66774607,"Tube,Connector",제작동관,AJR30012009-SOCKET | AJR30012009-20-1,2,,
AJR30012010,MJU65966728,"Tube,Connector",제작동관,AJR30012010-SOCKET | AJR30012010-20-1,2,,
AJR30012010,MJU66774606,"Tube,Connector",제작동관,AJR30012010-SOCKET | AJR30012010-20-1,2,,
AJR30012010,MJU66774607,"Tube,Connector",제작동관,AJR30012010-SOCKET | AJR30012010-20-1,2,,
AJR30012011,MJU65966728,"Tube,Connector",제작동관,AJR30012011-SOCKET | AJR30012011-20-1,2,,
AJR30012011,MJU66774606,"Tube,Connector",제작동관,AJR30012011-SOCKET | AJR30012011-20-1,2,,
AJR30012011,MJU66774607,"Tube,Connector",제작동관,AJR30012011-SOCKET | AJR30012011-20-1,2,,
AJR30012012,MJU66773001,"Tube,Connector",제작동관,AJR30012008-9-1 | AJR30012008-S1-1 | AJR30012008-S1-2 | AJR30012008-SOCKET,4,,
AJR30012101,4930A20053A,"Holder,Sensor",반제품,AJR74482401-1 | AJR30012101-16-3 | AJR30012101-16-2,3,,
AJR30012102,4930A20053A,"Holder,Sensor",반제품,AJR74482401-1 | AJR30012101-16-2 | AJR30012101-16-3,3,,
AJR30027701,MJU66749006,"Tube,Connector",제작동관,AJR30027701-12-2 | AJR30027701-SUB1 | AJR30027701-SUB2,3,,
AJR30027701,MJU66749101,"Tube,Connector",제작동관,AJR30027701-12-2 | AJR30027701-SUB1 | AJR30027701-SUB2,3,,
AJR30027701,MJU66800402,"Tube,Connector",제작동관,AJR30027701-12-2 | AJR30027701-SUB1 | AJR30027701-SUB2,3,,
AJR30027701,MJU66800403,"Tube,Connector",제작동관,AJR30027701-12-2 | AJR30027701-SUB1 | AJR30027701-SUB2,3,,
AJR30027701,MJU66800404,"Tube,Connector",제작동관,AJR30027701-12-2 | AJR30027701-SUB1 | AJR30027701-SUB2,3,,
AJR30027703,MJU66749301,"Tube,Connector",제작동관,AJR30027703-SUB1 | AJR30027703-SUB2 | AJR30027703-12-3,3,,
AJR30027705,5211A22074A,"Tube Assembly,Connector",반제품,AJR30027701-12-2 | AJR30027705-SUB1 | AJR30027705-SUB2,3,,
AJR30027705,MJU66749006,"Tube,Connector",제작동관,AJR30027701-12-2 | AJR30027705-SUB1 | AJR30027705-SUB2,3,,
AJR30027705,MJU66749101,"Tube,Connector",제작동관,AJR30027701-12-2 | AJR30027705-SUB1 | AJR30027705-SUB2,3,,
AJR30027705,MJU66800403,"Tube,Connector",제작동관,AJR30027701-12-2 | AJR30027705-SUB1 | AJR30027705-SUB2,3,,
AJR30027705,MJU66800404,"Tube,Connector",제작동관,AJR30027701-12-2 | AJR30027705-SUB1 | AJR30027705-SUB2,3,,
AJR30027705,MJU66800405,"Tube,Connector",제작동관,AJR30027701-12-2 | AJR30027705-SUB1 | AJR30027705-SUB2,3,,
AJR30027707,5211A22074A,"Tube Assembly,Connector",반제품,AJR30027707-SUB1 | AJR30027707-SUB2 | AJR30027703-12-3,3,,
AJR30027707,MJU66749301,"Tube,Connector",제작동관,AJR30027707-SUB1 | AJR30027707-SUB2 | AJR30027703-12-3,3,,
AJR30027710,5211A22074A,"Tube Assembly,Connector",반제품,AJR30027701-12-2 | AJR30027710-SUB1 | AJR30027710-SUB2,3,,
AJR30027710,MJU66749006,"Tube,Connector",제작동관,AJR30027701-12-2 | AJR30027710-SUB1 | AJR30027710-SUB2,3,,
AJR30027710,MJU66749101,"Tube,Connector",제작동관,AJR30027701-12-2 | AJR30027710-SUB1 | AJR30027710-SUB2,3,,
AJR30027710,MJU66800403,"Tube,Connector",제작동관,AJR30027701-12-2 | AJR30027710-SUB1 | AJR30027710-SUB2,3,,
AJR30027710,MJU66800404,"Tube,Connector",제작동관,AJR30027701-12-2 | AJR30027710-SUB1 | AJR30027710-SUB2,3,,
AJR30027710,MJU66800405,"Tube,Connector",제작동관,AJR30027701-12-2 | AJR30027710-SUB1 | AJR30027710-SUB2,3,,
AJR30027712,5211A22074A,"Tube Assembly,Connector",반제품,AJR30027703-12-3 | AJR30027712-SUB1 | AJR30027712-SUB2,3,,
AJR30027712,MJU66749301,"Tube,Connector",제작동관,AJR30027703-12-3 | AJR30027712-SUB1 | AJR30027712-SUB2,3,,
AJR30027713,MJU66749006,"Tube,Connector",제작동관,AJR30027701-12-2 | AJR30027701-SUB1 | AJR30027701-SUB2,3,,
AJR30027713,MJU66749101,"Tube,Connector",제작동관,AJR30027701-12-2 | AJR30027701-SUB1 | AJR30027701-SUB2,3,,
AJR30027713,MJU66800402,"Tube,Connector",제작동관,AJR30027701-12-2 | AJR30027701-SUB1 | AJR30027701-SUB2,3,,
AJR30027713,MJU66800403,"Tube,Connector",제작동관,AJR30027701-12-2 | AJR30027701-SUB1 | AJR30027701-SUB2,3,,
AJR30027713,MJU66800404,"Tube,Connector",제작동관,AJR30027701-12-2 | AJR30027701-SUB1 | AJR30027701-SUB2,3,,
AJR30027715,MJU66749301,"Tube,Connector",제작동관,AJR30027703-SUB1 | AJR30027703-SUB2 | AJR30027703-12-3,3,,
AJR30037603,5210A30334L,"Tube,Pinch Off",제작동관,AJR30037603-20-1 | AJR30037603-20-2,2,,
AJR30037604,5210A30334L,"Tube,Pinch Off",제작동관,AJR30037604-20-1 | AJR30037604-20-2,2,,
AJR30038101,MJU66824505,"Tube,Connector",제작동관,AJR30038101-고주파 | AJR30038101-S6-2 | AJR30038101-S6-4 | AJR30038101-S6-5,4,,
AJR30038101,MJU66824602,"Tube,Connector",제작동관,AJR30038101-고주파 | AJR30038101-S6-2 | AJR30038101-S6-4 | AJR30038101-S6-5,4,,
AJR30038101,MJU66824603,"Tube,Connector",제작동관,AJR30038101-고주파 | AJR30038101-S6-2 | AJR30038101-S6-4 | AJR30038101-S6-5,4,,
AJR30075101,4930A20053A,"Holder,Sensor",반제품,AJR30075101-16-1 | AJR30075101-3-1,2,,
AJR30075401,4930A20053A,"Holder,Sensor",반제품,AJR30075401-3-7 | AJR30075401-4-4 | AJR30075401-4-5 | AJR30075401-4-6,4,,
AJR30075401,4A00114D,"Tube,Connector",제작동관,AJR30075401-3-7 | AJR30075401-4-4 | AJR30075401-4-5 | AJR30075401-4-6,4,,
AJR30075401,MJC62721914,Strainer,제작동관,AJR30075401-3-7 | AJR30075401-4-4 | AJR30075401-4-5 | AJR30075401-4-6,4,,
AJR30075401,MJU66779319,"Tube,Connector",제작동관,AJR30075401-3-7 | AJR30075401-4-4 | AJR30075401-4-5 | AJR30075401-4-6,4,,
AJR30075401,MJU66894824,"Tube,Connector",제작동관,AJR30075401-3-7 | AJR30075401-4-4 | AJR30075401-4-5 | AJR30075401-4-6,4,,
AJR30075401,MJU66894825,"Tube,Connector",제작동관,AJR30075401-3-7 | AJR30075401-4-4 | AJR30075401-4-5 | AJR30075401-4-6,4,,
AJR30075401,MJU66928302,"Tube,Connector",제작동관,AJR30075401-3-7 | AJR30075401-4-4 | AJR30075401-4-5 | AJR30075401-4-6,4,,
AJR30075401,MJU66928303,"Tube,Connector",제작동관,AJR30075401-3-7 | AJR30075401-4-4 | AJR30075401-4-5 | AJR30075401-4-6,4,,
AJR30075401,MJU66928304,"Tube,Connector",제작동관,AJR30075401-3-7 | AJR30075401-4-4 | AJR30075401-4-5 | AJR30075401-4-6,4,,
AJR30075401,MJU66928305,"Tube,Connector",제작동관,AJR30075401-3-7 | AJR30075401-4-4 | AJR30075401-4-5 | AJR30075401-4-6,4,,
AJR30075401,MJU66928307,"Tube,Connector",제작동관,AJR30075401-3-7 | AJR30075401-4-4 | AJR30075401-4-5 | AJR30075401-4-6,4,,
AJR30075401,MJU66928308,"Tube,Connector",제작동관,AJR30075401-3-7 | AJR30075401-4-4 | AJR30075401-4-5 | AJR30075401-4-6,4,,
AJR30075401,MJU66928310,"Tube,Connector",제작동관,AJR30075401-3-7 | AJR30075401-4-4 | AJR30075401-4-5 | AJR30075401-4-6,4,,
AJR30075401,MJU66928311,"Tube,Connector",제작동관,AJR30075401-3-7 | AJR30075401-4-4 | AJR30075401-4-5 | AJR30075401-4-6,4,,
AJR30078601,4H00049A,"Tube,Pinch Off",제작동관,AJR30078601-12-1 | AJR30078601-12-2 | AJR30078601-12-3,3,,
AJR30083102,5211A22074A,"Tube Assembly,Connector",반제품,5211A22074A-1,1,5211A22074A-1,
AJR30083102,MJU00892201,"Tube,Connector",제작동관,5211A22074A-1,1,5211A22074A-1,
AJR30083102,MJU00893412,"Tube,Connector",제작동관,5211A22074A-1,1,5211A22074A-1,
AJR30083102,MJU66466401,"Tube,Connector",제작동관,5211A22074A-1,1,5211A22074A-1,
AJR30106101,4A00114D,"Tube,Connector",제작동관,AJR30106101-16-2 | AJR30106101-SOCKET,2,,
AJR30106101,MJU66932515,"Tube,Connector",제작동관,AJR30106101-16-2 | AJR30106101-SOCKET,2,,
AJR30106101,MJU66932528,"Tube,Connector",제작동관,AJR30106101-16-2 | AJR30106101-SOCKET,2,,
AJR30106101,MJU66932531,"Tube,Connector",제작동관,AJR30106101-16-2 | AJR30106101-SOCKET,2,,
AJR30125601,MJU00752801,"Tube,Connector",제작동관,AJR30125601-3-1 | AJR30125601-3-2 | AJR30125501 | AJR30125502 | MAZ64571801 | MAZ64571803,6,,
AJR30125601,MJU00752802,"Tube,Connector",제작동관,AJR30125601-3-1 | AJR30125601-3-2 | AJR30125501 | AJR30125502 | MAZ64571801 | MAZ64571803,6,,
AJR30125601,MJU00752901,"Tube,Connector",제작동관,AJR30125601-3-1 | AJR30125601-3-2 | AJR30125501 | AJR30125502 | MAZ64571801 | MAZ64571803,6,,
AJR30125601,MJU00776505,"Tube,Connector",제작동관,AJR30125601-3-1 | AJR30125601-3-2 | AJR30125501 | AJR30125502 | MAZ64571801 | MAZ64571803,6,,
AJR30125601,MJU00776701,"Tube,Connector",제작동관,AJR30125601-3-1 | AJR30125601-3-2 | AJR30125501 | AJR30125502 | MAZ64571801 | MAZ64571803,6,,
AJR30125601,MJU00776705,"Tube,Connector",제작동관,AJR30125601-3-1 | AJR30125601-3-2 | AJR30125501 | AJR30125502 | MAZ64571801 | MAZ64571803,6,,
AJR30125601,MJU00776713,"Tube,Connector",제작동관,AJR30125601-3-1 | AJR30125601-3-2 | AJR30125501 | AJR30125502 | MAZ64571801 | MAZ64571803,6,,
AJR30125601,MJU00776714,"Tube,Connector",제작동관,AJR30125601-3-1 | AJR30125601-3-2 | AJR30125501 | AJR30125502 | MAZ64571801 | MAZ64571803,6,,
AJR30125601,MJU66478405,"Tube,Connector",제작동관,AJR30125601-3-1 | AJR30125601-3-2 | AJR30125501 | AJR30125502 | MAZ64571801 | MAZ64571803,6,,
AJR30125601,MJU66478704,"Tube,Connector",제작동관,AJR30125601-3-1 | AJR30125601-3-2 | AJR30125501 | AJR30125502 | MAZ64571801 | MAZ64571803,6,,
AJR30125601,MJU66478902,"Tube,Connector",제작동관,AJR30125601-3-1 | AJR30125601-3-2 | AJR30125501 | AJR30125502 | MAZ64571801 | MAZ64571803,6,,
AJR30125601,MJU66479001,"Tube,Connector",제작동관,AJR30125601-3-1 | AJR30125601-3-2 | AJR30125501 | AJR30125502 | MAZ64571801 | MAZ64571803,6,,
AJR30125601,MJU66479002,"Tube,Connector",제작동관,AJR30125601-3-1 | AJR30125601-3-2 | AJR30125501 | AJR30125502 | MAZ64571801 | MAZ64571803,6,,
AJR30125601,MJU66904602,"Tube,Connector",제작동관,AJR30125601-3-1 | AJR30125601-3-2 | AJR30125501 | AJR30125502 | MAZ64571801 | MAZ64571803,6,,
AJR30125601,MJU66904603,"Tube,Connector",제작동관,AJR30125601-3-1 | AJR30125601-3-2 | AJR30125501 | AJR30125502 | MAZ64571801 | MAZ64571803,6,,
AJR30125601,MJU66904605,"Tube,Connector",제작동관,AJR30125601-3-1 | AJR30125601-3-2 | AJR30125501 | AJR30125502 | MAZ64571801 | MAZ64571803,6,,
AJR30125602,MJU00752901,"Tube,Connector",제작동관,AJR30125601-A-S-1 | AJR30125601-A-S-2 | AJR30125602-A-S-1 | AJR30125601-A-S-4 | AJR30125501 | AJR30125503…,8,,
AJR30125603,MJU00752801,"Tube,Connector",제작동관,AJR30125601-20-1 | AJR30125601-3-2 | AJR30125603-A-S-1 | AJR30133504 | AJR30125504 | AJR30125505…,8,,
AJR30125603,MJU00752802,"Tube,Connector",제작동관,AJR30125601-20-1 | AJR30125601-3-2 | AJR30125603-A-S-1 | AJR30133504 | AJR30125504 | AJR30125505…,8,,
AJR30125603,MJU00752901,"Tube,Connector",제작동관,AJR30125601-20-1 | AJR30125601-3-2 | AJR30125603-A-S-1 | AJR30133504 | AJR30125504 | AJR30125505…,8,,
AJR30125603,MJU00776505,"Tube,Connector",제작동관,AJR30125601-20-1 | AJR30125601-3-2 | AJR30125603-A-S-1 | AJR30133504 | AJR30125504 | AJR30125505…,8,,
AJR30125603,MJU00776701,"Tube,Connector",제작동관,AJR30125601-20-1 | AJR30125601-3-2 | AJR30125603-A-S-1 | AJR30133504 | AJR30125504 | AJR30125505…,8,,
AJR30125603,MJU00776713,"Tube,Connector",제작동관,AJR30125601-20-1 | AJR30125601-3-2 | AJR30125603-A-S-1 | AJR30133504 | AJR30125504 | AJR30125505…,8,,
AJR30125603,MJU00776714,"Tube,Connector",제작동관,AJR30125601-20-1 | AJR30125601-3-2 | AJR30125603-A-S-1 | AJR30133504 | AJR30125504 | AJR30125505…,8,,
AJR30125603,MJU66478704,"Tube,Connector",제작동관,AJR30125601-20-1 | AJR30125601-3-2 | AJR30125603-A-S-1 | AJR30133504 | AJR30125504 | AJR30125505…,8,,
AJR30125603,MJU66478902,"Tube,Connector",제작동관,AJR30125601-20-1 | AJR30125601-3-2 | AJR30125603-A-S-1 | AJR30133504 | AJR30125504 | AJR30125505…,8,,
AJR30125603,MJU66479002,"Tube,Connector",제작동관,AJR30125601-20-1 | AJR30125601-3-2 | AJR30125603-A-S-1 | AJR30133504 | AJR30125504 | AJR30125505…,8,,
AJR30125603,MJU66904602,"Tube,Connector",제작동관,AJR30125601-20-1 | AJR30125601-3-2 | AJR30125603-A-S-1 | AJR30133504 | AJR30125504 | AJR30125505…,8,,
AJR30125603,MJU66904603,"Tube,Connector",제작동관,AJR30125601-20-1 | AJR30125601-3-2 | AJR30125603-A-S-1 | AJR30133504 | AJR30125504 | AJR30125505…,8,,
AJR30133602,MJU00777113,"Tube,Connector",제작동관,AJR30133602-A-S-1 | AJR30133602-A-S-2 | AJR30133602-A-S-3 | AJR30133602-SUB-1,4,,
AJR30133602,MJU00777609,"Tube,Connector",제작동관,AJR30133602-A-S-1 | AJR30133602-A-S-2 | AJR30133602-A-S-3 | AJR30133602-SUB-1,4,,
AJR30133602,MJU00777610,"Tube,Connector",제작동관,AJR30133602-A-S-1 | AJR30133602-A-S-2 | AJR30133602-A-S-3 | AJR30133602-SUB-1,4,,
AJR30133602,MJU66853321,"Tube,Connector",제작동관,AJR30133602-A-S-1 | AJR30133602-A-S-2 | AJR30133602-A-S-3 | AJR30133602-SUB-1,4,,
AJR30133604,MJU00776712,"Tube,Connector",제작동관,AJR30133604-A-S-1 | AJR30133604-A-S-2 | AJR30133604-A-S-3 | AJR30133604-SUB-1,4,,
AJR30133604,MJU00777604,"Tube,Connector",제작동관,AJR30133604-A-S-1 | AJR30133604-A-S-2 | AJR30133604-A-S-3 | AJR30133604-SUB-1,4,,
AJR30133604,MJU00777605,"Tube,Connector",제작동관,AJR30133604-A-S-1 | AJR30133604-A-S-2 | AJR30133604-A-S-3 | AJR30133604-SUB-1,4,,
AJR30133604,MJU66853322,"Tube,Connector",제작동관,AJR30133604-A-S-1 | AJR30133604-A-S-2 | AJR30133604-A-S-3 | AJR30133604-SUB-1,4,,
AJR30133604,MJU66853324,"Tube,Connector",제작동관,AJR30133604-A-S-1 | AJR30133604-A-S-2 | AJR30133604-A-S-3 | AJR30133604-SUB-1,4,,
AJR30133605,MJU00777001,"Tube,Connector",제작동관,AJR30133601-A-S-2 | AJR30133601-A-S-3 | AJR30133601-A-S-4 | AJR30133605-A-S-A | AJR30133605-SUB-1 | AJR30133605-SUB-2,6,,
AJR30133605,MJU00777012,"Tube,Connector",제작동관,AJR30133601-A-S-2 | AJR30133601-A-S-3 | AJR30133601-A-S-4 | AJR30133605-A-S-A | AJR30133605-SUB-1 | AJR30133605-SUB-2,6,,
AJR30133605,MJU00777102,"Tube,Connector",제작동관,AJR30133601-A-S-2 | AJR30133601-A-S-3 | AJR30133601-A-S-4 | AJR30133605-A-S-A | AJR30133605-SUB-1 | AJR30133605-SUB-2,6,,
AJR30133605,MJU65528010,"Tube,Connector",제작동관,AJR30133601-A-S-2 | AJR30133601-A-S-3 | AJR30133601-A-S-4 | AJR30133605-A-S-A | AJR30133605-SUB-1 | AJR30133605-SUB-2,6,,
AJR30133605,MJU66749301,"Tube,Connector",제작동관,AJR30133601-A-S-2 | AJR30133601-A-S-3 | AJR30133601-A-S-4 | AJR30133605-A-S-A | AJR30133605-SUB-1 | AJR30133605-SUB-2,6,,
AJR30133605,MJU66853321,"Tube,Connector",제작동관,AJR30133601-A-S-2 | AJR30133601-A-S-3 | AJR30133601-A-S-4 | AJR30133605-A-S-A | AJR30133605-SUB-1 | AJR30133605-SUB-2,6,,
AJR30133606,MJU00777113,"Tube,Connector",제작동관,AJR30133602-A-S-1 | AJR30133602-A-S-2,2,,
AJR30133606,MJU00777609,"Tube,Connector",제작동관,AJR30133602-A-S-1 | AJR30133602-A-S-2,2,,
AJR30133606,MJU00777610,"Tube,Connector",제작동관,AJR30133602-A-S-1 | AJR30133602-A-S-2,2,,
AJR30133606,MJU66853321,"Tube,Connector",제작동관,AJR30133602-A-S-1 | AJR30133602-A-S-2,2,,
AJR30133607,MJU66853322,"Tube,Connector",제작동관,AJR30133604-A-S-1 | AJR30133607-A-S-1 | AJR30133604-12-1,3,,
AJR30133701,MJU00776604,"Tube,Connector",제작동관,AJR30133701-SUB-1 | AJR30133701-SUB-2,2,,
AJR30133701,MJU00776606,"Tube,Connector",제작동관,AJR30133701-SUB-1 | AJR30133701-SUB-2,2,,
AJR30133701,MJU00776607,"Tube,Connector",제작동관,AJR30133701-SUB-1 | AJR30133701-SUB-2,2,,
AJR30133701,MJU00776608,"Tube,Connector",제작동관,AJR30133701-SUB-1 | AJR30133701-SUB-2,2,,
AJR30133701,MJU00776609,"Tube,Connector",제작동관,AJR30133701-SUB-1 | AJR30133701-SUB-2,2,,
AJR30133701,MJU00776610,"Tube,Connector",제작동관,AJR30133701-SUB-1 | AJR30133701-SUB-2,2,,
AJR30133701,MJU00776611,"Tube,Connector",제작동관,AJR30133701-SUB-1 | AJR30133701-SUB-2,2,,
AJR30133701,MJU00776612,"Tube,Connector",제작동관,AJR30133701-SUB-1 | AJR30133701-SUB-2,2,,
AJR30133701,MJU00776614,"Tube,Connector",제작동관,AJR30133701-SUB-1 | AJR30133701-SUB-2,2,,
AJR30133701,MJU00777301,"Tube,Connector",제작동관,AJR30133701-SUB-1 | AJR30133701-SUB-2,2,,
AJR30133701,MJU00777302,"Tube,Connector",제작동관,AJR30133701-SUB-1 | AJR30133701-SUB-2,2,,
AJR30133701,MJU65528010,"Tube,Connector",제작동관,AJR30133701-SUB-1 | AJR30133701-SUB-2,2,,
AJR30133701,MJU65528065,"Tube,Connector",제작동관,AJR30133701-SUB-1 | AJR30133701-SUB-2,2,,
AJR30133701,MJU66503306,"Tube,Connector",제작동관,AJR30133701-SUB-1 | AJR30133701-SUB-2,2,,
AJR30133701,MJU66853301,"Tube,Connector",제작동관,AJR30133701-SUB-1 | AJR30133701-SUB-2,2,,
AJR30133701,MJU66853304,"Tube,Connector",제작동관,AJR30133701-SUB-1 | AJR30133701-SUB-2,2,,
AJR30133702,MJU00776604,"Tube,Connector",제작동관,AJR30133702-SUB-1 | AJR30133702-SUB-2,2,,
AJR30133702,MJU00776606,"Tube,Connector",제작동관,AJR30133702-SUB-1 | AJR30133702-SUB-2,2,,
AJR30133702,MJU00776607,"Tube,Connector",제작동관,AJR30133702-SUB-1 | AJR30133702-SUB-2,2,,
AJR30133702,MJU00776608,"Tube,Connector",제작동관,AJR30133702-SUB-1 | AJR30133702-SUB-2,2,,
AJR30133702,MJU00776609,"Tube,Connector",제작동관,AJR30133702-SUB-1 | AJR30133702-SUB-2,2,,
AJR30133702,MJU00776610,"Tube,Connector",제작동관,AJR30133702-SUB-1 | AJR30133702-SUB-2,2,,
AJR30133702,MJU00776611,"Tube,Connector",제작동관,AJR30133702-SUB-1 | AJR30133702-SUB-2,2,,
AJR30133702,MJU00776612,"Tube,Connector",제작동관,AJR30133702-SUB-1 | AJR30133702-SUB-2,2,,
AJR30133702,MJU00776614,"Tube,Connector",제작동관,AJR30133702-SUB-1 | AJR30133702-SUB-2,2,,
AJR30133702,MJU00777105,"Tube,Connector",제작동관,AJR30133702-SUB-1 | AJR30133702-SUB-2,2,,
AJR30133702,MJU00777303,"Tube,Connector",제작동관,AJR30133702-SUB-1 | AJR30133702-SUB-2,2,,
AJR30133702,MJU00777304,"Tube,Connector",제작동관,AJR30133702-SUB-1 | AJR30133702-SUB-2,2,,
AJR30133702,MJU65528009,"Tube,Connector",제작동관,AJR30133702-SUB-1 | AJR30133702-SUB-2,2,,
AJR30133702,MJU65528066,"Tube,Connector",제작동관,AJR30133702-SUB-1 | AJR30133702-SUB-2,2,,
AJR30133702,MJU66503306,"Tube,Connector",제작동관,AJR30133702-SUB-1 | AJR30133702-SUB-2,2,,
AJR30133702,MJU66853304,"Tube,Connector",제작동관,AJR30133702-SUB-1 | AJR30133702-SUB-2,2,,
AJR30133703,MJU00777105,"Tube,Connector",제작동관,AJR30133703-SUB-1 | AJR30133703-SUB-2,2,,
AJR30133703,MJU00777305,"Tube,Connector",제작동관,AJR30133703-SUB-1 | AJR30133703-SUB-2,2,,
AJR30133703,MJU00777306,"Tube,Connector",제작동관,AJR30133703-SUB-1 | AJR30133703-SUB-2,2,,
AJR30133703,MJU00855303,"Tube,Connector",제작동관,AJR30133703-SUB-1 | AJR30133703-SUB-2,2,,
AJR30133703,MJU00855304,"Tube,Connector",제작동관,AJR30133703-SUB-1 | AJR30133703-SUB-2,2,,
AJR30133703,MJU00855305,"Tube,Connector",제작동관,AJR30133703-SUB-1 | AJR30133703-SUB-2,2,,
AJR30133703,MJU00855308,"Tube,Connector",제작동관,AJR30133703-SUB-1 | AJR30133703-SUB-2,2,,
AJR30133703,MJU00855309,"Tube,Connector",제작동관,AJR30133703-SUB-1 | AJR30133703-SUB-2,2,,
AJR30133703,MJU00855310,"Tube,Connector",제작동관,AJR30133703-SUB-1 | AJR30133703-SUB-2,2,,
AJR30133703,MJU65528009,"Tube,Connector",제작동관,AJR30133703-SUB-1 | AJR30133703-SUB-2,2,,
AJR30133703,MJU65528066,"Tube,Connector",제작동관,AJR30133703-SUB-1 | AJR30133703-SUB-2,2,,
AJR30133703,MJU66503307,"Tube,Connector",제작동관,AJR30133703-SUB-1 | AJR30133703-SUB-2,2,,
AJR30133703,MJU66853304,"Tube,Connector",제작동관,AJR30133703-SUB-1 | AJR30133703-SUB-2,2,,
AJR30133709,MJU00777313,"Tube,Connector",제작동관,AJR30133709-SUB-1 | AJR30133709-SUB-2,2,,
AJR30133709,MJU00777315,"Tube,Connector",제작동관,AJR30133709-SUB-1 | AJR30133709-SUB-2,2,,
AJR30133709,MJU00855303,"Tube,Connector",제작동관,AJR30133709-SUB-1 | AJR30133709-SUB-2,2,,
AJR30133709,MJU00855304,"Tube,Connector",제작동관,AJR30133709-SUB-1 | AJR30133709-SUB-2,2,,
AJR30133709,MJU00873804,"Tube,Connector",제작동관,AJR30133709-SUB-1 | AJR30133709-SUB-2,2,,
AJR30133709,MJU65528010,"Tube,Connector",제작동관,AJR30133709-SUB-1 | AJR30133709-SUB-2,2,,
AJR30133709,MJU66503308,"Tube,Connector",제작동관,AJR30133709-SUB-1 | AJR30133709-SUB-2,2,,
AJR30133709,MJU66853301,"Tube,Connector",제작동관,AJR30133709-SUB-1 | AJR30133709-SUB-2,2,,
AJR30133709,MJU66853304,"Tube,Connector",제작동관,AJR30133709-SUB-1 | AJR30133709-SUB-2,2,,
AJR30161402,MJU00855804,"Tube,Connector",제작동관,AJR30161402-A-S-1,1,AJR30161402-A-S-1,
AJR30161404,MJU65528066,"Tube,Connector",제작동관,AJR30161404-A-S-1,1,AJR30161404-A-S-1,
AJR30161406,MJU65528065,"Tube,Connector",제작동관,AJR30161406-A-S-1,1,AJR30161406-A-S-1,
AJR30161408,MJU65528065,"Tube,Connector",제작동관,AJR30161408-A-S-1,1,AJR30161408-A-S-1,
AJR30167201,MJU00780003,"Tube,Connector",제작동관,AJR30167201-A-S-1 | AJR30167201-SUB,2,,
AJR32563602,4930A20053A,"Holder,Sensor",반제품,AJR32563602-고압 | AJR32563602-저압,2,,
AJR34565827,MJU64093707,"Tube,Condenser",제작동관,AJR34565827-1-1 | AJR34565827-1-2 | AJR34565827-R1-3,3,,
AJR34565827,MJU64093708,"Tube,Condenser",제작동관,AJR34565827-1-1 | AJR34565827-1-2 | AJR34565827-R1-3,3,,
AJR34565827,MJU64093709,"Tube,Condenser",제작동관,AJR34565827-1-1 | AJR34565827-1-2 | AJR34565827-R1-3,3,,
AJR34565827,MJU64093710,"Tube,Condenser",제작동관,AJR34565827-1-1 | AJR34565827-1-2 | AJR34565827-R1-3,3,,
AJR34739821,4H00049A,"Tube,Pinch Off",제작동관,AJR34739821-F&T,1,AJR34739821-F&T,
AJR36013006,4930A20053A,"Holder,Sensor",반제품,MJU41490601,1,MJU41490601,
AJR36013006,EBF40271401,"Switch,Pressure",반제품,MJU41490601,1,MJU41490601,
AJR36013007,4930A20053A,"Holder,Sensor",반제품,MJU41491701,1,MJU41491701,
AJR36479502,MJU42132502,"Tube,Connector",제작동관,AJR36479508-1-1,1,AJR36479508-1-1,
AJR36479502,MJU42132503,"Tube,Connector",제작동관,AJR36479508-1-1,1,AJR36479508-1-1,
AJR36479508,MJU42132502,"Tube,Connector",제작동관,AJR36479508-1-1,1,AJR36479508-1-1,
AJR36479508,MJU42132503,"Tube,Connector",제작동관,AJR36479508-1-1,1,AJR36479508-1-1,
AJR37103404,4930A20053A,"Holder,Sensor",반제품,AJR36904202,1,AJR36904202,
AJR37103404,4H00049A,"Tube,Pinch Off",제작동관,AJR36904202,1,AJR36904202,
AJR37161107,4H00049A,"Tube,Pinch Off",제작동관,5211A22074A,1,5211A22074A,
AJR55707008,MJU47978301,"Tube,Connector",제작동관,AJR55707008-15-1 | AJR55707008-은납,2,,
AJR55707008,MJU47978302,"Tube,Connector",제작동관,AJR55707008-15-1 | AJR55707008-은납,2,,
AJR65507613,4930A20053A,"Holder,Sensor",반제품,MJU62356330 | MJU62356331 | MJU62356333 | MJU62356332,4,,
AJR65507704,4930A20053A,"Holder,Sensor",반제품,5211A22074A-2 | 4848A20007P,2,,
AJR65507704,5211A22074A,"Tube Assembly,Connector",반제품,5211A22074A-2 | 4848A20007P,2,,
AJR65507705,4930A20053A,"Holder,Sensor",반제품,4848A20007P | AJR65507705-4-1,2,,
AJR65507708,4930A20053A,"Holder,Sensor",반제품,AJR65507708-4-1 | 4848A20007P,2,,
AJR65507710,4930A20053A,"Holder,Sensor",반제품,AJR65507705-4-1 | 4848A20007P,2,,
AJR65507715,4930A20053A,"Holder,Sensor",반제품,AJR65507705-4-1 | 4848A20007P,2,,
AJR65507716,4930A20053A,"Holder,Sensor",반제품,4848A20007P,1,4848A20007P,
AJR65507720,4930A20053A,"Holder,Sensor",반제품,AJR65507720-4-1 | 5211A22074A-2 | 4848A20007P,3,,
AJR65507720,5211A22074A,"Tube Assembly,Connector",반제품,AJR65507720-4-1 | 5211A22074A-2 | 4848A20007P,3,,
AJR65507726,4930A20053A,"Holder,Sensor",반제품,AJR65507705-4-1 | 4848A20007P,2,,
AJR65507732,4930A20053A,"Holder,Sensor",반제품,AJR65507720-4-1 | 5211A22074A-2 | 4848A20007P,3,,
AJR65507732,5211A22074A,"Tube Assembly,Connector",반제품,AJR65507720-4-1 | 5211A22074A-2 | 4848A20007P,3,,
AJR65507733,4930A20053A,"Holder,Sensor",반제품,4848A20007P | AJR65507733-S3-1,2,,
AJR65507733,5211A22074A,"Tube Assembly,Connector",반제품,4848A20007P | AJR65507733-S3-1,2,,
AJR65507733,MJU63001003,"Tube,Connector",제작동관,4848A20007P | AJR65507733-S3-1,2,,
AJR71429409,MJU62128503,"Tube,Connector",제작동관,AJR71429409-3-1,1,AJR71429409-3-1,
AJR71429410,MJU62128503,"Tube,Connector",제작동관,AJR71429409-3-1,1,AJR71429409-3-1,
AJR72928401,4930A20053A,"Holder,Sensor",반제품,AJR72929201,1,AJR72929201,
AJR72928401,5210A22841A,"Tube,Coupling",반제품,AJR72929201,1,AJR72929201,
AJR72928401,MJU61885601,"Tube,Connector",제작동관,AJR72929201,1,AJR72929201,
AJR72928402,5210A22841A,"Tube,Coupling",반제품,AJR72929201,1,AJR72929201,
AJR72928402,MJU61885601,"Tube,Connector",제작동관,AJR72929201,1,AJR72929201,
AJR72933701,4A00114D,"Tube,Connector",제작동관,AJR72933701-S1-3 | AJR72933701-S1-4,2,,
AJR72933701,4H00049A,"Tube,Pinch Off",제작동관,AJR72933701-S1-3 | AJR72933701-S1-4,2,,
AJR72933701,MJU61873701,"Tube,Connector",제작동관,AJR72933701-S1-3 | AJR72933701-S1-4,2,,
AJR72933701,MJU61892301,"Tube,Connector",제작동관,AJR72933701-S1-3 | AJR72933701-S1-4,2,,
AJR72933701,MJU61892401,"Tube,Connector",제작동관,AJR72933701-S1-3 | AJR72933701-S1-4,2,,
AJR72937701,4930A20053A,"Holder,Sensor",반제품,AJR72942901-1 | AJR36904201-1,2,,
AJR72937701,4H00049A,"Tube,Pinch Off",제작동관,AJR72942901-1 | AJR36904201-1,2,,
AJR72937701,AJR36904201,"Tube Assembly,Expansion",반제품,AJR72942901-1 | AJR36904201-1,2,,
AJR72937701,AJR72942901,"Tube Assembly,Connector",반제품,AJR72942901-1 | AJR36904201-1,2,,
AJR72946422,4930A20053A,"Holder,Sensor",반제품,AJR72937704 | AJR74291201 | AJR72946811 | AJR37048417,4,,
AJR72946424,4930A20053A,"Holder,Sensor",반제품,AJR72937707 | AJR72946812 | AJR37048417 | AJR74291201,4,,
AJR72946805,4H00049A,"Tube,Pinch Off",제작동관,MJU61928901,1,MJU61928901,
AJR72946806,4H00049A,"Tube,Pinch Off",제작동관,MJU61928901,1,MJU61928901,
AJR72953103,4930A20053A,"Holder,Sensor",반제품,MJU41490601,1,MJU41490601,
AJR72954701,4H00049A,"Tube,Pinch Off",제작동관,MJU41635301,1,MJU41635301,
AJR72954801,4930A20053A,"Holder,Sensor",반제품,AJR72929201,1,AJR72929201,
AJR72954801,5224A20005M,Strainer,반제품,AJR72929201,1,AJR72929201,
AJR72954801,MJU53401202,"Tube,Connector",제작동관,AJR72929201,1,AJR72929201,
AJR72957301,4930A20053A,"Holder,Sensor",반제품,AJR72929201,1,AJR72929201,
AJR72957305,4930A20053A,"Holder,Sensor",반제품,AJR72929201,1,AJR72929201,
AJR72957305,5210A22841A,"Tube,Coupling",반제품,AJR72929201,1,AJR72929201,
AJR72982303,4H00901F,"Tube,Connector",제작동관,AJR72982303-12-1 | AJR72982303-은납,2,,
AJR72982303,MJU61987003,"Tube,Connector",제작동관,AJR72982303-12-1 | AJR72982303-은납,2,,
AJR72982303,MJU67003101,"Tube,Connector",제작동관,AJR72982303-12-1 | AJR72982303-은납,2,,
AJR73005001,4930A20053A,"Holder,Sensor",반제품,5210A22721A,1,5210A22721A,
AJR73023801,MAZ61902210,Bracket,반제품,AJR72929201,1,AJR72929201,
AJR73065501,4930A20053A,"Holder,Sensor",반제품,AJR73065501-은납,1,AJR73065501-은납,
AJR73222701,4H00049A,"Tube,Pinch Off",제작동관,MJU41635301,1,MJU41635301,
AJR73222702,4H00049A,"Tube,Pinch Off",제작동관,MJU41635301,1,MJU41635301,
AJR73562802,4930A20053A,"Holder,Sensor",반제품,MJU41635301,1,MJU41635301,
AJR73562802,4H00049A,"Tube,Pinch Off",제작동관,MJU41635301,1,MJU41635301,
AJR73562802,EBE60661401,Solenoid,반제품,MJU41635301,1,MJU41635301,
AJR73682802,4930A20053A,"Holder,Sensor",반제품,5210A22526F,1,5210A22526F,
AJR73682803,4930A20053A,"Holder,Sensor",반제품,5210A22526C,1,5210A22526C,
AJR73682805,4930A20053A,"Holder,Sensor",반제품,5210A22526F,1,5210A22526F,
AJR73703801,4930A20053A,"Holder,Sensor",반제품,MJU41635301,1,MJU41635301,
AJR73767304,AJR74488601,"Tube Assembly,Capillary",반제품,MJU63772601,1,MJU63772601,
AJR73767511,4930A20053A,"Holder,Sensor",반제품,AJR72929201 | MJU62911901,2,,
AJR73767513,4930A20053A,"Holder,Sensor",반제품,AJR72929201 | MJU62911901,2,,
AJR73767514,4930A20053A,"Holder,Sensor",반제품,AJR72929201 | MJU62911901,2,,
AJR73767711,4930A20053A,"Holder,Sensor",반제품,MJU61943601,1,MJU61943601,
AJR73767813,4930A20053A,"Holder,Sensor",반제품,AJR73767810-3-1,1,AJR73767810-3-1,
AJR73767818,4930A20053A,"Holder,Sensor",반제품,AJR73767803-3-1,1,AJR73767803-3-1,
AJR73767818,5210A30334L,"Tube,Pinch Off",제작동관,AJR73767803-3-1,1,AJR73767803-3-1,
AJR73768801,4930A20053A,"Holder,Sensor",반제품,MJU62822001 | MJU62822002 | MJU62822003,3,,
AJR73768803,4930A20053A,"Holder,Sensor",반제품,5224A20002T | MJU62822001 | MJU62822002 | MJU62822003,4,,
AJR73822512,EAP30616906,"Coil,Expansion",반제품,AJR36388606 | AJR73944511 | AAB35754002,3,,
AJR73822523,EAP30616906,"Coil,Expansion",반제품,AJR36388606 | AJR73944511 | AAB35754002,3,,
AJR73822530,EAP62228706,"Coil,Expansion",반제품,AAB73250401 | AJR36388606 | AJR36388510 | AJR73944512,4,,
AJR73822530,EBE61441605,Solenoid,반제품,AAB73250401 | AJR36388606 | AJR36388510 | AJR73944512,4,,
AJR73822540,MJU41942219,"Tube,Suction",제작동관,AJR73822540-SUB | AJR73944519 | AJR36388615 | AAB35754002,4,,
AJR73822540,MJU41942220,"Tube,Suction",제작동관,AJR73822540-SUB | AJR73944519 | AJR36388615 | AAB35754002,4,,
AJR73915505,4930A20053A,"Holder,Sensor",반제품,AJR73915505-S3-1 | AJR73915505-S3-3 | AJR73915505-S3-2,3,,
AJR73915506,4930A20053A,"Holder,Sensor",반제품,AJR73915506-S3-1 | AJR73915506-S3-2 | AJR73915506-S3-3,3,,
AJR73915511,4930A20053A,"Holder,Sensor",반제품,AJR73915511-S3-1 | AJR73915511-S3-2 | AJR73915511-S3-3,3,,
AJR73915512,4930A20053A,"Holder,Sensor",반제품,AJR73915512-S3-1 | AJR73915512-S3-2 | AJR73915512-S3-3,3,,
AJR73945001,4930A20053A,"Holder,Sensor",반제품,AJR73945001-SUB,1,AJR73945001-SUB,
AJR73964609,4930A20053A,"Holder,Sensor",반제품,MJU61943601,1,MJU61943601,
AJR73964902,4930A20053A,"Holder,Sensor",반제품,5210A22526C,1,5210A22526C,
AJR73964904,4930A20053A,"Holder,Sensor",반제품,5210A22526C,1,5210A22526C,
AJR73964905,4930A20053A,"Holder,Sensor",반제품,5210A22526C,1,5210A22526C,
AJR73964906,4930A20053A,"Holder,Sensor",반제품,5210A22526C,1,5210A22526C,
AJR73965601,4930A20053A,"Holder,Sensor",반제품,AJR73965601-SUB,1,AJR73965601-SUB,
AJR73965601,MJU62788805,"Tube,Connector",제작동관,AJR73965601-SUB,1,AJR73965601-SUB,
AJR73965601,MJU62788807,"Tube,Connector",제작동관,AJR73965601-SUB,1,AJR73965601-SUB,
AJR73965601,MJU62788809,"Tube,Connector",제작동관,AJR73965601-SUB,1,AJR73965601-SUB,
AJR73965601,MJU62789005,"Tube,Capillary Bending",제작동관,AJR73965601-SUB,1,AJR73965601-SUB,
AJR73965601,MJU62789007,"Tube,Capillary Bending",제작동관,AJR73965601-SUB,1,AJR73965601-SUB,
AJR73965601,MJU62922101,"Tube,Connector",제작동관,AJR73965601-SUB,1,AJR73965601-SUB,
AJR73965601,MJU62922103,"Tube,Connector",제작동관,AJR73965601-SUB,1,AJR73965601-SUB,
AJR73965601,MJU62922105,"Tube,Connector",제작동관,AJR73965601-SUB,1,AJR73965601-SUB,
AJR73965601,MJU62922107,"Tube,Connector",제작동관,AJR73965601-SUB,1,AJR73965601-SUB,
AJR73965601,MJU62922109,"Tube,Connector",제작동관,AJR73965601-SUB,1,AJR73965601-SUB,
AJR73965601,MJU62922111,"Tube,Connector",제작동관,AJR73965601-SUB,1,AJR73965601-SUB,
AJR73965601,MJU62922113,"Tube,Connector",제작동관,AJR73965601-SUB,1,AJR73965601-SUB,
AJR73965602,4930A20053A,"Holder,Sensor",반제품,AJR73965602-SUB,1,AJR73965602-SUB,
AJR73965602,MJU62788806,"Tube,Connector",제작동관,AJR73965602-SUB,1,AJR73965602-SUB,
AJR73965602,MJU62788808,"Tube,Connector",제작동관,AJR73965602-SUB,1,AJR73965602-SUB,
AJR73965602,MJU62788810,"Tube,Connector",제작동관,AJR73965602-SUB,1,AJR73965602-SUB,
AJR73965602,MJU62789006,"Tube,Capillary Bending",제작동관,AJR73965602-SUB,1,AJR73965602-SUB,
AJR73965602,MJU62789008,"Tube,Capillary Bending",제작동관,AJR73965602-SUB,1,AJR73965602-SUB,
AJR73965602,MJU62922102,"Tube,Connector",제작동관,AJR73965602-SUB,1,AJR73965602-SUB,
AJR73965602,MJU62922104,"Tube,Connector",제작동관,AJR73965602-SUB,1,AJR73965602-SUB,
AJR73965602,MJU62922106,"Tube,Connector",제작동관,AJR73965602-SUB,1,AJR73965602-SUB,
AJR73965602,MJU62922108,"Tube,Connector",제작동관,AJR73965602-SUB,1,AJR73965602-SUB,
AJR73965602,MJU62922110,"Tube,Connector",제작동관,AJR73965602-SUB,1,AJR73965602-SUB,
AJR73965602,MJU62922112,"Tube,Connector",제작동관,AJR73965602-SUB,1,AJR73965602-SUB,
AJR73965602,MJU62922114,"Tube,Connector",제작동관,AJR73965602-SUB,1,AJR73965602-SUB,
AJR73965606,4930A20053A,"Holder,Sensor",반제품,AJR73965606-SUB | AJR73965606-F&T,2,,
AJR73965607,4930A20053A,"Holder,Sensor",반제품,AJR73965607-SUB | AJR73965607-F&T,2,,
AJR73965701,4930A20053A,"Holder,Sensor",반제품,AJR72929210,1,AJR72929210,
AJR73980317,4930A20053A,"Holder,Sensor",반제품,AJR73980317-S1-2 | AJR73980317-S1-3 | AJR73980317-S1-4 | AJR73980317-S1-1,4,,
AJR73980317,5210A30334L,"Tube,Pinch Off",제작동관,AJR73980317-S1-2 | AJR73980317-S1-3 | AJR73980317-S1-4 | AJR73980317-S1-1,4,,
AJR73980318,4930A20053A,"Holder,Sensor",반제품,AJR73980318-S1-1 | AJR73980318-S1-2 | AJR73980318-S1-3 | AJR73980318-S1-4,4,,
AJR73980318,4A00114D,"Tube,Connector",제작동관,AJR73980318-S1-1 | AJR73980318-S1-2 | AJR73980318-S1-3 | AJR73980318-S1-4,4,,
AJR73980318,5210A30334L,"Tube,Pinch Off",제작동관,AJR73980318-S1-1 | AJR73980318-S1-2 | AJR73980318-S1-3 | AJR73980318-S1-4,4,,
AJR73980318,MJU63067406,"Tube,Connector",제작동관,AJR73980318-S1-1 | AJR73980318-S1-2 | AJR73980318-S1-3 | AJR73980318-S1-4,4,,
AJR73980318,MJU63067506,"Tube,Connector",제작동관,AJR73980318-S1-1 | AJR73980318-S1-2 | AJR73980318-S1-3 | AJR73980318-S1-4,4,,
AJR73980318,MJU63754101,"Tube,Connector",제작동관,AJR73980318-S1-1 | AJR73980318-S1-2 | AJR73980318-S1-3 | AJR73980318-S1-4,4,,
AJR73980322,4930A20053A,"Holder,Sensor",반제품,AJR73980304-3-1,1,AJR73980304-3-1,
AJR73980322,5210A30334L,"Tube,Pinch Off",제작동관,AJR73980304-3-1,1,AJR73980304-3-1,
AJR73980323,4930A20053A,"Holder,Sensor",반제품,AJR73980304-3-1,1,AJR73980304-3-1,
AJR73980323,5210A30334L,"Tube,Pinch Off",제작동관,AJR73980304-3-1,1,AJR73980304-3-1,
AJR73981108,AJJ73640107,Supporter Assembly,반제품,AJJ73640101 | AJR73663001 | AAB73230901,3,,
AJR74062502,EAP30616906,"Coil,Expansion",반제품,AAB73250401 | AJR73944503 | AJR36388606,3,,
AJR74107911,4930A20053A,"Holder,Sensor",반제품,AJR74107911-4-1,1,AJR74107911-4-1,
AJR74107912,4930A20053A,"Holder,Sensor",반제품,AJR74107912-4-1,1,AJR74107912-4-1,
AJR74169701,5211A22074A,"Tube Assembly,Connector",반제품,5211A22074A-3,1,5211A22074A-3,
AJR74205202,4H00049A,"Tube,Pinch Off",제작동관,MJU63311620,1,MJU63311620,
AJR74207301,4930A20053A,"Holder,Sensor",반제품,AJR74207301-S3-1,1,AJR74207301-S3-1,
AJR74227601,4H00049A,"Tube,Pinch Off",제작동관,MJU42938502,1,MJU42938502,
AJR74265701,5211A22074A,"Tube Assembly,Connector",반제품,5211A22074A-3 | AJR74488601,2,,
AJR74282902,4930A20053A,"Holder,Sensor",반제품,MJU63433501,1,MJU63433501,
AJR74364818,MJU63160502,"Tube,Connector",제작동관,AJR74364818-3-3,1,AJR74364818-3-3,
AJR74364818,MJU63160507,"Tube,Connector",제작동관,AJR74364818-3-3,1,AJR74364818-3-3,
AJR74364818,MJU63614801,"Tube,Connector",제작동관,AJR74364818-3-3,1,AJR74364818-3-3,
AJR74364818,MJU63614904,"Tube,Connector",제작동관,AJR74364818-3-3,1,AJR74364818-3-3,
AJR74364818,MJU64027007,"Tube,Connector",제작동관,AJR74364818-3-3,1,AJR74364818-3-3,
AJR74364825,MJU63160502,"Tube,Connector",제작동관,AJR74364825-3-3,1,AJR74364825-3-3,
AJR74364825,MJU63160507,"Tube,Connector",제작동관,AJR74364825-3-3,1,AJR74364825-3-3,
AJR74364825,MJU63614801,"Tube,Connector",제작동관,AJR74364825-3-3,1,AJR74364825-3-3,
AJR74364825,MJU66964501,"Tube,Connector",제작동관,AJR74364825-3-3,1,AJR74364825-3-3,
AJR74364825,MJU66964601,"Tube,Connector",제작동관,AJR74364825-3-3,1,AJR74364825-3-3,
AJR74365101,4930A20053A,"Holder,Sensor",반제품,AJR74365101-SUB,1,AJR74365101-SUB,
AJR74365101,5210A30334L,"Tube,Pinch Off",제작동관,AJR74365101-SUB,1,AJR74365101-SUB,
AJR74365101,MJU63751101,"Tube,Connector",제작동관,AJR74365101-SUB,1,AJR74365101-SUB,
AJR74365202,4930A20053A,"Holder,Sensor",반제품,AJR74365202-S3-1 | AJR74365202-S3-2 | AJR74365202-S3-3 | 5998A20002L,4,,
AJR74365205,4930A20053A,"Holder,Sensor",반제품,AJR74365205-S3-1 | AJR74365205-S3-2 | AJR74365205-S3-3 | 5998A20002L,4,,
AJR74366606,MJU65187806,"Tube,Connector",제작동관,AJR74366606-S2-1 | AAB35754002,2,,
AJR74366606,MJU65187807,"Tube,Connector",제작동관,AJR74366606-S2-1 | AAB35754002,2,,
AJR74424620,MJU63651002,"Tube,Connector",제작동관,AJR71429343,1,AJR71429343,
AJR74424620,MJU63651005,"Tube,Connector",제작동관,AJR71429343,1,AJR71429343,
AJR74424620,MJU63651009,"Tube,Connector",제작동관,AJR71429343,1,AJR71429343,
AJR74462301,4930A20053A,"Holder,Sensor",반제품,AJR74482401-1 | AJR30012101-16-1,2,,
AJR74462302,4930A20053A,"Holder,Sensor",반제품,AJR74482401,1,AJR74482401,
AJR74462303,4930A20053A,"Holder,Sensor",반제품,AJR74482401,1,AJR74482401,
AJR74524709,MJU65028701,"Tube,Connector",제작동관,AJR74522906 | AJR74523006,2,,
AJR74803514,4930A20053A,"Holder,Sensor",반제품,AJR74803512-4-1,1,AJR74803512-4-1,
AJR74803514,MJU65026401,"Tube,Manifold",반제품,AJR74803512-4-1,1,AJR74803512-4-1,
AJR74803537,MJU65026413,"Tube,Manifold",반제품,AJR74803522-4-1,1,AJR74803522-4-1,
AJR74844307,4930A20053A,"Holder,Sensor",반제품,AJR74844307-은납,1,AJR74844307-은납,
AJR74844310,4930A20053A,"Holder,Sensor",반제품,AJR74844310-은납,1,AJR74844310-은납,
AJR74844318,4930A20053A,"Holder,Sensor",반제품,AJR74844318-SUB,1,AJR74844318-SUB,
AJR74964701,4930A20053A,"Holder,Sensor",반제품,AJR74482401,1,AJR74482401,
AJR74983801,4930A20053A,"Holder,Sensor",반제품,MHH62041501,1,MHH62041501,
AJR74983802,4930A20053A,"Holder,Sensor",반제품,MHH62041501,1,MHH62041501,
AJR74983910,5210A23376A,"Tube,Connector",제작동관,AJR74983910-12-1 | AJR74983910-S1-3 | AJR74983910-S1-4,3,,
AJR74983910,5210A30334M,"Tube,Pinch Off",제작동관,AJR74983910-12-1 | AJR74983910-S1-3 | AJR74983910-S1-4,3,,
AJR74983910,5211A22074A,"Tube Assembly,Connector",반제품,AJR74983910-12-1 | AJR74983910-S1-3 | AJR74983910-S1-4,3,,
AJR74983910,EBF40271416,"Switch,Pressure",반제품,AJR74983910-12-1 | AJR74983910-S1-3 | AJR74983910-S1-4,3,,
AJR74983910,MJU64170104,"Tube,Connector",제작동관,AJR74983910-12-1 | AJR74983910-S1-3 | AJR74983910-S1-4,3,,
AJR74983910,MJU64388005,"Tube,Connector",제작동관,AJR74983910-12-1 | AJR74983910-S1-3 | AJR74983910-S1-4,3,,
AJR74983910,MJU64388203,"Tube,Connector",제작동관,AJR74983910-12-1 | AJR74983910-S1-3 | AJR74983910-S1-4,3,,
AJR74983910,MJU64930001,"Tube,Connector",제작동관,AJR74983910-12-1 | AJR74983910-S1-3 | AJR74983910-S1-4,3,,
AJR74983910,MJU64930102,"Tube,Connector",제작동관,AJR74983910-12-1 | AJR74983910-S1-3 | AJR74983910-S1-4,3,,
AJR74983910,MJU65026902,"Tube,Connector",제작동관,AJR74983910-12-1 | AJR74983910-S1-3 | AJR74983910-S1-4,3,,
AJR74983910,MJU65027002,"Tube,Connector",제작동관,AJR74983910-12-1 | AJR74983910-S1-3 | AJR74983910-S1-4,3,,
AJR74983938,5210A23376A,"Tube,Connector",제작동관,AJR74983938-S1-3 | AJR74983938-S1-4 | AJR74983910-12-1,3,,
AJR74983938,5210A30334M,"Tube,Pinch Off",제작동관,AJR74983938-S1-3 | AJR74983938-S1-4 | AJR74983910-12-1,3,,
AJR74983938,5211A22074A,"Tube Assembly,Connector",반제품,AJR74983938-S1-3 | AJR74983938-S1-4 | AJR74983910-12-1,3,,
AJR74983938,EBF40271428,"Switch,Pressure",반제품,AJR74983938-S1-3 | AJR74983938-S1-4 | AJR74983910-12-1,3,,
AJR74983938,MJU64170104,"Tube,Connector",제작동관,AJR74983938-S1-3 | AJR74983938-S1-4 | AJR74983910-12-1,3,,
AJR74983938,MJU64388005,"Tube,Connector",제작동관,AJR74983938-S1-3 | AJR74983938-S1-4 | AJR74983910-12-1,3,,
AJR74983938,MJU64388203,"Tube,Connector",제작동관,AJR74983938-S1-3 | AJR74983938-S1-4 | AJR74983910-12-1,3,,
AJR74983938,MJU64930001,"Tube,Connector",제작동관,AJR74983938-S1-3 | AJR74983938-S1-4 | AJR74983910-12-1,3,,
AJR74983938,MJU64930102,"Tube,Connector",제작동관,AJR74983938-S1-3 | AJR74983938-S1-4 | AJR74983910-12-1,3,,
AJR74983938,MJU65026902,"Tube,Connector",제작동관,AJR74983938-S1-3 | AJR74983938-S1-4 | AJR74983910-12-1,3,,
AJR74983938,MJU65027002,"Tube,Connector",제작동관,AJR74983938-S1-3 | AJR74983938-S1-4 | AJR74983910-12-1,3,,
AJR74983939,5210A23376A,"Tube,Connector",제작동관,AJR74983939-S1-3 | AJR74983939-S1-4 | AJR74983910-12-1,3,,
AJR74983939,5210A30334M,"Tube,Pinch Off",제작동관,AJR74983939-S1-3 | AJR74983939-S1-4 | AJR74983910-12-1,3,,
AJR74983939,5211A22074A,"Tube Assembly,Connector",반제품,AJR74983939-S1-3 | AJR74983939-S1-4 | AJR74983910-12-1,3,,
AJR74983939,EBF40271428,"Switch,Pressure",반제품,AJR74983939-S1-3 | AJR74983939-S1-4 | AJR74983910-12-1,3,,
AJR74983939,MJU64170104,"Tube,Connector",제작동관,AJR74983939-S1-3 | AJR74983939-S1-4 | AJR74983910-12-1,3,,
AJR74983939,MJU64388006,"Tube,Connector",제작동관,AJR74983939-S1-3 | AJR74983939-S1-4 | AJR74983910-12-1,3,,
AJR74983939,MJU64388203,"Tube,Connector",제작동관,AJR74983939-S1-3 | AJR74983939-S1-4 | AJR74983910-12-1,3,,
AJR74983939,MJU64930001,"Tube,Connector",제작동관,AJR74983939-S1-3 | AJR74983939-S1-4 | AJR74983910-12-1,3,,
AJR74983939,MJU64930102,"Tube,Connector",제작동관,AJR74983939-S1-3 | AJR74983939-S1-4 | AJR74983910-12-1,3,,
AJR74983939,MJU65026902,"Tube,Connector",제작동관,AJR74983939-S1-3 | AJR74983939-S1-4 | AJR74983910-12-1,3,,
AJR74983939,MJU65027002,"Tube,Connector",제작동관,AJR74983939-S1-3 | AJR74983939-S1-4 | AJR74983910-12-1,3,,
AJR74984303,MJU64427302,"Tube,Connector",제작동관,AJR74984303-S5-1,1,AJR74984303-S5-1,
AJR74984303,MJU64671101,"Tube,Connector",제작동관,AJR74984303-S5-1,1,AJR74984303-S5-1,
AJR74984303,MJU64671102,"Tube,Connector",제작동관,AJR74984303-S5-1,1,AJR74984303-S5-1,
AJR74984303,MJU64671103,"Tube,Connector",제작동관,AJR74984303-S5-1,1,AJR74984303-S5-1,
AJR74984303,MJU64671104,"Tube,Connector",제작동관,AJR74984303-S5-1,1,AJR74984303-S5-1,
AJR74984303,MJU64671105,"Tube,Connector",제작동관,AJR74984303-S5-1,1,AJR74984303-S5-1,
AJR74984303,MJU64671109,"Tube,Connector",제작동관,AJR74984303-S5-1,1,AJR74984303-S5-1,
AJR74984303,MJU64708502,"Tube,Connector",제작동관,AJR74984303-S5-1,1,AJR74984303-S5-1,
AJR74984303,MJU64708602,"Tube,Connector",제작동관,AJR74984303-S5-1,1,AJR74984303-S5-1,
AJR74984304,MJU64708502,"Tube,Connector",제작동관,AJR74984304-S5-1 | AJR74984304-S3-2,2,,
AJR74984304,MJU64708602,"Tube,Connector",제작동관,AJR74984304-S5-1 | AJR74984304-S3-2,2,,
AJR74984501,MJU64427801,"Tube,Connector",제작동관,MJU61943601,1,MJU61943601,
AJR74985201,4930A20053A,"Holder,Sensor",반제품,AJR74482401,1,AJR74482401,
AJR74985202,4930A20053A,"Holder,Sensor",반제품,AJR74482401,1,AJR74482401,
AJR74985204,4930A20053A,"Holder,Sensor",반제품,AJR74482401-1,1,AJR74482401-1,
AJR75062906,4930A20053A,"Holder,Sensor",반제품,AJR75062906-SUB | AJR75062906-F&T,2,,
AJR75062907,4930A20053A,"Holder,Sensor",반제품,AJR75062907-F&T | AJR75062907-SUB,2,,
AJR75104601,4930A20053A,"Holder,Sensor",반제품,AJR75104601-은납,1,AJR75104601-은납,
AJR75462802,MJU64407201,"Tube,Connector",제작동관,AJR75462802-S3-1 | AJR75462802-S3-2 | AJR75462802-S3-3 | MHH62041502,4,,
AJR75462802,MJU64687501,"Tube,Connector",제작동관,AJR75462802-S3-1 | AJR75462802-S3-2 | AJR75462802-S3-3 | MHH62041502,4,,
AJR75462802,MJU64687701,"Tube,Connector",제작동관,AJR75462802-S3-1 | AJR75462802-S3-2 | AJR75462802-S3-3 | MHH62041502,4,,
AJR75462802,MJU64688201,"Tube,Connector",제작동관,AJR75462802-S3-1 | AJR75462802-S3-2 | AJR75462802-S3-3 | MHH62041502,4,,
AJR75462802,MJU64688301,"Tube,Connector",제작동관,AJR75462802-S3-1 | AJR75462802-S3-2 | AJR75462802-S3-3 | MHH62041502,4,,
AJR75462802,MJU64688401,"Tube,Connector",제작동관,AJR75462802-S3-1 | AJR75462802-S3-2 | AJR75462802-S3-3 | MHH62041502,4,,
AJR75463001,MJU64688604,"Tube,Connector",제작동관,AJR75463001-SUB1 | AJR75463001-SUB2 | AJR75463001-SUB3,3,,
AJR75463001,MJU64688808,"Tube,Connector",제작동관,AJR75463001-SUB1 | AJR75463001-SUB2 | AJR75463001-SUB3,3,,
AJR75463304,4930A20053A,"Holder,Sensor",반제품,AJR75463304-S5-1 | AJR75463304-S5-2,2,,
AJR75463304,MJU64708303,"Tube,Connector",제작동관,AJR75463304-S5-1 | AJR75463304-S5-2,2,,
AJR75463304,MJU64711801,"Tube,Connector",제작동관,AJR75463304-S5-1 | AJR75463304-S5-2,2,,
AJR75463304,MJU64711901,"Tube,Connector",제작동관,AJR75463304-S5-1 | AJR75463304-S5-2,2,,
AJR75463304,MJU64712001,"Tube,Connector",제작동관,AJR75463304-S5-1 | AJR75463304-S5-2,2,,
AJR75463304,MJU64712101,"Tube,Connector",제작동관,AJR75463304-S5-1 | AJR75463304-S5-2,2,,
AJR75463304,MJU64712201,"Tube,Connector",제작동관,AJR75463304-S5-1 | AJR75463304-S5-2,2,,
AJR75482702,5210A30334L,"Tube,Pinch Off",제작동관,AJR75482702-SUB,1,AJR75482702-SUB,
AJR75482702,MJU63000101,"Tube,Connector",제작동관,AJR75482702-SUB,1,AJR75482702-SUB,
AJR75482702,MJU64727002,"Tube,Connector",제작동관,AJR75482702-SUB,1,AJR75482702-SUB,
AJR75482702,MJU64727102,"Tube,Connector",제작동관,AJR75482702-SUB,1,AJR75482702-SUB,
AJR75482702,MJU64727202,"Tube,Connector",제작동관,AJR75482702-SUB,1,AJR75482702-SUB,
AJR75482702,MJU64727501,"Tube,Connector",제작동관,AJR75482702-SUB,1,AJR75482702-SUB,
AJR75482702,MJU64727602,"Tube,Connector",제작동관,AJR75482702-SUB,1,AJR75482702-SUB,
AJR75482702,MJU64727702,"Tube,Connector",제작동관,AJR75482702-SUB,1,AJR75482702-SUB,
AJR75482702,MJU64727802,"Tube,Connector",제작동관,AJR75482702-SUB,1,AJR75482702-SUB,
AJR75482702,MJU64727902,"Tube,Connector",제작동관,AJR75482702-SUB,1,AJR75482702-SUB,
AJR75482702,MJU64728002,"Tube,Connector",제작동관,AJR75482702-SUB,1,AJR75482702-SUB,
AJR75482702,MJU64728102,"Tube,Connector",제작동관,AJR75482702-SUB,1,AJR75482702-SUB,
AJR75482702,MJU64729901,"Tube,Connector",제작동관,AJR75482702-SUB,1,AJR75482702-SUB,
AJR75483702,4930A20053A,"Holder,Sensor",반제품,AJR75483702-S5-1 | AJR75483702-S5-2,2,,
AJR75483702,MJU64671101,"Tube,Connector",제작동관,AJR75483702-S5-1 | AJR75483702-S5-2,2,,
AJR75483702,MJU64671102,"Tube,Connector",제작동관,AJR75483702-S5-1 | AJR75483702-S5-2,2,,
AJR75483702,MJU64671103,"Tube,Connector",제작동관,AJR75483702-S5-1 | AJR75483702-S5-2,2,,
AJR75483702,MJU64671104,"Tube,Connector",제작동관,AJR75483702-S5-1 | AJR75483702-S5-2,2,,
AJR75483702,MJU64671105,"Tube,Connector",제작동관,AJR75483702-S5-1 | AJR75483702-S5-2,2,,
AJR75483702,MJU64671106,"Tube,Connector",제작동관,AJR75483702-S5-1 | AJR75483702-S5-2,2,,
AJR75483702,MJU64671108,"Tube,Connector",제작동관,AJR75483702-S5-1 | AJR75483702-S5-2,2,,
AJR75483702,MJU64671109,"Tube,Connector",제작동관,AJR75483702-S5-1 | AJR75483702-S5-2,2,,
AJR75522803,4930A20053A,"Holder,Sensor",반제품,ABA76068301,1,ABA76068301,
AJR75522803,4H00049A,"Tube,Pinch Off",제작동관,ABA76068301,1,ABA76068301,
AJR75522901,4H00049A,"Tube,Pinch Off",제작동관,MJU41635301,1,MJU41635301,
AJR75524701,4H00049A,"Tube,Pinch Off",제작동관,AJR75524701-S6-1,1,AJR75524701-S6-1,
AJR75544201,MAZ64571702,Bracket,반제품,MAZ64571802 | MAZ64571801 | AJR75544601 | AJR75544501 | AJR75544201-4-1 | AJR75544201-3-1,6,,
AJR75544201,MAZ64571803,Bracket,반제품,MAZ64571802 | MAZ64571801 | AJR75544601 | AJR75544501 | AJR75544201-4-1 | AJR75544201-3-1,6,,
AJR75544204,4A00114A,"Tube,Connector",제작동관,AJR75544204-S1-3 | AJR75544204-S1-4 | AJR75544204-4-1 | AJR75544201-14-2 | AJR75544503 | AJR75544604…,8,,
AJR75544204,MJU64706601,"Tube,Connector",제작동관,AJR75544204-S1-3 | AJR75544204-S1-4 | AJR75544204-4-1 | AJR75544201-14-2 | AJR75544503 | AJR75544604…,8,,
AJR75544204,MJU64770301,"Tube,Connector",제작동관,AJR75544204-S1-3 | AJR75544204-S1-4 | AJR75544204-4-1 | AJR75544201-14-2 | AJR75544503 | AJR75544604…,8,,
AJR75544204,MJU64791301,"Tube,Connector",제작동관,AJR75544204-S1-3 | AJR75544204-S1-4 | AJR75544204-4-1 | AJR75544201-14-2 | AJR75544503 | AJR75544604…,8,,
AJR75563502,MJU64794404,"Tube,Connector",제작동관,AJR75563502-은납 | AJR75563502-12-1 | AJR75563502-12-2,3,,
AJR75563701,5210A30334L,"Tube,Pinch Off",제작동관,AJR75563701-SUB,1,AJR75563701-SUB,
AJR75563702,5210A30334L,"Tube,Pinch Off",제작동관,AJR75563702-SUB,1,AJR75563702-SUB,
AJR75645201,5210A28001G,"Tube,Return Bending",반제품,AJR75645201-SUB,1,AJR75645201-SUB,
AJR75645201,MJU63751101,"Tube,Connector",제작동관,AJR75645201-SUB,1,AJR75645201-SUB,
AJR75645201,MJU64856701,"Tube,Connector",제작동관,AJR75645201-SUB,1,AJR75645201-SUB,
AJR75645201,MJU64856801,"Tube,Connector",제작동관,AJR75645201-SUB,1,AJR75645201-SUB,
AJR75645201,MJU64857001,"Tube,Connector",제작동관,AJR75645201-SUB,1,AJR75645201-SUB,
AJR75645201,MJU64857101,"Tube,Connector",제작동관,AJR75645201-SUB,1,AJR75645201-SUB,
AJR75645201,MJU64857201,"Tube,Connector",제작동관,AJR75645201-SUB,1,AJR75645201-SUB,
AJR75645201,MJU64857301,"Tube,Connector",제작동관,AJR75645201-SUB,1,AJR75645201-SUB,
AJR75645201,MJU64857401,"Tube,Connector",제작동관,AJR75645201-SUB,1,AJR75645201-SUB,
AJR75645201,MJU64857501,"Tube,Connector",제작동관,AJR75645201-SUB,1,AJR75645201-SUB,
AJR75645201,MJU64857601,"Tube,Connector",제작동관,AJR75645201-SUB,1,AJR75645201-SUB,
AJR75645201,MJU64857701,"Tube,Connector",제작동관,AJR75645201-SUB,1,AJR75645201-SUB,
AJR75645201,MJU64906401,"Tube,Connector",제작동관,AJR75645201-SUB,1,AJR75645201-SUB,
AJR75645201,MJU64906501,"Tube,Connector",제작동관,AJR75645201-SUB,1,AJR75645201-SUB,
AJR75645201,MJU64906601,"Tube,Connector",제작동관,AJR75645201-SUB,1,AJR75645201-SUB,
AJR75645201,MJU64906701,"Tube,Connector",제작동관,AJR75645201-SUB,1,AJR75645201-SUB,
AJR75645201,MJU64906801,"Tube,Connector",제작동관,AJR75645201-SUB,1,AJR75645201-SUB,
AJR75645201,MJU64906901,"Tube,Connector",제작동관,AJR75645201-SUB,1,AJR75645201-SUB,
AJR75662310,4930A20053A,"Holder,Sensor",반제품,AJR75662310-12-1,1,AJR75662310-12-1,
AJR75713301,4930A20053A,"Holder,Sensor",반제품,AJR75713301-SUB,1,AJR75713301-SUB,
AJR75713301,4H00049A,"Tube,Pinch Off",제작동관,AJR75713301-SUB,1,AJR75713301-SUB,
AJR75723702,4930A20053A,"Holder,Sensor",반제품,5224A20002T | AJU36719713 | MJU64329001 | MJU64329002 | MJU64329003 | MJU64329004…,10,,
AJR75923201,MJU62987402,"Tube,Connector",제작동관,AJR75923201-S2-1 | AJR75923201-S2-3,2,,
AJR75923201,MJU65148301,"Tube,Connector",제작동관,AJR75923201-S2-1 | AJR75923201-S2-3,2,,
AJR75962501,MJU64787101,"Tube,Connector",제작동관,AJR75962501-S1-2,1,AJR75962501-S1-2,
AJR75962501,MJU65207304,"Tube,Connector",제작동관,AJR75962501-S1-2,1,AJR75962501-S1-2,
AJR75983001,4H00049A,"Tube,Pinch Off",제작동관,AJR75983001-7-1 | AAB35754002,2,,
AJR75983003,MJU65187806,"Tube,Connector",제작동관,AJR75983001-7-1 | AAB35754002,2,,
AJR75983003,MJU65187807,"Tube,Connector",제작동관,AJR75983001-7-1 | AAB35754002,2,,
AJR75983005,4H00049A,"Tube,Pinch Off",제작동관,AJR75983005-7-1 | AAB35754002,2,,
AJR75983008,MJU65187806,"Tube,Connector",제작동관,AJR75983001-7-1 | AAB35754002,2,,
AJR75983008,MJU65187807,"Tube,Connector",제작동관,AJR75983001-7-1 | AAB35754002,2,,
AJR75983010,5211A22074A,"Tube Assembly,Connector",반제품,AJR75983001-7-1 | 5211A22074A-1 | AAB35754002,3,,
AJR76264102,5210A30334L,"Tube,Pinch Off",제작동관,AJR76264102-19-1 | AJR76264102-19-2 | AJR76264102-19-3,3,,
AJR76322601,4A00114E,"Tube,Connector",제작동관,AJR76322601-S1-1 | AJR76322601-S1-2 | AJR76322601-S1-3 | AJR76322601-S1-4 | AJR76322601-4-1 | MAZ64571801,6,,
AJR76322601,MJU65626404,"Tube,Connector",제작동관,AJR76322601-S1-1 | AJR76322601-S1-2 | AJR76322601-S1-3 | AJR76322601-S1-4 | AJR76322601-4-1 | MAZ64571801,6,,
AJR76322601,MJU65626405,"Tube,Connector",제작동관,AJR76322601-S1-1 | AJR76322601-S1-2 | AJR76322601-S1-3 | AJR76322601-S1-4 | AJR76322601-4-1 | MAZ64571801,6,,
AJR76322601,MJU65626506,"Tube,Connector",제작동관,AJR76322601-S1-1 | AJR76322601-S1-2 | AJR76322601-S1-3 | AJR76322601-S1-4 | AJR76322601-4-1 | MAZ64571801,6,,
AJR76322601,MJU65626509,"Tube,Connector",제작동관,AJR76322601-S1-1 | AJR76322601-S1-2 | AJR76322601-S1-3 | AJR76322601-S1-4 | AJR76322601-4-1 | MAZ64571801,6,,
AJR76363001,4930A20053A,"Holder,Sensor",반제품,AJR76363001-S1-1 | AJR76363001-S1-2 | AJR76363001-S1-3 | AJR76363001-S1-4 | AJR76363001-S1-5,5,,
AJR76363001,MJU65588305,"Tube,Connector",제작동관,AJR76363001-S1-1 | AJR76363001-S1-2 | AJR76363001-S1-3 | AJR76363001-S1-4 | AJR76363001-S1-5,5,,
AJR76363002,4930A20053A,"Holder,Sensor",반제품,AJR76363002-S3-1 | AJR76363002-S3-3,2,,
AJR76363002,MJU42938502,"Tube,Connector",제작동관,AJR76363002-S3-1 | AJR76363002-S3-3,2,,
AJR76363002,MJU65486405,"Tube,Connector",제작동관,AJR76363002-S3-1 | AJR76363002-S3-3,2,,
AJR76363002,MJU65486416,"Tube,Connector",제작동관,AJR76363002-S3-1 | AJR76363002-S3-3,2,,
AJR76363002,MJU65588306,"Tube,Connector",제작동관,AJR76363002-S3-1 | AJR76363002-S3-3,2,,
AJR76363002,MJU65588310,"Tube,Connector",제작동관,AJR76363002-S3-1 | AJR76363002-S3-3,2,,
AJR76402407,4930A20053A,"Holder,Sensor",반제품,AJR76402407-SOCKET,1,AJR76402407-SOCKET,
AJR76402407,5210A30334L,"Tube,Pinch Off",제작동관,AJR76402407-SOCKET,1,AJR76402407-SOCKET,
AJR76402407,MJU66466401,"Tube,Connector",제작동관,AJR76402407-SOCKET,1,AJR76402407-SOCKET,
AJR76402409,4930A20053A,"Holder,Sensor",반제품,AJR76402409-은납,1,AJR76402409-은납,
AJR76402409,5210A30334L,"Tube,Pinch Off",제작동관,AJR76402409-은납,1,AJR76402409-은납,
AJR76402409,MJU66466401,"Tube,Connector",제작동관,AJR76402409-은납,1,AJR76402409-은납,
AJR76442702,4H00049A,"Tube,Pinch Off",제작동관,AJR76442702-S5-1,1,AJR76442702-S5-1,
AJR76442702,MJU65749903,"Tube,Connector",제작동관,AJR76442702-S5-1,1,AJR76442702-S5-1,
AJR76502610,AJR30083901,Tube Assembly,반제품,AJR76462622-IS | AJR76502610-3-1 | AJR76502610-3-2,3,,
AJR76502610,AJR76462622,Tube Assembly,반제품,AJR76462622-IS | AJR76502610-3-1 | AJR76502610-3-2,3,,
AJR76502611,AJR76462621,Tube Assembly,반제품,AJR76462621-IS | AJR76502611-3-1 | AJR76502611-3-2,3,,
AJR76502614,AJR30083901,Tube Assembly,반제품,AJR76462622-IS | AJR76502610-3-1 | AJR76502610-3-2,3,,
AJR76502614,AJR76462622,Tube Assembly,반제품,AJR76462622-IS | AJR76502610-3-1 | AJR76502610-3-2,3,,
AJR76523008,AJJ73040828,Supporter Assembly,반제품,AJR74424612-1-1 | AJR74424615-7-1 | AJR76523008-SUB,3,,
AJR76523008,AJR74424615,"Tube Assembly,Reverse",반제품,AJR74424612-1-1 | AJR74424615-7-1 | AJR76523008-SUB,3,,
AJR76523011,AJJ73040839,Supporter Assembly,반제품,AJR76523011-R1-2 | AJR74424620-1-1 | AJR71429343 | AJR76523011-SUB,4,,
AJR76523011,AJR71433341,"Tube Assembly,Expansion",반제품,AJR76523011-R1-2 | AJR74424620-1-1 | AJR71429343 | AJR76523011-SUB,4,,
AJR76523011,AJR74424620,"Tube Assembly,Reverse",반제품,AJR76523011-R1-2 | AJR74424620-1-1 | AJR71429343 | AJR76523011-SUB,4,,
AJR76523012,AJJ73040839,Supporter Assembly,반제품,AJR71433341 | AJR74424621 | AJR76523012-SUB,3,,
AJR76562804,4H00049A,"Tube,Pinch Off",제작동관,AJR76562804-20-1 | AJR76562804-20-2,2,,
AJR76582505,MJU66958507,"Tube,Connector",제작동관,AJR76582505-3-1 | AJR76582505-4-2 | AJR76582505-4-3 | AJR76582505-4-4 | MAZ64571803 | AJR76582505-2,6,,
AJR76582505,MJU66959202,"Tube,Connector",제작동관,AJR76582505-3-1 | AJR76582505-4-2 | AJR76582505-4-3 | AJR76582505-4-4 | MAZ64571803 | AJR76582505-2,6,,
AJR76582506,4A00114E,"Tube,Connector",제작동관,AJR76582505-3-1 | AJR76582506-3-1 | AJR76582506-6 | AJR76582506-2 | MAZ64571803,5,,
AJR76582506,MJU65486405,"Tube,Connector",제작동관,AJR76582505-3-1 | AJR76582506-3-1 | AJR76582506-6 | AJR76582506-2 | MAZ64571803,5,,
AJR76582506,MJU65486429,"Tube,Connector",제작동관,AJR76582505-3-1 | AJR76582506-3-1 | AJR76582506-6 | AJR76582506-2 | MAZ64571803,5,,
AJR76582506,MJU65486430,"Tube,Connector",제작동관,AJR76582505-3-1 | AJR76582506-3-1 | AJR76582506-6 | AJR76582506-2 | MAZ64571803,5,,
AJR76582506,MJU66958503,"Tube,Connector",제작동관,AJR76582505-3-1 | AJR76582506-3-1 | AJR76582506-6 | AJR76582506-2 | MAZ64571803,5,,
AJR76582506,MJU66958508,"Tube,Connector",제작동관,AJR76582505-3-1 | AJR76582506-3-1 | AJR76582506-6 | AJR76582506-2 | MAZ64571803,5,,
AJR76582506,MJU66959201,"Tube,Connector",제작동관,AJR76582505-3-1 | AJR76582506-3-1 | AJR76582506-6 | AJR76582506-2 | MAZ64571803,5,,
AJR76582506,MJU66959604,"Tube,Connector",제작동관,AJR76582505-3-1 | AJR76582506-3-1 | AJR76582506-6 | AJR76582506-2 | MAZ64571803,5,,
AJR76663201,4930A20053A,"Holder,Sensor",반제품,AJR76663201-SUB,1,AJR76663201-SUB,
AJR76663206,4930A20053A,"Holder,Sensor",반제품,AJR76663206-SUB,1,AJR76663206-SUB,
AJR76703602,4930A20053A,"Holder,Sensor",반제품,AJR76703602-S3-2 | AJR76703602-S3-3,2,,
AJR76703602,5224A20005L,Strainer,반제품,AJR76703602-S3-2 | AJR76703602-S3-3,2,,
AJR76703602,MJU63617901,"Tube,Connector",제작동관,AJR76703602-S3-2 | AJR76703602-S3-3,2,,
AJR76703602,MJU65521301,"Tube,Connector",제작동관,AJR76703602-S3-2 | AJR76703602-S3-3,2,,
AJR76703602,MJU65521401,"Tube,Connector",제작동관,AJR76703602-S3-2 | AJR76703602-S3-3,2,,
AJR76703612,4930A20053A,"Holder,Sensor",반제품,MJU63618001,1,MJU63618001,
AJR76742301,4930A20053A,"Holder,Sensor",반제품,AJR76742301-SUB,1,AJR76742301-SUB,
AJR76742303,4930A20053A,"Holder,Sensor",반제품,AJR76742303-은납,1,AJR76742303-은납,
AJR76742305,4930A20053A,"Holder,Sensor",반제품,AJR76742305-SUB,1,AJR76742305-SUB,
AJR76742312,4930A20053A,"Holder,Sensor",반제품,AJR76742312-SUB,1,AJR76742312-SUB,
AJR76823101,MJU66108101,"Tube,Discharge",제작동관,AJR76823101-SOCKET | MJU66547301,2,,
AJR76982501,MJU64706601,"Tube,Connector",제작동관,AJR76982401 | AJR75544505 | AJR76982501-12-1 | AJR76982501-4-1 | AJR76982501-4-2 | MAZ64571801…,7,,
AJR76982502,MJU64706601,"Tube,Connector",제작동관,AJR75544505 | AJR76982501-12-1 | AJR76982502-4-1 | AJR76982501-4-2 | AJR76982502-4-2 | MAZ64571801…,7,,
AJR77142502,MJU66845501,"Tube,Connector",제작동관,AJR77142502-SUB,1,AJR77142502-SUB,
AJR77142502,MJU66845502,"Tube,Connector",제작동관,AJR77142502-SUB,1,AJR77142502-SUB,
AJR77142502,MJU66845503,"Tube,Connector",제작동관,AJR77142502-SUB,1,AJR77142502-SUB,
AJR77142502,MJU66845504,"Tube,Connector",제작동관,AJR77142502-SUB,1,AJR77142502-SUB,
AJR77142503,MJU66845501,"Tube,Connector",제작동관,AJR77142503-SUB,1,AJR77142503-SUB,
AJR77142503,MJU66845502,"Tube,Connector",제작동관,AJR77142503-SUB,1,AJR77142503-SUB,
AJR77142503,MJU66845503,"Tube,Connector",제작동관,AJR77142503-SUB,1,AJR77142503-SUB,
AJR77142503,MJU66845504,"Tube,Connector",제작동관,AJR77142503-SUB,1,AJR77142503-SUB,
AJR77163101,MJU66366806,"Tube,Connector",제작동관,AJR77163101-4-1,1,AJR77163101-4-1,
AJR77167311,MJU66493704,"Tube,Connector",제작동관,AJR77167311-S2-1 | AJR77167310-7-1,2,,
AJR77171201,MJU63000101,"Tube,Connector",제작동관,AJR77171201-SUB | AJR77171201-F&T | AJR77171201-S6-1,3,,
AJR77171201,MJU64727001,"Tube,Connector",제작동관,AJR77171201-SUB | AJR77171201-F&T | AJR77171201-S6-1,3,,
AJR77171201,MJU64727101,"Tube,Connector",제작동관,AJR77171201-SUB | AJR77171201-F&T | AJR77171201-S6-1,3,,
AJR77171201,MJU64727201,"Tube,Connector",제작동관,AJR77171201-SUB | AJR77171201-F&T | AJR77171201-S6-1,3,,
AJR77171201,MJU64727501,"Tube,Connector",제작동관,AJR77171201-SUB | AJR77171201-F&T | AJR77171201-S6-1,3,,
AJR77171201,MJU64727601,"Tube,Connector",제작동관,AJR77171201-SUB | AJR77171201-F&T | AJR77171201-S6-1,3,,
AJR77171201,MJU64727701,"Tube,Connector",제작동관,AJR77171201-SUB | AJR77171201-F&T | AJR77171201-S6-1,3,,
AJR77171201,MJU64727801,"Tube,Connector",제작동관,AJR77171201-SUB | AJR77171201-F&T | AJR77171201-S6-1,3,,
AJR77171201,MJU64727901,"Tube,Connector",제작동관,AJR77171201-SUB | AJR77171201-F&T | AJR77171201-S6-1,3,,
AJR77171201,MJU64728001,"Tube,Connector",제작동관,AJR77171201-SUB | AJR77171201-F&T | AJR77171201-S6-1,3,,
AJR77171201,MJU64728101,"Tube,Connector",제작동관,AJR77171201-SUB | AJR77171201-F&T | AJR77171201-S6-1,3,,
AJR77171201,MJU64729901,"Tube,Connector",제작동관,AJR77171201-SUB | AJR77171201-F&T | AJR77171201-S6-1,3,,
AJR77189101,4930A20053A,"Holder,Sensor",반제품,AJR77189101-은납,1,AJR77189101-은납,
AJR77189103,4930A20053A,"Holder,Sensor",반제품,AJR77189103-SUB,1,AJR77189103-SUB,
AJR77202901,MJU64870703,"Tube,Capillary Bending",반제품,AJR77202901-S1-4 | AJR77202901-S1-5 | AJR77202901-S1-6 | 4848A20007P | AJR77202902-19-1,5,,
AJR77202901,MJU66366311,"Tube,Connector",제작동관,AJR77202901-S1-4 | AJR77202901-S1-5 | AJR77202901-S1-6 | 4848A20007P | AJR77202902-19-1,5,,
AJR77202902,MJU64870703,"Tube,Capillary Bending",반제품,AJR77202901-S1-4 | AJR77202901-S1-5 | AJR77202901-S1-6 | AJR77202902-19-1,4,,
AJR77202902,MJU66366311,"Tube,Connector",제작동관,AJR77202901-S1-4 | AJR77202901-S1-5 | AJR77202901-S1-6 | AJR77202902-19-1,4,,
AJR77222902,AJR77223002,"Tube Assembly,Reverse",반제품,AJR77222902-S2-1 | AJR77223102 | MAA63804601,3,,
AJR77222905,AJR77223005,"Tube Assembly,Reverse",반제품,AJR77222905-S2-1 | AJR77223105 | AJR77222905-9-1 | MAA63804601,4,,
AJR77224501,AJR77188701,"Tube Assembly,Solenoide",반제품,AJR77188801 | AJR77224501-1-2 | AJR77224501-S1-2 | AJR77224519-12-1 | MAZ64571801 | MAZ64571803,6,,
AJR77224501,AJU73472405,Valve Assembly,반제품,AJR77188801 | AJR77224501-1-2 | AJR77224501-S1-2 | AJR77224519-12-1 | MAZ64571801 | MAZ64571803,6,,
AJR77224501,MJU66478501,"Tube,Connector",제작동관,AJR77188801 | AJR77224501-1-2 | AJR77224501-S1-2 | AJR77224519-12-1 | MAZ64571801 | MAZ64571803,6,,
AJR77224501,MJU66478801,"Tube,Connector",제작동관,AJR77188801 | AJR77224501-1-2 | AJR77224501-S1-2 | AJR77224519-12-1 | MAZ64571801 | MAZ64571803,6,,
AJR77224501,MJU66478901,"Tube,Connector",제작동관,AJR77188801 | AJR77224501-1-2 | AJR77224501-S1-2 | AJR77224519-12-1 | MAZ64571801 | MAZ64571803,6,,
AJR77224501,MJU66479001,"Tube,Connector",제작동관,AJR77188801 | AJR77224501-1-2 | AJR77224501-S1-2 | AJR77224519-12-1 | MAZ64571801 | MAZ64571803,6,,
AJR77224501,MJU66479101,"Tube,Connector",제작동관,AJR77188801 | AJR77224501-1-2 | AJR77224501-S1-2 | AJR77224519-12-1 | MAZ64571801 | MAZ64571803,6,,
AJR77224501,MJU66479201,"Tube,Connector",제작동관,AJR77188801 | AJR77224501-1-2 | AJR77224501-S1-2 | AJR77224519-12-1 | MAZ64571801 | MAZ64571803,6,,
AJR77224502,AJR77188701,"Tube Assembly,Solenoide",반제품,AJR77188802 | AJR77224502-1-2 | AJR77224502-S1-2 | AJR77224519-12-1 | MAZ64571801 | MAZ64571803,6,,
AJR77224502,AJU73472405,Valve Assembly,반제품,AJR77188802 | AJR77224502-1-2 | AJR77224502-S1-2 | AJR77224519-12-1 | MAZ64571801 | MAZ64571803,6,,
AJR77224502,MJU66478501,"Tube,Connector",제작동관,AJR77188802 | AJR77224502-1-2 | AJR77224502-S1-2 | AJR77224519-12-1 | MAZ64571801 | MAZ64571803,6,,
AJR77224502,MJU66478801,"Tube,Connector",제작동관,AJR77188802 | AJR77224502-1-2 | AJR77224502-S1-2 | AJR77224519-12-1 | MAZ64571801 | MAZ64571803,6,,
AJR77224502,MJU66478901,"Tube,Connector",제작동관,AJR77188802 | AJR77224502-1-2 | AJR77224502-S1-2 | AJR77224519-12-1 | MAZ64571801 | MAZ64571803,6,,
AJR77224502,MJU66479001,"Tube,Connector",제작동관,AJR77188802 | AJR77224502-1-2 | AJR77224502-S1-2 | AJR77224519-12-1 | MAZ64571801 | MAZ64571803,6,,
AJR77224502,MJU66479101,"Tube,Connector",제작동관,AJR77188802 | AJR77224502-1-2 | AJR77224502-S1-2 | AJR77224519-12-1 | MAZ64571801 | MAZ64571803,6,,
AJR77224502,MJU66479201,"Tube,Connector",제작동관,AJR77188802 | AJR77224502-1-2 | AJR77224502-S1-2 | AJR77224519-12-1 | MAZ64571801 | MAZ64571803,6,,
AJR77224503,AJR77188701,"Tube Assembly,Solenoide",반제품,AJR77188801 | AJR77224501-1-2 | AJR77224503-S1-2 | AJR77224501-12-2 | MAZ64571801 | MAZ64571803,6,,
AJR77224503,MJU66478501,"Tube,Connector",제작동관,AJR77188801 | AJR77224501-1-2 | AJR77224503-S1-2 | AJR77224501-12-2 | MAZ64571801 | MAZ64571803,6,,
AJR77224503,MJU66478801,"Tube,Connector",제작동관,AJR77188801 | AJR77224501-1-2 | AJR77224503-S1-2 | AJR77224501-12-2 | MAZ64571801 | MAZ64571803,6,,
AJR77224503,MJU66478901,"Tube,Connector",제작동관,AJR77188801 | AJR77224501-1-2 | AJR77224503-S1-2 | AJR77224501-12-2 | MAZ64571801 | MAZ64571803,6,,
AJR77224503,MJU66479001,"Tube,Connector",제작동관,AJR77188801 | AJR77224501-1-2 | AJR77224503-S1-2 | AJR77224501-12-2 | MAZ64571801 | MAZ64571803,6,,
AJR77224503,MJU66479101,"Tube,Connector",제작동관,AJR77188801 | AJR77224501-1-2 | AJR77224503-S1-2 | AJR77224501-12-2 | MAZ64571801 | MAZ64571803,6,,
AJR77224503,MJU66479201,"Tube,Connector",제작동관,AJR77188801 | AJR77224501-1-2 | AJR77224503-S1-2 | AJR77224501-12-2 | MAZ64571801 | MAZ64571803,6,,
AJR77224504,AJR77188701,"Tube Assembly,Solenoide",반제품,AJR77188802 | AJR77224502-1-2 | AJR77224504-S1-2 | AJR77224501-12-2 | MAZ64571801 | MAZ64571803,6,,
AJR77224504,MJU66478501,"Tube,Connector",제작동관,AJR77188802 | AJR77224502-1-2 | AJR77224504-S1-2 | AJR77224501-12-2 | MAZ64571801 | MAZ64571803,6,,
AJR77224504,MJU66478801,"Tube,Connector",제작동관,AJR77188802 | AJR77224502-1-2 | AJR77224504-S1-2 | AJR77224501-12-2 | MAZ64571801 | MAZ64571803,6,,
AJR77224504,MJU66478901,"Tube,Connector",제작동관,AJR77188802 | AJR77224502-1-2 | AJR77224504-S1-2 | AJR77224501-12-2 | MAZ64571801 | MAZ64571803,6,,
AJR77224504,MJU66479001,"Tube,Connector",제작동관,AJR77188802 | AJR77224502-1-2 | AJR77224504-S1-2 | AJR77224501-12-2 | MAZ64571801 | MAZ64571803,6,,
AJR77224504,MJU66479101,"Tube,Connector",제작동관,AJR77188802 | AJR77224502-1-2 | AJR77224504-S1-2 | AJR77224501-12-2 | MAZ64571801 | MAZ64571803,6,,
AJR77224504,MJU66479201,"Tube,Connector",제작동관,AJR77188802 | AJR77224502-1-2 | AJR77224504-S1-2 | AJR77224501-12-2 | MAZ64571801 | MAZ64571803,6,,
AJR77224505,AJR77188701,"Tube Assembly,Solenoide",반제품,AJR77188801 | AJR77224505-1-2 | AJR77224505-S1-2 | AJR77224501-12-2 | MAZ64571801 | MAZ64571803,6,,
AJR77224505,AJU73472405,Valve Assembly,반제품,AJR77188801 | AJR77224505-1-2 | AJR77224505-S1-2 | AJR77224501-12-2 | MAZ64571801 | MAZ64571803,6,,
AJR77224505,MJU66478501,"Tube,Connector",제작동관,AJR77188801 | AJR77224505-1-2 | AJR77224505-S1-2 | AJR77224501-12-2 | MAZ64571801 | MAZ64571803,6,,
AJR77224505,MJU66478801,"Tube,Connector",제작동관,AJR77188801 | AJR77224505-1-2 | AJR77224505-S1-2 | AJR77224501-12-2 | MAZ64571801 | MAZ64571803,6,,
AJR77224505,MJU66478901,"Tube,Connector",제작동관,AJR77188801 | AJR77224505-1-2 | AJR77224505-S1-2 | AJR77224501-12-2 | MAZ64571801 | MAZ64571803,6,,
AJR77224505,MJU66479001,"Tube,Connector",제작동관,AJR77188801 | AJR77224505-1-2 | AJR77224505-S1-2 | AJR77224501-12-2 | MAZ64571801 | MAZ64571803,6,,
AJR77224505,MJU66479101,"Tube,Connector",제작동관,AJR77188801 | AJR77224505-1-2 | AJR77224505-S1-2 | AJR77224501-12-2 | MAZ64571801 | MAZ64571803,6,,
AJR77224505,MJU66479201,"Tube,Connector",제작동관,AJR77188801 | AJR77224505-1-2 | AJR77224505-S1-2 | AJR77224501-12-2 | MAZ64571801 | MAZ64571803,6,,
AJR77224506,AJU73472405,Valve Assembly,반제품,AJR75709904 | AJR77188802 | AJR77224506-S1-2 | AJR77224506-S1-3 | MAZ64571801 | MAZ64571803…,7,,
AJR77224506,MJU66478404,"Tube,Connector",제작동관,AJR75709904 | AJR77188802 | AJR77224506-S1-2 | AJR77224506-S1-3 | MAZ64571801 | MAZ64571803…,7,,
AJR77224506,MJU66478501,"Tube,Connector",제작동관,AJR75709904 | AJR77188802 | AJR77224506-S1-2 | AJR77224506-S1-3 | MAZ64571801 | MAZ64571803…,7,,
AJR77224506,MJU66478801,"Tube,Connector",제작동관,AJR75709904 | AJR77188802 | AJR77224506-S1-2 | AJR77224506-S1-3 | MAZ64571801 | MAZ64571803…,7,,
AJR77224506,MJU66478901,"Tube,Connector",제작동관,AJR75709904 | AJR77188802 | AJR77224506-S1-2 | AJR77224506-S1-3 | MAZ64571801 | MAZ64571803…,7,,
AJR77224506,MJU66479001,"Tube,Connector",제작동관,AJR75709904 | AJR77188802 | AJR77224506-S1-2 | AJR77224506-S1-3 | MAZ64571801 | MAZ64571803…,7,,
AJR77224506,MJU66479101,"Tube,Connector",제작동관,AJR75709904 | AJR77188802 | AJR77224506-S1-2 | AJR77224506-S1-3 | MAZ64571801 | MAZ64571803…,7,,
AJR77224506,MJU66479201,"Tube,Connector",제작동관,AJR75709904 | AJR77188802 | AJR77224506-S1-2 | AJR77224506-S1-3 | MAZ64571801 | MAZ64571803…,7,,
AJR77224507,MJU66478501,"Tube,Connector",제작동관,AJR30051301 | AJR77188801 | AJR77224507-S1-2 | AJR77224507-S1-3 | MAZ64571801 | MAZ64571803…,7,,
AJR77224507,MJU66478801,"Tube,Connector",제작동관,AJR30051301 | AJR77188801 | AJR77224507-S1-2 | AJR77224507-S1-3 | MAZ64571801 | MAZ64571803…,7,,
AJR77224507,MJU66478901,"Tube,Connector",제작동관,AJR30051301 | AJR77188801 | AJR77224507-S1-2 | AJR77224507-S1-3 | MAZ64571801 | MAZ64571803…,7,,
AJR77224507,MJU66479001,"Tube,Connector",제작동관,AJR30051301 | AJR77188801 | AJR77224507-S1-2 | AJR77224507-S1-3 | MAZ64571801 | MAZ64571803…,7,,
AJR77224507,MJU66479101,"Tube,Connector",제작동관,AJR30051301 | AJR77188801 | AJR77224507-S1-2 | AJR77224507-S1-3 | MAZ64571801 | MAZ64571803…,7,,
AJR77224507,MJU66479201,"Tube,Connector",제작동관,AJR30051301 | AJR77188801 | AJR77224507-S1-2 | AJR77224507-S1-3 | MAZ64571801 | MAZ64571803…,7,,
AJR77224508,MJU66478501,"Tube,Connector",제작동관,AJR75709904 | AJR77188802 | AJR77224508-1-2 | AJR77224508-S1-2 | AJR77224501-12-2 | MAZ64571801…,7,,
AJR77224508,MJU66478801,"Tube,Connector",제작동관,AJR75709904 | AJR77188802 | AJR77224508-1-2 | AJR77224508-S1-2 | AJR77224501-12-2 | MAZ64571801…,7,,
AJR77224508,MJU66478901,"Tube,Connector",제작동관,AJR75709904 | AJR77188802 | AJR77224508-1-2 | AJR77224508-S1-2 | AJR77224501-12-2 | MAZ64571801…,7,,
AJR77224508,MJU66479001,"Tube,Connector",제작동관,AJR75709904 | AJR77188802 | AJR77224508-1-2 | AJR77224508-S1-2 | AJR77224501-12-2 | MAZ64571801…,7,,
AJR77224508,MJU66479101,"Tube,Connector",제작동관,AJR75709904 | AJR77188802 | AJR77224508-1-2 | AJR77224508-S1-2 | AJR77224501-12-2 | MAZ64571801…,7,,
AJR77224508,MJU66479201,"Tube,Connector",제작동관,AJR75709904 | AJR77188802 | AJR77224508-1-2 | AJR77224508-S1-2 | AJR77224501-12-2 | MAZ64571801…,7,,
AJR77224509,AJR77188701,"Tube Assembly,Solenoide",반제품,AJR77188802 | AJR77224502-1-2 | AJR77224509-S1-1 | AJR77224509-S1-2 | AJR77224519-12-1 | MAZ64571801…,7,,
AJR77224509,AJU73472405,Valve Assembly,반제품,AJR77188802 | AJR77224502-1-2 | AJR77224509-S1-1 | AJR77224509-S1-2 | AJR77224519-12-1 | MAZ64571801…,7,,
AJR77224509,MJU66478501,"Tube,Connector",제작동관,AJR77188802 | AJR77224502-1-2 | AJR77224509-S1-1 | AJR77224509-S1-2 | AJR77224519-12-1 | MAZ64571801…,7,,
AJR77224509,MJU66478801,"Tube,Connector",제작동관,AJR77188802 | AJR77224502-1-2 | AJR77224509-S1-1 | AJR77224509-S1-2 | AJR77224519-12-1 | MAZ64571801…,7,,
AJR77224509,MJU66478901,"Tube,Connector",제작동관,AJR77188802 | AJR77224502-1-2 | AJR77224509-S1-1 | AJR77224509-S1-2 | AJR77224519-12-1 | MAZ64571801…,7,,
AJR77224509,MJU66479001,"Tube,Connector",제작동관,AJR77188802 | AJR77224502-1-2 | AJR77224509-S1-1 | AJR77224509-S1-2 | AJR77224519-12-1 | MAZ64571801…,7,,
AJR77224509,MJU66479101,"Tube,Connector",제작동관,AJR77188802 | AJR77224502-1-2 | AJR77224509-S1-1 | AJR77224509-S1-2 | AJR77224519-12-1 | MAZ64571801…,7,,
AJR77224509,MJU66479201,"Tube,Connector",제작동관,AJR77188802 | AJR77224502-1-2 | AJR77224509-S1-1 | AJR77224509-S1-2 | AJR77224519-12-1 | MAZ64571801…,7,,
AJR77224510,AJR77188701,"Tube Assembly,Solenoide",반제품,AJR77188801 | AJR77224505-1-2 | AJR77224510-S1-2 | AJR77224501-12-2 | MAZ64571801 | MAZ64571803,6,,
AJR77224510,AJU73472405,Valve Assembly,반제품,AJR77188801 | AJR77224505-1-2 | AJR77224510-S1-2 | AJR77224501-12-2 | MAZ64571801 | MAZ64571803,6,,
AJR77224510,MJU66478501,"Tube,Connector",제작동관,AJR77188801 | AJR77224505-1-2 | AJR77224510-S1-2 | AJR77224501-12-2 | MAZ64571801 | MAZ64571803,6,,
AJR77224510,MJU66478801,"Tube,Connector",제작동관,AJR77188801 | AJR77224505-1-2 | AJR77224510-S1-2 | AJR77224501-12-2 | MAZ64571801 | MAZ64571803,6,,
AJR77224510,MJU66478901,"Tube,Connector",제작동관,AJR77188801 | AJR77224505-1-2 | AJR77224510-S1-2 | AJR77224501-12-2 | MAZ64571801 | MAZ64571803,6,,
AJR77224510,MJU66479001,"Tube,Connector",제작동관,AJR77188801 | AJR77224505-1-2 | AJR77224510-S1-2 | AJR77224501-12-2 | MAZ64571801 | MAZ64571803,6,,
AJR77224510,MJU66479101,"Tube,Connector",제작동관,AJR77188801 | AJR77224505-1-2 | AJR77224510-S1-2 | AJR77224501-12-2 | MAZ64571801 | MAZ64571803,6,,
AJR77224510,MJU66479201,"Tube,Connector",제작동관,AJR77188801 | AJR77224505-1-2 | AJR77224510-S1-2 | AJR77224501-12-2 | MAZ64571801 | MAZ64571803,6,,
AJR77224511,AJU73472405,Valve Assembly,반제품,AJR75709904 | AJR77188802 | AJR77224508-1-2 | AJR77224511-S1-2 | AJR77224501-12-2 | MAZ64571801…,7,,
AJR77224511,MJU66478501,"Tube,Connector",제작동관,AJR75709904 | AJR77188802 | AJR77224508-1-2 | AJR77224511-S1-2 | AJR77224501-12-2 | MAZ64571801…,7,,
AJR77224511,MJU66478801,"Tube,Connector",제작동관,AJR75709904 | AJR77188802 | AJR77224508-1-2 | AJR77224511-S1-2 | AJR77224501-12-2 | MAZ64571801…,7,,
AJR77224511,MJU66478901,"Tube,Connector",제작동관,AJR75709904 | AJR77188802 | AJR77224508-1-2 | AJR77224511-S1-2 | AJR77224501-12-2 | MAZ64571801…,7,,
AJR77224511,MJU66479001,"Tube,Connector",제작동관,AJR75709904 | AJR77188802 | AJR77224508-1-2 | AJR77224511-S1-2 | AJR77224501-12-2 | MAZ64571801…,7,,
AJR77224511,MJU66479101,"Tube,Connector",제작동관,AJR75709904 | AJR77188802 | AJR77224508-1-2 | AJR77224511-S1-2 | AJR77224501-12-2 | MAZ64571801…,7,,
AJR77224511,MJU66479201,"Tube,Connector",제작동관,AJR75709904 | AJR77188802 | AJR77224508-1-2 | AJR77224511-S1-2 | AJR77224501-12-2 | MAZ64571801…,7,,
AJR77224512,MJU66478501,"Tube,Connector",제작동관,AJR30051301 | AJR77188801 | AJR77224512-S1-2 | AJR77224512-S1-3 | AJR77224501-12-2 | MAZ64571801…,7,,
AJR77224512,MJU66478801,"Tube,Connector",제작동관,AJR30051301 | AJR77188801 | AJR77224512-S1-2 | AJR77224512-S1-3 | AJR77224501-12-2 | MAZ64571801…,7,,
AJR77224512,MJU66478901,"Tube,Connector",제작동관,AJR30051301 | AJR77188801 | AJR77224512-S1-2 | AJR77224512-S1-3 | AJR77224501-12-2 | MAZ64571801…,7,,
AJR77224512,MJU66479001,"Tube,Connector",제작동관,AJR30051301 | AJR77188801 | AJR77224512-S1-2 | AJR77224512-S1-3 | AJR77224501-12-2 | MAZ64571801…,7,,
AJR77224512,MJU66479101,"Tube,Connector",제작동관,AJR30051301 | AJR77188801 | AJR77224512-S1-2 | AJR77224512-S1-3 | AJR77224501-12-2 | MAZ64571801…,7,,
AJR77224512,MJU66479201,"Tube,Connector",제작동관,AJR30051301 | AJR77188801 | AJR77224512-S1-2 | AJR77224512-S1-3 | AJR77224501-12-2 | MAZ64571801…,7,,
AJR77224513,MJU66478501,"Tube,Connector",제작동관,AJR75709904 | AJR77188802 | AJR77224508-1-2 | AJR77224513-S1-2 | AJR77224501-12-2 | MAZ64571801…,7,,
AJR77224513,MJU66478801,"Tube,Connector",제작동관,AJR75709904 | AJR77188802 | AJR77224508-1-2 | AJR77224513-S1-2 | AJR77224501-12-2 | MAZ64571801…,7,,
AJR77224513,MJU66478901,"Tube,Connector",제작동관,AJR75709904 | AJR77188802 | AJR77224508-1-2 | AJR77224513-S1-2 | AJR77224501-12-2 | MAZ64571801…,7,,
AJR77224513,MJU66479001,"Tube,Connector",제작동관,AJR75709904 | AJR77188802 | AJR77224508-1-2 | AJR77224513-S1-2 | AJR77224501-12-2 | MAZ64571801…,7,,
AJR77224513,MJU66479101,"Tube,Connector",제작동관,AJR75709904 | AJR77188802 | AJR77224508-1-2 | AJR77224513-S1-2 | AJR77224501-12-2 | MAZ64571801…,7,,
AJR77224513,MJU66479201,"Tube,Connector",제작동관,AJR75709904 | AJR77188802 | AJR77224508-1-2 | AJR77224513-S1-2 | AJR77224501-12-2 | MAZ64571801…,7,,
AJR77224516,MJU66478501,"Tube,Connector",제작동관,AJR75709904 | AJR77188802 | AJR77224508-1-2 | AJR77224516-S1-2 | AJR77224501-12-2 | MAZ64571801…,7,,
AJR77224516,MJU66478801,"Tube,Connector",제작동관,AJR75709904 | AJR77188802 | AJR77224508-1-2 | AJR77224516-S1-2 | AJR77224501-12-2 | MAZ64571801…,7,,
AJR77224516,MJU66478901,"Tube,Connector",제작동관,AJR75709904 | AJR77188802 | AJR77224508-1-2 | AJR77224516-S1-2 | AJR77224501-12-2 | MAZ64571801…,7,,
AJR77224516,MJU66479001,"Tube,Connector",제작동관,AJR75709904 | AJR77188802 | AJR77224508-1-2 | AJR77224516-S1-2 | AJR77224501-12-2 | MAZ64571801…,7,,
AJR77224516,MJU66479101,"Tube,Connector",제작동관,AJR75709904 | AJR77188802 | AJR77224508-1-2 | AJR77224516-S1-2 | AJR77224501-12-2 | MAZ64571801…,7,,
AJR77224516,MJU66479201,"Tube,Connector",제작동관,AJR75709904 | AJR77188802 | AJR77224508-1-2 | AJR77224516-S1-2 | AJR77224501-12-2 | MAZ64571801…,7,,
AJR77224517,MJU66478501,"Tube,Connector",제작동관,AJR75709904 | AJR77188802 | AJR77224508-1-2 | AJR77224517-S1-2 | AJR77224501-12-2 | MAZ64571801…,7,,
AJR77224517,MJU66478801,"Tube,Connector",제작동관,AJR75709904 | AJR77188802 | AJR77224508-1-2 | AJR77224517-S1-2 | AJR77224501-12-2 | MAZ64571801…,7,,
AJR77224517,MJU66478901,"Tube,Connector",제작동관,AJR75709904 | AJR77188802 | AJR77224508-1-2 | AJR77224517-S1-2 | AJR77224501-12-2 | MAZ64571801…,7,,
AJR77224517,MJU66479001,"Tube,Connector",제작동관,AJR75709904 | AJR77188802 | AJR77224508-1-2 | AJR77224517-S1-2 | AJR77224501-12-2 | MAZ64571801…,7,,
AJR77224517,MJU66479101,"Tube,Connector",제작동관,AJR75709904 | AJR77188802 | AJR77224508-1-2 | AJR77224517-S1-2 | AJR77224501-12-2 | MAZ64571801…,7,,
AJR77224517,MJU66479201,"Tube,Connector",제작동관,AJR75709904 | AJR77188802 | AJR77224508-1-2 | AJR77224517-S1-2 | AJR77224501-12-2 | MAZ64571801…,7,,
AJR77224518,4A00114A,"Tube,Connector",제작동관,AJR77224518-S1-2 | AJR77224518-S1-3 | AJR77224501-12-2 | AJR30051301 | AJR77188801 | MAZ64571801…,7,,
AJR77224518,MJU66478501,"Tube,Connector",제작동관,AJR77224518-S1-2 | AJR77224518-S1-3 | AJR77224501-12-2 | AJR30051301 | AJR77188801 | MAZ64571801…,7,,
AJR77224518,MJU66478801,"Tube,Connector",제작동관,AJR77224518-S1-2 | AJR77224518-S1-3 | AJR77224501-12-2 | AJR30051301 | AJR77188801 | MAZ64571801…,7,,
AJR77224518,MJU66478901,"Tube,Connector",제작동관,AJR77224518-S1-2 | AJR77224518-S1-3 | AJR77224501-12-2 | AJR30051301 | AJR77188801 | MAZ64571801…,7,,
AJR77224518,MJU66479001,"Tube,Connector",제작동관,AJR77224518-S1-2 | AJR77224518-S1-3 | AJR77224501-12-2 | AJR30051301 | AJR77188801 | MAZ64571801…,7,,
AJR77224518,MJU66479101,"Tube,Connector",제작동관,AJR77224518-S1-2 | AJR77224518-S1-3 | AJR77224501-12-2 | AJR30051301 | AJR77188801 | MAZ64571801…,7,,
AJR77224518,MJU66479201,"Tube,Connector",제작동관,AJR77224518-S1-2 | AJR77224518-S1-3 | AJR77224501-12-2 | AJR30051301 | AJR77188801 | MAZ64571801…,7,,
AJR77224518,MJU66870401,"Tube,Connector",제작동관,AJR77224518-S1-2 | AJR77224518-S1-3 | AJR77224501-12-2 | AJR30051301 | AJR77188801 | MAZ64571801…,7,,
AJR77224519,AJR77188701,"Tube Assembly,Solenoide",반제품,AJR77188802 | AJR77224502-1-2 | AJR77224519-S1-2 | AJR77224519-12-1 | MAZ64571801 | MAZ64571803,6,,
AJR77224519,AJU73472405,Valve Assembly,반제품,AJR77188802 | AJR77224502-1-2 | AJR77224519-S1-2 | AJR77224519-12-1 | MAZ64571801 | MAZ64571803,6,,
AJR77224519,MJU66478501,"Tube,Connector",제작동관,AJR77188802 | AJR77224502-1-2 | AJR77224519-S1-2 | AJR77224519-12-1 | MAZ64571801 | MAZ64571803,6,,
AJR77224519,MJU66478801,"Tube,Connector",제작동관,AJR77188802 | AJR77224502-1-2 | AJR77224519-S1-2 | AJR77224519-12-1 | MAZ64571801 | MAZ64571803,6,,
AJR77224519,MJU66478901,"Tube,Connector",제작동관,AJR77188802 | AJR77224502-1-2 | AJR77224519-S1-2 | AJR77224519-12-1 | MAZ64571801 | MAZ64571803,6,,
AJR77224519,MJU66479001,"Tube,Connector",제작동관,AJR77188802 | AJR77224502-1-2 | AJR77224519-S1-2 | AJR77224519-12-1 | MAZ64571801 | MAZ64571803,6,,
AJR77224519,MJU66479101,"Tube,Connector",제작동관,AJR77188802 | AJR77224502-1-2 | AJR77224519-S1-2 | AJR77224519-12-1 | MAZ64571801 | MAZ64571803,6,,
AJR77224519,MJU66479201,"Tube,Connector",제작동관,AJR77188802 | AJR77224502-1-2 | AJR77224519-S1-2 | AJR77224519-12-1 | MAZ64571801 | MAZ64571803,6,,
AJR77224520,AJU73472405,Valve Assembly,반제품,AJR77224508-1-2 | AJR77224511-S1-2 | AJR77224501-12-2 | AJR75709904 | AJR77188802 | MAZ64571801…,7,,
AJR77224520,MJU66478501,"Tube,Connector",제작동관,AJR77224508-1-2 | AJR77224511-S1-2 | AJR77224501-12-2 | AJR75709904 | AJR77188802 | MAZ64571801…,7,,
AJR77224520,MJU66478801,"Tube,Connector",제작동관,AJR77224508-1-2 | AJR77224511-S1-2 | AJR77224501-12-2 | AJR75709904 | AJR77188802 | MAZ64571801…,7,,
AJR77224520,MJU66478901,"Tube,Connector",제작동관,AJR77224508-1-2 | AJR77224511-S1-2 | AJR77224501-12-2 | AJR75709904 | AJR77188802 | MAZ64571801…,7,,
AJR77224520,MJU66479001,"Tube,Connector",제작동관,AJR77224508-1-2 | AJR77224511-S1-2 | AJR77224501-12-2 | AJR75709904 | AJR77188802 | MAZ64571801…,7,,
AJR77224520,MJU66479101,"Tube,Connector",제작동관,AJR77224508-1-2 | AJR77224511-S1-2 | AJR77224501-12-2 | AJR75709904 | AJR77188802 | MAZ64571801…,7,,
AJR77224520,MJU66479201,"Tube,Connector",제작동관,AJR77224508-1-2 | AJR77224511-S1-2 | AJR77224501-12-2 | AJR75709904 | AJR77188802 | MAZ64571801…,7,,
AJR77224522,MJU66478501,"Tube,Connector",제작동관,AJR75709904 | AJR77188802 | AJR77224508-1-2 | AJR77224517-S1-2 | AJR77224501-12-2 | MAZ64571801…,7,,
AJR77224522,MJU66478801,"Tube,Connector",제작동관,AJR75709904 | AJR77188802 | AJR77224508-1-2 | AJR77224517-S1-2 | AJR77224501-12-2 | MAZ64571801…,7,,
AJR77224522,MJU66478901,"Tube,Connector",제작동관,AJR75709904 | AJR77188802 | AJR77224508-1-2 | AJR77224517-S1-2 | AJR77224501-12-2 | MAZ64571801…,7,,
AJR77224522,MJU66479001,"Tube,Connector",제작동관,AJR75709904 | AJR77188802 | AJR77224508-1-2 | AJR77224517-S1-2 | AJR77224501-12-2 | MAZ64571801…,7,,
AJR77224522,MJU66479101,"Tube,Connector",제작동관,AJR75709904 | AJR77188802 | AJR77224508-1-2 | AJR77224517-S1-2 | AJR77224501-12-2 | MAZ64571801…,7,,
AJR77224522,MJU66479201,"Tube,Connector",제작동관,AJR75709904 | AJR77188802 | AJR77224508-1-2 | AJR77224517-S1-2 | AJR77224501-12-2 | MAZ64571801…,7,,
AJR77224523,MJU66478501,"Tube,Connector",제작동관,AJR75709904 | AJR77188802 | AJR77224501-12-2 | AJR77224508-1-2 | AJR77224517-S1-2 | MAZ64571801…,7,,
AJR77224523,MJU66478801,"Tube,Connector",제작동관,AJR75709904 | AJR77188802 | AJR77224501-12-2 | AJR77224508-1-2 | AJR77224517-S1-2 | MAZ64571801…,7,,
AJR77224523,MJU66478901,"Tube,Connector",제작동관,AJR75709904 | AJR77188802 | AJR77224501-12-2 | AJR77224508-1-2 | AJR77224517-S1-2 | MAZ64571801…,7,,
AJR77224523,MJU66479001,"Tube,Connector",제작동관,AJR75709904 | AJR77188802 | AJR77224501-12-2 | AJR77224508-1-2 | AJR77224517-S1-2 | MAZ64571801…,7,,
AJR77224523,MJU66479101,"Tube,Connector",제작동관,AJR75709904 | AJR77188802 | AJR77224501-12-2 | AJR77224508-1-2 | AJR77224517-S1-2 | MAZ64571801…,7,,
AJR77224523,MJU66479201,"Tube,Connector",제작동관,AJR75709904 | AJR77188802 | AJR77224501-12-2 | AJR77224508-1-2 | AJR77224517-S1-2 | MAZ64571801…,7,,
AJR77224524,AJU73472405,Valve Assembly,반제품,AJR77224508-1-2 | AJR77224511-S1-2 | AJR77224501-12-2 | AJR75709904 | AJR77188802 | MAZ64571801…,7,,
AJR77224524,MJU66478501,"Tube,Connector",제작동관,AJR77224508-1-2 | AJR77224511-S1-2 | AJR77224501-12-2 | AJR75709904 | AJR77188802 | MAZ64571801…,7,,
AJR77224524,MJU66478801,"Tube,Connector",제작동관,AJR77224508-1-2 | AJR77224511-S1-2 | AJR77224501-12-2 | AJR75709904 | AJR77188802 | MAZ64571801…,7,,
AJR77224524,MJU66478901,"Tube,Connector",제작동관,AJR77224508-1-2 | AJR77224511-S1-2 | AJR77224501-12-2 | AJR75709904 | AJR77188802 | MAZ64571801…,7,,
AJR77224524,MJU66479001,"Tube,Connector",제작동관,AJR77224508-1-2 | AJR77224511-S1-2 | AJR77224501-12-2 | AJR75709904 | AJR77188802 | MAZ64571801…,7,,
AJR77224524,MJU66479101,"Tube,Connector",제작동관,AJR77224508-1-2 | AJR77224511-S1-2 | AJR77224501-12-2 | AJR75709904 | AJR77188802 | MAZ64571801…,7,,
AJR77224524,MJU66479201,"Tube,Connector",제작동관,AJR77224508-1-2 | AJR77224511-S1-2 | AJR77224501-12-2 | AJR75709904 | AJR77188802 | MAZ64571801…,7,,
AJR77224901,4930A20053A,"Holder,Sensor",반제품,AJR77224901-S5-1 | AJR77225301-1-1(링) | AJR77225301-1-2(링),3,,
AJR77224901,MJU64671101,"Tube,Connector",제작동관,AJR77224901-S5-1 | AJR77225301-1-1(링) | AJR77225301-1-2(링),3,,
AJR77224901,MJU64671102,"Tube,Connector",제작동관,AJR77224901-S5-1 | AJR77225301-1-1(링) | AJR77225301-1-2(링),3,,
AJR77224901,MJU64671103,"Tube,Connector",제작동관,AJR77224901-S5-1 | AJR77225301-1-1(링) | AJR77225301-1-2(링),3,,
AJR77224901,MJU64671104,"Tube,Connector",제작동관,AJR77224901-S5-1 | AJR77225301-1-1(링) | AJR77225301-1-2(링),3,,
AJR77224901,MJU64671105,"Tube,Connector",제작동관,AJR77224901-S5-1 | AJR77225301-1-1(링) | AJR77225301-1-2(링),3,,
AJR77224901,MJU64671109,"Tube,Connector",제작동관,AJR77224901-S5-1 | AJR77225301-1-1(링) | AJR77225301-1-2(링),3,,
AJR77224901,MJU66571302,"Tube,Connector",제작동관,AJR77224901-S5-1 | AJR77225301-1-1(링) | AJR77225301-1-2(링),3,,
AJR77224901,MJU66571303,"Tube,Connector",제작동관,AJR77224901-S5-1 | AJR77225301-1-1(링) | AJR77225301-1-2(링),3,,
AJR77224901,MJU66571305,"Tube,Connector",제작동관,AJR77224901-S5-1 | AJR77225301-1-1(링) | AJR77225301-1-2(링),3,,
AJR77225301,4930A20053A,"Holder,Sensor",반제품,AJR77225301-S5-1,1,AJR77225301-S5-1,
AJR77225301,MJU64671101,"Tube,Connector",제작동관,AJR77225301-S5-1,1,AJR77225301-S5-1,
AJR77225301,MJU64671102,"Tube,Connector",제작동관,AJR77225301-S5-1,1,AJR77225301-S5-1,
AJR77225301,MJU64671103,"Tube,Connector",제작동관,AJR77225301-S5-1,1,AJR77225301-S5-1,
AJR77225301,MJU64671104,"Tube,Connector",제작동관,AJR77225301-S5-1,1,AJR77225301-S5-1,
AJR77225301,MJU64671105,"Tube,Connector",제작동관,AJR77225301-S5-1,1,AJR77225301-S5-1,
AJR77225301,MJU64671109,"Tube,Connector",제작동관,AJR77225301-S5-1,1,AJR77225301-S5-1,
AJR77225301,MJU66571301,"Tube,Connector",제작동관,AJR77225301-S5-1,1,AJR77225301-S5-1,
AJR77225301,MJU66571302,"Tube,Connector",제작동관,AJR77225301-S5-1,1,AJR77225301-S5-1,
AJR77225301,MJU66571304,"Tube,Connector",제작동관,AJR77225301-S5-1,1,AJR77225301-S5-1,
AJR77225301,MJU66571305,"Tube,Connector",제작동관,AJR77225301-S5-1,1,AJR77225301-S5-1,
AJR77225301,MJU66571306,"Tube,Connector",제작동관,AJR77225301-S5-1,1,AJR77225301-S5-1,
AJR77225303,4930A20053A,"Holder,Sensor",반제품,MJU64671113+용접링 | MJU64671114+용접링 | MJU64671115+용접링 | MJU64671116+용접링 | MJU64671117+용접링 | MJU64671118+용접링…,11,,
AJR77225304,4930A20053A,"Holder,Sensor",반제품,MJU64671114+용접링 | MJU64671115+용접링 | MJU64671116+용접링 | MJU64671117+용접링 | MJU64671118+용접링 | MJU64671119+용접링…,11,,
AJR77225607,MJU66571711,"Tube,Connector",제작동관,AJR77225607-SUB1 | AJR77225607-20-1,2,,
AJR77225607,MJU66571712,"Tube,Connector",제작동관,AJR77225607-SUB1 | AJR77225607-20-1,2,,
AJR77225607,MJU66571713,"Tube,Connector",제작동관,AJR77225607-SUB1 | AJR77225607-20-1,2,,
AJR77226301,4930A20053A,"Holder,Sensor",반제품,AJR77226301-9-4 | AJR77226301-9-3 | AJR77226301-9-7 | AJR77226301-9-6 | AJR77226301-9-5,5,,
AJR77226302,4930A20053A,"Holder,Sensor",반제품,AJR77226302-4-1 | AJR77226302-4-2 | AJR77226302-4-3 | AJR77226302-4-4 | AJR77226302-4-5,5,,
AJR77226303,4930A20053A,"Holder,Sensor",반제품,AJR77226302-4-3 | AJR77226302-4-1 | AJR77226302-4-4 | AJR77226302-4-2 | AJR77226303-4-5,5,,
AJR77243801,4930A20053A,"Holder,Sensor",반제품,MJU66548701,1,MJU66548701,
AJR77263001,MJU64671101,"Tube,Connector",제작동관,AJR77263001-S5-1 | AJR77263001-9-1 | AJR77263001-9-2,3,,
AJR77263001,MJU64671102,"Tube,Connector",제작동관,AJR77263001-S5-1 | AJR77263001-9-1 | AJR77263001-9-2,3,,
AJR77263001,MJU64671105,"Tube,Connector",제작동관,AJR77263001-S5-1 | AJR77263001-9-1 | AJR77263001-9-2,3,,
AJR77263001,MJU64671109,"Tube,Connector",제작동관,AJR77263001-S5-1 | AJR77263001-9-1 | AJR77263001-9-2,3,,
AJR77263001,MJU66471701,"Tube,Connector",제작동관,AJR77263001-S5-1 | AJR77263001-9-1 | AJR77263001-9-2,3,,
AJR77263001,MJU66471702,"Tube,Connector",제작동관,AJR77263001-S5-1 | AJR77263001-9-1 | AJR77263001-9-2,3,,
AJR77263001,MJU66471705,"Tube,Connector",제작동관,AJR77263001-S5-1 | AJR77263001-9-1 | AJR77263001-9-2,3,,
AJR77263001,MJU66471707,"Tube,Connector",제작동관,AJR77263001-S5-1 | AJR77263001-9-1 | AJR77263001-9-2,3,,
AJR77263001,MJU66503001,"Tube,Connector",제작동관,AJR77263001-S5-1 | AJR77263001-9-1 | AJR77263001-9-2,3,,
AJR77263001,MJU66503301,"Tube,Connector",제작동관,AJR77263001-S5-1 | AJR77263001-9-1 | AJR77263001-9-2,3,,
AJR77263002,MJU65517901,"Tube,Connector",제작동관,AJR77263002-S5-1 | AJR77263002-S5-2,2,,
AJR77263002,MJU65517902,"Tube,Connector",제작동관,AJR77263002-S5-1 | AJR77263002-S5-2,2,,
AJR77263002,MJU65517903,"Tube,Connector",제작동관,AJR77263002-S5-1 | AJR77263002-S5-2,2,,
AJR77263002,MJU65517904,"Tube,Connector",제작동관,AJR77263002-S5-1 | AJR77263002-S5-2,2,,
AJR77263002,MJU65517905,"Tube,Connector",제작동관,AJR77263002-S5-1 | AJR77263002-S5-2,2,,
AJR77263002,MJU65517906,"Tube,Connector",제작동관,AJR77263002-S5-1 | AJR77263002-S5-2,2,,
AJR77263002,MJU65517908,"Tube,Connector",제작동관,AJR77263002-S5-1 | AJR77263002-S5-2,2,,
AJR77263002,MJU65517910,"Tube,Connector",제작동관,AJR77263002-S5-1 | AJR77263002-S5-2,2,,
AJR77263002,MJU65517911,"Tube,Connector",제작동관,AJR77263002-S5-1 | AJR77263002-S5-2,2,,
AJR77263002,MJU65517912,"Tube,Connector",제작동관,AJR77263002-S5-1 | AJR77263002-S5-2,2,,
AJR77263002,MJU65517913,"Tube,Connector",제작동관,AJR77263002-S5-1 | AJR77263002-S5-2,2,,
AJR77263002,MJU66502902,"Tube,Connector",제작동관,AJR77263002-S5-1 | AJR77263002-S5-2,2,,
AJR77263002,MJU66503002,"Tube,Connector",제작동관,AJR77263002-S5-1 | AJR77263002-S5-2,2,,
AJR77263003,MJU65517901,"Tube,Connector",제작동관,AJR77263003-S5-1 | AJR76166401-9-1 | AJR76166401-9-2,3,,
AJR77263003,MJU65517902,"Tube,Connector",제작동관,AJR77263003-S5-1 | AJR76166401-9-1 | AJR76166401-9-2,3,,
AJR77263003,MJU65517903,"Tube,Connector",제작동관,AJR77263003-S5-1 | AJR76166401-9-1 | AJR76166401-9-2,3,,
AJR77263003,MJU65517904,"Tube,Connector",제작동관,AJR77263003-S5-1 | AJR76166401-9-1 | AJR76166401-9-2,3,,
AJR77263003,MJU65517905,"Tube,Connector",제작동관,AJR77263003-S5-1 | AJR76166401-9-1 | AJR76166401-9-2,3,,
AJR77263003,MJU65517906,"Tube,Connector",제작동관,AJR77263003-S5-1 | AJR76166401-9-1 | AJR76166401-9-2,3,,
AJR77263003,MJU65517908,"Tube,Connector",제작동관,AJR77263003-S5-1 | AJR76166401-9-1 | AJR76166401-9-2,3,,
AJR77263003,MJU65517909,"Tube,Connector",제작동관,AJR77263003-S5-1 | AJR76166401-9-1 | AJR76166401-9-2,3,,
AJR77263003,MJU65517911,"Tube,Connector",제작동관,AJR77263003-S5-1 | AJR76166401-9-1 | AJR76166401-9-2,3,,
AJR77263003,MJU65517912,"Tube,Connector",제작동관,AJR77263003-S5-1 | AJR76166401-9-1 | AJR76166401-9-2,3,,
AJR77263003,MJU65517913,"Tube,Connector",제작동관,AJR77263003-S5-1 | AJR76166401-9-1 | AJR76166401-9-2,3,,
AJR77263003,MJU66503303,"Tube,Connector",제작동관,AJR77263003-S5-1 | AJR76166401-9-1 | AJR76166401-9-2,3,,
AJR77263004,MJU64671101,"Tube,Connector",제작동관,AJR77263001-9-2 | AJR77263001-9-1 | AJR77263004-S5-1 | AJR77263004-S5-3,4,,
AJR77263004,MJU64671102,"Tube,Connector",제작동관,AJR77263001-9-2 | AJR77263001-9-1 | AJR77263004-S5-1 | AJR77263004-S5-3,4,,
AJR77263004,MJU64671105,"Tube,Connector",제작동관,AJR77263001-9-2 | AJR77263001-9-1 | AJR77263004-S5-1 | AJR77263004-S5-3,4,,
AJR77263004,MJU64671109,"Tube,Connector",제작동관,AJR77263001-9-2 | AJR77263001-9-1 | AJR77263004-S5-1 | AJR77263004-S5-3,4,,
AJR77263004,MJU66471701,"Tube,Connector",제작동관,AJR77263001-9-2 | AJR77263001-9-1 | AJR77263004-S5-1 | AJR77263004-S5-3,4,,
AJR77263004,MJU66471705,"Tube,Connector",제작동관,AJR77263001-9-2 | AJR77263001-9-1 | AJR77263004-S5-1 | AJR77263004-S5-3,4,,
AJR77263004,MJU66471707,"Tube,Connector",제작동관,AJR77263001-9-2 | AJR77263001-9-1 | AJR77263004-S5-1 | AJR77263004-S5-3,4,,
AJR77263004,MJU66503001,"Tube,Connector",제작동관,AJR77263001-9-2 | AJR77263001-9-1 | AJR77263004-S5-1 | AJR77263004-S5-3,4,,
AJR77263004,MJU66503204,"Tube,Connector",제작동관,AJR77263001-9-2 | AJR77263001-9-1 | AJR77263004-S5-1 | AJR77263004-S5-3,4,,
AJR77263004,MJU66503301,"Tube,Connector",제작동관,AJR77263001-9-2 | AJR77263001-9-1 | AJR77263004-S5-1 | AJR77263004-S5-3,4,,
AJR77263005,MJU66503303,"Tube,Connector",제작동관,MJU65517903+용접링 | AJR76166401-9-2 | MJU65517901+용접링 | MJU65517911+용접링 | MJU65517902+용접링 | MJU65517909+용접링…,12,,
AJR77263006,MJU66503303,"Tube,Connector",제작동관,MJU65517904+용접링 | MJU65517912+용접링 | AJR76166401-9-1 | MJU65517906+용접링 | MJU65517905+용접링 | MJU65517908+용접링…,12,,
AJR77263007,MJU65517914,"Tube,Connector",제작동관,AJR77263007-SUB,1,AJR77263007-SUB,
AJR77263007,MJU65517915,"Tube,Connector",제작동관,AJR77263007-SUB,1,AJR77263007-SUB,
AJR77263007,MJU65517916,"Tube,Connector",제작동관,AJR77263007-SUB,1,AJR77263007-SUB,
AJR77263007,MJU65517917,"Tube,Connector",제작동관,AJR77263007-SUB,1,AJR77263007-SUB,
AJR77263007,MJU65517918,"Tube,Connector",제작동관,AJR77263007-SUB,1,AJR77263007-SUB,
AJR77263007,MJU65517919,"Tube,Connector",제작동관,AJR77263007-SUB,1,AJR77263007-SUB,
AJR77263007,MJU65517920,"Tube,Connector",제작동관,AJR77263007-SUB,1,AJR77263007-SUB,
AJR77263007,MJU65517921,"Tube,Connector",제작동관,AJR77263007-SUB,1,AJR77263007-SUB,
AJR77263007,MJU65517922,"Tube,Connector",제작동관,AJR77263007-SUB,1,AJR77263007-SUB,
AJR77263007,MJU65517923,"Tube,Connector",제작동관,AJR77263007-SUB,1,AJR77263007-SUB,
AJR77263007,MJU65517924,"Tube,Connector",제작동관,AJR77263007-SUB,1,AJR77263007-SUB,
AJR77263007,MJU65517925,"Tube,Connector",제작동관,AJR77263007-SUB,1,AJR77263007-SUB,
AJR77263008,MJU65517914,"Tube,Connector",제작동관,AJR77263008-SUB,1,AJR77263008-SUB,
AJR77263008,MJU65517915,"Tube,Connector",제작동관,AJR77263008-SUB,1,AJR77263008-SUB,
AJR77263008,MJU65517916,"Tube,Connector",제작동관,AJR77263008-SUB,1,AJR77263008-SUB,
AJR77263008,MJU65517917,"Tube,Connector",제작동관,AJR77263008-SUB,1,AJR77263008-SUB,
AJR77263008,MJU65517918,"Tube,Connector",제작동관,AJR77263008-SUB,1,AJR77263008-SUB,
AJR77263008,MJU65517919,"Tube,Connector",제작동관,AJR77263008-SUB,1,AJR77263008-SUB,
AJR77263008,MJU65517920,"Tube,Connector",제작동관,AJR77263008-SUB,1,AJR77263008-SUB,
AJR77263008,MJU65517921,"Tube,Connector",제작동관,AJR77263008-SUB,1,AJR77263008-SUB,
AJR77263008,MJU65517922,"Tube,Connector",제작동관,AJR77263008-SUB,1,AJR77263008-SUB,
AJR77263008,MJU65517923,"Tube,Connector",제작동관,AJR77263008-SUB,1,AJR77263008-SUB,
AJR77263008,MJU65517924,"Tube,Connector",제작동관,AJR77263008-SUB,1,AJR77263008-SUB,
AJR77263008,MJU65517925,"Tube,Connector",제작동관,AJR77263008-SUB,1,AJR77263008-SUB,
AJR77263009,MJU64671113,"Tube,Connector",제작동관,AJR77263009-SUB,1,AJR77263009-SUB,
AJR77263009,MJU64671114,"Tube,Connector",제작동관,AJR77263009-SUB,1,AJR77263009-SUB,
AJR77263009,MJU64671117,"Tube,Connector",제작동관,AJR77263009-SUB,1,AJR77263009-SUB,
AJR77263009,MJU64671118,"Tube,Connector",제작동관,AJR77263009-SUB,1,AJR77263009-SUB,
AJR77263009,MJU66502903,"Tube,Connector",제작동관,AJR77263009-SUB,1,AJR77263009-SUB,
AJR77263009,MJU66502904,"Tube,Connector",제작동관,AJR77263009-SUB,1,AJR77263009-SUB,
AJR77263009,MJU66502905,"Tube,Connector",제작동관,AJR77263009-SUB,1,AJR77263009-SUB,
AJR77263009,MJU66502906,"Tube,Connector",제작동관,AJR77263009-SUB,1,AJR77263009-SUB,
AJR77263009,MJU66502907,"Tube,Connector",제작동관,AJR77263009-SUB,1,AJR77263009-SUB,
AJR77263009,MJU66502908,"Tube,Connector",제작동관,AJR77263009-SUB,1,AJR77263009-SUB,
AJR77263011,MJU66503303,"Tube,Connector",제작동관,AJR76166401-9-1 | AJR76166401-9-2 | MJU65517901+용접링 | MJU65517902+용접링 | MJU65517903+용접링 | MJU65517904+용접링…,12,,
