품번,견적유형(Assy/하위),최근생산월,생산건수
5211A10305E,,,
5211A10305E-은납,,,
5211A10305F,,,
5211A10305F-은납,,,
5211A10305J,,,
5211A10305J-SUB,,,
5211A10305T,,,
5211A10305T-은납,,,
5211A11604A,,,
5211A11604C,,,
5211A11604C-은납,,,
5211A19008C,,,
5211A20297Z,,,
5211A20459J,,,
5211A20459J-SUB,,,
5211A20459K,,,
5211A20459K-은납,,,
5211A20459L,,,
5211A20459L-은납,,,
5211A20466D,,,
5211A20466D-SUB,,,
5211A21806A,,,
5211A21811B,,,
5211A21812B,,,
5211A21813B,,,
5211A24117A,,,
5211A29907A,,,
5211A30369A,,,
5211A39010A,,,
5211AP2678C,,,
5211AP3868A,,,
5425AP7108C,,,
6851A20032X,,,
6851A20037M,,,
AAA31179501,,,
AAA31179502,,,
AAA31179503,,,
ACQ30605001,,,
ACQ30605001-SUB,,,
ACQ30662801,,,
ACQ30662801-SUB,,,
ADM72950701,,,
ADM72950714,,,
ADM72950717,,,
ADM73210506,,,
ADM73210510,,,
ADM73210510-STS,,,
ADM73210512,,,
ADM73210512-STS,,,
ADM73210515,,,
ADM73210515-STS,,,
ADM73210516,,,
ADM74790619,,,
ADM74790621,,,
ADM74790623,,,
ADM74790625,,,
ADM74790627,,,
ADM74790629,,,
ADM74930502,,,
ADM74930503,,,
ADM74930506,,,
ADM74930506-STS,,,
ADM74930507,,,
ADM74930507-STS,,,
ADM74930508,,,
AEG74589807,,,
AEG74589808,,,
AEG74792501,,,
AEG74792502,,,
AET30216901,,,
AET30216902,,,
AET30216903,,,
AET30216904,,,
AET73471408,,,
AET73631404,,,
AET73671523,,,
AGF04106701,,,
AGF04106702,,,
AGF04106703,,,
AGF04226601,,,
AGF04226602,,,
AGF04226603,,,
AGF30024008,,,
AGF30058403,,,
AGF30058404,,,
AGF30058407,,,
AGF30430303,,,
AGF30444802,,,
AGF30444804,,,
AGR30801601,Assy,,
AGR30801602,Assy,,
AHQ73469301,,,
AJJ30041801-SUB,사급부품,,
AJJ30041802-SUB,사급부품,,
AJJ30041901-SUB,사급부품,,
AJJ30041902-SUB,사급부품,,
AJJ73040828,,,
AJJ73040829,,,
AJJ73040829-SUB,,,
AJJ73040839,,,
AJJ73098517,,,
AJJ73098543,,,
AJJ73098544,,,
AJJ73098545,,,
AJJ73098546,,,
AJJ73098548,,,
AJJ73098561,,,
AJJ73799911,,,
AJJ73799912,,,
AJJ73799913,,,
AJJ73898601,,,
AJJ73898602,,,
AJJ73898605,,,
AJJ73898612,,,
AJJ73898618,,,
AJJ73898619,,,
AJJ73898620,Assy,,
AJJ73898628,,,
AJJ73898629,,,
AJJ73898630,Assy,,
AJJ73898647,,,
AJJ73898650,,,
AJJ73898651,,,
AJJ74199009,,,
AJJ74578301,,,
AJJ74578301-SUB,,,
AJJ74578304,,,
AJJ74578304-SUB,,,
AJJ74578309,,,
AJJ74578309-SUB,,,
AJJ74578314-SUB,,,
AJJ74578316,,,
AJJ74578316-SUB,,,
AJJ74578318,,,
AJJ74578318-SUB,,,
AJJ74578321,,,
AJJ74578321-SUB,,,
AJJ74578322,,,
AJJ74578322-SUB,,,
AJJ74578323,,,
AJJ74578323-SUB,,,
AJJ74578324,,,
AJJ74578324-SUB,,,
AJJ74578325,,,
AJJ74578325-SUB,,,
AJJ74578326,,,
AJJ74578326-SUB,,,
AJJ74578332,,,
AJJ74578332-SUB,,,
AJJ74578701,,,
AJJ74578702,,,
AJJ74578703,,,
AJJ74578704,,,
AJJ74618301,Assy,,
AJJ74618301-SUB,,,
AJJ74618306-SUB,,,
AJJ75178301,,,
AJJ75318301,,,
AJJ75318301-SUB,,,
AJJ75358401,,,
AJJ75358401-SUB,,,
AJJ75358404,,,
AJJ75358404-SUB,,,
AJJ75358427,,,
AJJ75358427-SUB,,,
AJJ75358428,,,
AJJ75358428-SUB,,,
AJJ75358439,,,
AJJ75358441,,,
AJJ75358443,,,
AJJ75358444,,,
AJJ75358446,,,
AJJ75639409,,,
AJJ75639409-SUB,,,
AJJ75698301,,,
AJJ75698802,,,
AJJ75698803,Assy,,
AJJ75698803-SUB,사급부품,,
AJJ75698804,Assy,,
AJJ75698804-SUB,사급부품,,
AJJ75698806-SUB,,,
AJJ75838610-SUB,,,
AJJ75838622,,,
AJJ75838625,,,
AJJ75838626,,,
AJJ75838627,,,
AJJ75918509,,,
AJJ75918509-SUB,,,
AJJ76318301,,,
AJJ76318301-SUB,,,
AJJ76418701,Assy,,
AJJ76418701-SUB,사급부품,,
AJJ76418702,Assy,,
AJJ76418702-SUB,사급부품,,
AJJ76418703,Assy,,
AJJ76418703-SUB,사급부품,,
AJJ76418704,Assy,,
AJJ76418704-SUB,사급부품,,
AJJ76418705,Assy,,
AJJ76418705-SUB,사급부품,,
AJJ76418706,Assy,,
AJJ76418706-SUB,사급부품,,
AJJ76418707,Assy,,
AJJ76418707-SUB,사급부품,,
AJJ76418720,Assy,,
AJJ76418720-SUB,사급부품,,
AJJ76418721,Assy,,
AJJ76418721-SUB,사급부품,,
AJJ76418722,Assy,,
AJJ76418722-SUB,사급부품,,
AJJ76418723,Assy,,
AJJ76418723-SUB,사급부품,,
AJJ76418724,Assy,,
AJJ76418724-SUB,사급부품,,
AJJ76418725,Assy,,
AJJ76418725-SUB,사급부품,,
AJJ76418727,Assy,,
AJJ76418727-SUB,사급부품,,
AJJ76418728,Assy,,
AJJ76418728-SUB,사급부품,,
AJJ76418729,Assy,,
AJJ76418729-SUB,사급부품,,
AJJ76559001,Assy,,
AJJ76559001-SUB,사급부품,,
AJJ76559002,Assy,,
AJJ76559002-SUB,사급부품,,
AJJ76559003,Assy,,
AJJ76559003-SUB,사급부품,,
AJJ76559004,Assy,,
AJJ76559004-SUB,사급부품,,
AJJ76559005,Assy,,
AJJ76559005-SUB,사급부품,,
AJJ76559006,Assy,,
AJJ76559006-SUB,사급부품,,
AJJ76559007,Assy,,
AJJ76559007-SUB,사급부품,,
AJJ76559008,Assy,,
AJJ76559008-SUB,사급부품,,
AJJ76559009,Assy,,
AJJ76559009-SUB,사급부품,,
AJJ76559010,Assy,,
AJJ76559010-SUB,사급부품,,
AJJ76559011,Assy,,
AJJ76559011-SUB,사급부품,,
AJJ76559012,Assy,,
AJJ76559012-SUB,사급부품,,
AJJ76559013,Assy,,
AJJ76559013-SUB,사급부품,,
AJJ76559014,Assy,,
AJJ76559014-SUB,사급부품,,
AJJ76559015,Assy,,
AJJ76559015-SUB,사급부품,,
AJJ76559016,Assy,,
AJJ76559016-SUB,사급부품,,
AJJ76559017,Assy,,
AJJ76559017-SUB,사급부품,,
AJJ76559102,Assy,,
AJJ76559102-SUB,사급부품,,
AJJ76559103,Assy,,
AJJ76559103-SUB,사급부품,,
AJJ76559106,Assy,,
AJJ76559106-SUB,사급부품,,
AJJ76595403,,,
AJJ76595403-SUB,,,
AJJ76617501,Assy,,
AJJ76617501-SUB,사급부품,,
AJJ76617502,Assy,,
AJJ76617502-SUB,,,
AJR30003007,,,
AJR30003007-SUB,,,
AJR30004702,,,
AJR30004702-SUB,,,
AJR30007102,,,
AJR30007103,,,
AJR30007104,,,
AJR30007105,,,
AJR30007106,,,
AJR30007601,,,
AJR30007601-SUB,,,
AJR30007602,,,
AJR30007602-SUB,,,
AJR30007603,,,
AJR30007603-SUB,,,
AJR30007603-고주파,,,
AJR30007604,,,
AJR30007604-SUB,,,
AJR30008101,,,
AJR30008101-S6-2,,,
AJR30009001,,,
AJR30009001-SUB,,,
AJR30009002,,,
AJR30009002-SUB,,,
AJR30009003,,,
AJR30009003-SUB,,,
AJR30009004,,,
AJR30009004-SUB,,,
AJR30009005,,,
AJR30009005-SUB,,,
AJR30009401,,,
AJR30009401-SUB,,,
AJR30009401-고주파,,,
AJR30009402,,,
AJR30009402-SUB,,,
AJR30009402-고주파,,,
AJR30009403,,,
AJR30009403-SUB,,,
AJR30009701,,,
AJR30010701,,,
AJR30010701-SUB,,,
AJR30010702,,,
AJR30010702-SUB,,,
AJR30012008,,,
AJR30012008-S1-1,,,
AJR30012008-S1-2,,,
AJR30012008-SOCKET,,,
AJR30012009,,,
AJR30012009-SOCKET,,,
AJR30012010,,,
AJR30012010-SOCKET,,,
AJR30012011,,,
AJR30012011-SOCKET,,,
AJR30012014,,,
AJR30012101,,,
AJR30012102,,,
AJR30019402,,,
AJR30019801,,,
AJR30019901,,,
AJR30027701,,,
AJR30027701-SUB1,,,
AJR30027701-SUB2,,,
AJR30027702,,,
AJR30027702-SUB,,,
AJR30027702-SUB1,,,
AJR30027702-SUB2,,,
AJR30027702-SUB3,,,
AJR30027703,,,
AJR30027703-SUB,,,
AJR30027703-SUB1,,,
AJR30027703-SUB2,,,
AJR30027704,,,
AJR30027704-SUB1,,,
AJR30027704-SUB2,,,
AJR30027704-SUB3,,,
AJR30027704-SUB6,,,
AJR30027705,,,
AJR30027705-SUB1,,,
AJR30027705-SUB2,,,
AJR30027706,,,
AJR30027706-SUB,,,
AJR30027706-SUB1,,,
AJR30027706-SUB2,,,
AJR30027706-SUB3,,,
AJR30027707,,,
AJR30027707-SUB,,,
AJR30027707-SUB1,,,
AJR30027707-SUB2,,,
AJR30027708,,,
AJR30027708-SUB1,,,
AJR30027708-SUB2,,,
AJR30027708-SUB3,,,
AJR30027708-SUB4,,,
AJR30027708-SUB5,,,
AJR30027710,,,
AJR30027710-SUB1,,,
AJR30027710-SUB2,,,
AJR30027711,,,
AJR30027711-SUB,,,
AJR30027711-SUB1,,,
AJR30027711-SUB2,,,
AJR30027711-SUB3,,,
AJR30027712,,,
AJR30027712-SUB,,,
AJR30027712-SUB1,,,
AJR30027712-SUB2,,,
AJR30027713,,,
AJR30027714,,,
AJR30027716,,,
AJR30028405,,,
AJR30028405-은납1,,,
AJR30028409,,,
AJR30028411,,,
AJR30028411-SUB,,,
AJR30029601,,,
AJR30029602,,,
AJR30029801,,,
AJR30029802,Assy,,
AJR30030101,,,
AJR30030103,,,
AJR30031601,,,
AJR30031701,,,
AJR30031804,,,
AJR30033101,,,
AJR30037101,,,
AJR30037101-SOCKET,,,
AJR30037301,,,
AJR30037304,,,
AJR30037401,,,
AJR30037603,,,
AJR30037604,,,
AJR30038101,,,
AJR30038101-고주파,,,
AJR30038201,,,
AJR30038301,,,
AJR30038301-고주파,,,
AJR30038401,,,
AJR30040301,,,
AJR30051301,,,
AJR30052102,,,
AJR30055501,,,
AJR30055501-SUB,,,
AJR30058801,,,
AJR30060704,,,
AJR30060707,,,
AJR30060805,,,
AJR30064001,,,
AJR30064601,,,
AJR30064701,,,
AJR30064801,,,
AJR30064901,,,
AJR30069601,,,
AJR30069701-저압,,,
AJR30069801-고압,,,
AJR30071101,,,
AJR30071102,,,
AJR30073601,,,
AJR30073601-은납,,,
AJR30073602,,,
AJR30073602-은납,,,
AJR30073603,,,
AJR30073603-은납,,,
AJR30073604,,,
AJR30073604-은납,,,
AJR30075101,,,
AJR30075401,,,
AJR30077403,,,
AJR30077403-은납,,,
AJR30077802,,,
AJR30077802-SUB,,,
AJR30077901,,,
AJR30077901-은납,,,
AJR30078601,,,
AJR30078702,,,
AJR30079201,,,
AJR30079301,,,
AJR30079401,,,
AJR30083101,,,
AJR30083102,,,
AJR30086101,,,
AJR30086102,,,
AJR30086201,,,
AJR30087001,,,
AJR30087002,,,
AJR30087301,,,
AJR30087401,,,
AJR30089608,,,
AJR30089609,,,
AJR30089610,,,
AJR30089611,,,
AJR30089612,,,
AJR30089614,,,
AJR30089615,,,
AJR30089616,,,
AJR30089617,,,
AJR30089619,,,
AJR30089620,,,
AJR30089621,,,
AJR30095101,,,
AJR30095101-SUB,,,
AJR30099601,,,
AJR30100101,,,
AJR30100101-은납,,,
AJR30101601,,,
AJR30101601-은납,,,
AJR30102201,,,
AJR30102601,,,
AJR30102602,,,
AJR30103101,,,
AJR30103201,,,
AJR30103301,,,
AJR30103401,,,
AJR30105801,,,
AJR30106101,,,
AJR30106101-SOCKET,,,
AJR30107701,,,
AJR30107701-은납,,,
AJR30107702,,,
AJR30107702-은납,,,
AJR30114001,,,
AJR30114001-은납,,,
AJR30116401,,,
AJR30117401,,,
AJR30117902,,,
AJR30117902-SUB,,,
AJR30118201,,,
AJR30118401,,,
AJR30120101,,,
AJR30120101-SUB,,,
AJR30120401,,,
AJR30120801,,,
AJR30122601,,,
AJR30122602,,,
AJR30123001,,,
AJR30123001-SOCKET,,,
AJR30123401,Assy,,
AJR30125601,,,
AJR30125602,,,
AJR30125603,,,
AJR30133302,,,
AJR30133601,,,
AJR30133601-SUB,,,
AJR30133602,,,
AJR30133603,,,
AJR30133603-SUB,,,
AJR30133603-SUB-1,,,
AJR30133603-SUB-2,,,
AJR30133603-SUB-3,,,
AJR30133604,,,
AJR30133605,,,
AJR30133605-SUB,,,
AJR30133608,,,
AJR30133608-SUB,,,
AJR30133608-SUB-1,,,
AJR30133608-SUB-2,,,
AJR30133608-SUB-3,,,
AJR30133701,,,
AJR30133702,,,
AJR30133703,,,
AJR30133707,,,
AJR30138101,,,
AJR30138102,,,
AJR30138103,,,
AJR30138104,,,
AJR30138201,,,
AJR30138202,,,
AJR30138203,,,
AJR30138301,,,
AJR30138302,,,
AJR30140101,,,
AJR30140102,,,
AJR30140103,,,
AJR30140104,,,
AJR30140105,,,
AJR30140106,,,
AJR30140201,,,
AJR30140202,,,
AJR30140203,,,
AJR30140204,,,
AJR30140205,,,
AJR30140301,,,
AJR30140302,,,
AJR30157301,,,
AJR30157801,,,
AJR30359401,,,
AJR30359801,,,
AJR30360101,,,
AJR30360101-고압,,,
AJR30360101-저압,,,
AJR32563602,,,
AJR32563602-고압,,,
AJR32563602-저압,,,
AJR32674708,,,
AJR32674713,,,
AJR32674713-은납,,,
AJR32674714,,,
AJR32674714-은납,,,
AJR32883901,,,
AJR32883901-은납,,,
AJR32883902,,,
AJR32883902-은납,,,
AJR32883903,,,
AJR32883905,,,
AJR32883905-SUB,,,
AJR32883906,,,
AJR32883908,,,
AJR32883908-은납,,,
AJR32883911,,,
AJR32883911-은납,,,
AJR33796503,,,
AJR33796503-SUB,,,
AJR33796512,,,
AJR33796512-은납,,,
AJR33796513,,,
AJR33796513-은납,,,
AJR34511808,,,
AJR34565827,,,
AJR34739801,,,
AJR34739821,,,
AJR36089801,,,
AJR36092105,,,
AJR36137805,Assy,,
AJR36386808,,,
AJR36388502,,,
AJR36388606,,,
AJR36388608,,,
AJR36479502,,,
AJR36479508,,,
AJR36479516,,,
AJR36479521,Assy,,
AJR36541603,,,
AJR36541603-SUB1,,,
AJR36608601,,,
AJR36618620,,,
AJR36618623,,,
AJR36852202,,,
AJR36852202-SUB,,,
AJR36852203,,,
AJR36852203-SUB,,,
AJR36852211,,,
AJR36852211-은납,,,
AJR36852701,,,
AJR36852701-SUB,,,
AJR37039701,,,
AJR37039701-은납,,,
AJR37039702,,,
AJR37039706,,,
AJR37039706-은납,,,
AJR37042101,,,
AJR37042101-SUB,,,
AJR37119901,,,
AJR52676202,,,
AJR52676202-은납,,,
AJR52676207,,,
AJR52676207-은납,,,
AJR52676212,,,
AJR52676212-SUB,,,
AJR53980903,,,
AJR53980903-은납,,,
AJR55707009,,,
AJR55707009-은납,,,
AJR55796808,,,
AJR55829111,,,
AJR55829111-은납,,,
AJR55829111-은납(그),,,
AJR55829113,,,
AJR65507613,,,
AJR65507705,Assy,,
AJR65507713,Assy,,
AJR65507715,,,
AJR65507726,Assy,,
AJR67734301,,,
AJR67734301-SUB,,,
AJR68019501,,,
AJR68019501-S6-1,,,
AJR68019506,,,
AJR68019506-S6-1,,,
AJR68019507,,,
AJR68019507-S6-1,,,
AJR69417501,,,
AJR69417505,,,
AJR69417601,,,
AJR71429303,,,
AJR71429415,,,
AJR71433340,,,
AJR71433341,,,
AJR72367603,,,
AJR72367604,,,
AJR72367702,,,
AJR72367706,,,
AJR72572902,,,
AJR72572911,,,
AJR72586221,,,
AJR72586225,Assy,,
AJR72914201,,,
AJR72914201-은납,,,
AJR72914202,,,
AJR72914202-은납,,,
AJR72919802,,,
AJR72922102,,,
AJR72922102-SOCKET,,,
AJR72928103,,,
AJR72928401,,,
AJR72928402,,,
AJR72929301,,,
AJR72929515,,,
AJR72937704,,,
AJR72946805,,,
AJR72952503,,,
AJR72952603,,,
AJR72953201,,,
AJR72953301,Assy,,
AJR72982303,,,
AJR72982303-SUB,,,
AJR72982303-은납,,,
AJR73003001,,,
AJR73023601,,,
AJR73026401,,,
AJR73062401,,,
AJR73062401-SUB,,,
AJR73063201,,,
AJR73063201-S6-1,,,
AJR73063202,,,
AJR73063202-은납,,,
AJR73065501,,,
AJR73065501-은납,,,
AJR73065601,,,
AJR73065601-은납,,,
AJR73067005,,,
AJR73068715,,,
AJR73069602,,,
AJR73069602-은납,,,
AJR73069701,,,
AJR73069701-은납,,,
AJR73123101,,,
AJR73123101-SUB,,,
AJR73123102,,,
AJR73123102-SUB,,,
AJR73182701,Assy,,
AJR73324401,,,
AJR73324402,,,
AJR73324403,,,
AJR73324403-SUB,,,
AJR73324403-은납,,,
AJR73324406,,,
AJR73324406-은납,,,
AJR73326607,,,
AJR73326638,,,
AJR73326639,,,
AJR73326640,,,
AJR73326643,,,
AJR73327001,,,
AJR73327002,,,
AJR73327003,,,
AJR73327003-은납,,,
AJR73327004,,,
AJR73327004-SUB,,,
AJR73327007,,,
AJR73327007-은납,,,
AJR73343201-R-1,,,
AJR73343303-R-1,,,
AJR73364003,,,
AJR73364005,,,
AJR73364007,,,
AJR73364008,,,
AJR73383004,,,
AJR73566525,,,
AJR73663001,,,
AJR73663004,,,
AJR73663302,,,
AJR73767201,,,
AJR73767202,,,
AJR73767204,,,
AJR73767206,,,
AJR73767208,,,
AJR73767304,,,
AJR73767314,,,
AJR73767318,,,
AJR73767401,,,
AJR73767403,,,
AJR73767406,,,
AJR73767408,,,
AJR73767412,,,
AJR73767413,,,
AJR73767416,,,
AJR73767417,,,
AJR73767511,,,
AJR73767513,,,
AJR73767514,,,
AJR73767515,,,
AJR73767803,,,
AJR73767810,,,
AJR73767812,,,
AJR73767813,,,
AJR73767817,,,
AJR73767818,,,
AJR73768805,Assy,,
AJR73786307,,,
AJR73786401,,,
AJR73786408,,,
AJR73803001,,,
AJR73803001-SUB,,,
AJR73803002,,,
AJR73803002-SUB,,,
AJR73803003,,,
AJR73803006,,,
AJR73803007,,,
AJR73803008,,,
AJR73803009,,,
AJR73803010,,,
AJR73804203,,,
AJR73804204,,,
AJR73804206,,,
AJR73804303,,,
AJR73804304,,,
AJR73804305,,,
AJR73804306,,,
AJR73804307,,,
AJR73822504,,,
AJR73822504-SUB,,,
AJR73822506,,,
AJR73822506-SUB,,,
AJR73822528,,,
AJR73822528-SUB,,,
AJR73882504,,,
AJR73909401,,,
AJR73910201,Assy,,
AJR73910202,,,
AJR73915505,,,
AJR73915506,,,
AJR73915511,,,
AJR73915512,,,
AJR73915603,,,
AJR73915604,,,
AJR73915605,,,
AJR73915607,,,
AJR73915611,,,
AJR73915612,,,
AJR73915614,,,
AJR73944511,,,
AJR73944513,,,
AJR73945001,,,
AJR73945001-SUB,,,
AJR73947306,,,
AJR73949101,,,
AJR73952005,,,
AJR73952007,,,
AJR73952501,,,
AJR73952501-은납,,,
AJR73952502,,,
AJR73952502-은납,,,
AJR73952503,,,
AJR73952503-은납,,,
AJR73952509,,,
AJR73952509-은납,,,
AJR73952510,,,
AJR73952510-은납,,,
AJR73952511,,,
AJR73952511-은납,,,
AJR73964601,,,
AJR73964602,,,
AJR73964607,,,
AJR73965501,,,
AJR73965502,,,
AJR73965505,,,
AJR73965506,,,
AJR73965606,,,
AJR73965606-SUB,,,
AJR73965607,,,
AJR73965607-SUB,,,
AJR73965702,,,
AJR73980304,,,
AJR73980317,,,
AJR73980318,,,
AJR73980319,,,
AJR73980321,,,
AJR73980322,,,
AJR73980323,,,
AJR73980324,,,
AJR73982401,,,
AJR73982802,,,
AJR73982802-은납,,,
AJR73988107,,,
AJR73988601,,,
AJR74004701,,,
AJR74005701,,,
AJR74005801,,,
AJR74007502,,,
AJR74007502-SUB,,,
AJR74043408,,,
AJR74107911,,,
AJR74107912,Assy,,
AJR74125301,,,
AJR74145401,,,
AJR74145402,,,
AJR74149201,,,
AJR74162501,,,
AJR74162503,,,
AJR74162504,,,
AJR74169701,,,
AJR74182302,,,
AJR74182305,,,
AJR74182601,,,
AJR74182602,,,
AJR74203404,,,
AJR74203404-은납,,,
AJR74207301,,,
AJR74224101,,,
AJR74224202,,,
AJR74229901,,,
AJR74229902,,,
AJR74230002,,,
AJR74230302,,,
AJR74242401,,,
AJR74242408,,,
AJR74242514,,,
AJR74242520,,,
AJR74243206,,,
AJR74243301,,,
AJR74263316,Assy,,
AJR74263316-은납,,,
AJR74263401,,,
AJR74263402,,,
AJR74265701,,,
AJR74266005,,,
AJR74266005-SUB,,,
AJR74266005-SUB2,,,
AJR74284501,,,
AJR74284501-은납,,,
AJR74284505,,,
AJR74284505-은납,,,
AJR74286001,,,
AJR74286002,,,
AJR74288602,,,
AJR74288801,,,
AJR74288803,,,
AJR74289301,,,
AJR74302403,,,
AJR74302403-은납,,,
AJR74302405,,,
AJR74302405-은납,,,
AJR74364809,,,
AJR74364818,,,
AJR74364825,,,
AJR74364903,,,
AJR74364904,,,
AJR74364911,Assy,,
AJR74364912,,,
AJR74364924,,,
AJR74365002,,,
AJR74365010,,,
AJR74365011,,,
AJR74365101,,,
AJR74365101-SUB,,,
AJR74365202,Assy,,
AJR74365205,,,
AJR74366606,,,
AJR74385603,,,
AJR74385604,,,
AJR74385607,,,
AJR74423402,,,
AJR74423601,,,
AJR74424506,,,
AJR74444401,,,
AJR74462301,,,
AJR74482401,사급부품,,
AJR74482801,,,
AJR74485504,,,
AJR74488601,,,
AJR74488604,,,
AJR74524701,Assy,,
AJR74524701-SOCKET,,,
AJR74524701-SUB,,,
AJR74524702,,,
AJR74524702-SUB,,,
AJR74524703,,,
AJR74524703-SOCKET,,,
AJR74524703-SUB,,,
AJR74524704,,,
AJR74524704-SOCKET,,,
AJR74524704-SUB,,,
AJR74524708,,,
AJR74524708-SOCKET,,,
AJR74524708-SUB,,,
AJR74643301,,,
AJR74663217,,,
AJR74663701,,,
AJR74702801,,,
AJR74803512,,,
AJR74803522,,,
AJR74803536,,,
AJR74803542,,,
AJR74803545,,,
AJR74803546,,,
AJR74803547,,,
AJR74823001,,,
AJR74823001-은납,,,
AJR74823002,,,
AJR74823002-은납,,,
AJR74823101,,,
AJR74823101-은납,,,
AJR74823102,,,
AJR74823102-은납,,,
AJR74823103,,,
AJR74823103-은납,,,
AJR74823104,,,
AJR74823104-은납,,,
AJR74843701,,,
AJR74843702,,,
AJR74844301,,,
AJR74844301-은납,,,
AJR74844302,,,
AJR74844302-은납,,,
AJR74844307,,,
AJR74844307-은납,,,
AJR74844308,,,
AJR74844308-은납,,,
AJR74844309,,,
AJR74844309-은납,,,
AJR74844310,,,
AJR74844310-은납,,,
AJR74844311,,,
AJR74844311-은납,,,
AJR74844312,,,
AJR74844312-은납,,,
AJR74844313,,,
AJR74844313-은납,,,
AJR74844314,,,
AJR74844314-은납,,,
AJR74844315,,,
AJR74844315-은납,,,
AJR74844316,,,
AJR74844317,,,
AJR74844318,,,
AJR74844318-SUB,,,
AJR74844319,,,
AJR74844319-SUB,,,
AJR74923001,,,
AJR74923001-은납,,,
AJR74923002,,,
AJR74923002-은납,,,
AJR74923003,,,
AJR74923003-SUB,,,
AJR74923004,,,
AJR74923004-SUB,,,
AJR74942531,,,
AJR74942547,,,
AJR74942548,,,
AJR74942581,,,
AJR74942617-고압,,,
AJR74942623-고압,,,
AJR74942626-고압,,,
AJR74942627-고압,,,
AJR74942632-고압,,,
AJR74942709-저압,,,
AJR74942724-저압,,,
AJR74942729-저압,,,
AJR74942730-저압,,,
AJR74942735-저압,,,
AJR74942754-저압,,,
AJR74943201,Assy,,
AJR74943202,,,
AJR74943202-은납,,,
AJR74962901,,,
AJR74962901-SUB,,,
AJR74962902,,,
AJR74962902-SUB,,,
AJR74962904,,,
AJR74962904-은납,,,
AJR74962905,,,
AJR74962905-은납,,,
AJR74962907,,,
AJR74962907-SUB,,,
AJR74963001,,,
AJR74963001-은납,,,
AJR74963002,,,
AJR74963002-은납,,,
AJR74963003,,,
AJR74963003-은납,,,
AJR74963101,Assy,,
AJR74963102,,,
AJR74963102-은납,,,
AJR74964701,,,
AJR74983904,,,
AJR74983905,,,
AJR74983907,,,
AJR74983909,,,
AJR74983910,,,
AJR74984202,,,
AJR74984303,Assy,,
AJR74984305,,,
AJR74984403,,,
AJR74984403-SUB1,,,
AJR74984403-SUB2,,,
AJR74984403-SUB3,,,
AJR74985204,,,
AJR75044205,,,
AJR75062906,,,
AJR75062906-SUB,,,
AJR75062907,,,
AJR75062907-SUB,,,
AJR75062911,,,
AJR75062911-SUB,,,
AJR75102405,,,
AJR75102501,,,
AJR75103117,,,
AJR75104018,,,
AJR75104601,,,
AJR75104601-은납,,,
AJR75104701,,,
AJR75104701-은납,,,
AJR75142602,,,
AJR75142602-은납,,,
AJR75142606,,,
AJR75142606-은납,,,
AJR75163202,,,
AJR75163202-은납,,,
AJR75163206,,,
AJR75163206-은납,,,
AJR75242801-고압,,,
AJR75242802-고압,,,
AJR75242815-고압,,,
AJR75242816-고압,,,
AJR75243001-저압,,,
AJR75243006-저압,,,
AJR75243014-저압,,,
AJR75243015-저압,,,
AJR75243021-저압,,,
AJR75243101,,,
AJR75243105,,,
AJR75243118,,,
AJR75243124,,,
AJR75243125,,,
AJR75462802,,,
AJR75462803,,,
AJR75463001,,,
AJR75463001-SUB1,,,
AJR75463001-SUB2,,,
AJR75463001-SUB3,,,
AJR75463002,,,
AJR75463003,,,
AJR75463101,Assy,,
AJR75463110,,,
AJR75463302,Assy,,
AJR75463303,,,
AJR75463503,,,
AJR75463512,,,
AJR75464301,,,
AJR75464301-은납,,,
AJR75464302,,,
AJR75464302-은납,,,
AJR75464602,,,
AJR75482701,,,
AJR75482701-SUB,,,
AJR75482702,,,
AJR75482702-SUB,,,
AJR75483401,Assy,,
AJR75483601,,,
AJR75483602,,,
AJR75483701,Assy,,
AJR75483702,,,
AJR75524701,,,
AJR75544201,,,
AJR75544204,Assy,,
AJR75544501,,,
AJR75545702,,,
AJR75545703,,,
AJR75563401,,,
AJR75563401-은납,,,
AJR75563402,,,
AJR75563402-은납,,,
AJR75563501,Assy,,
AJR75563501-은납,,,
AJR75563502,Assy,,
AJR75563502-은납,,,
AJR75563503,,,
AJR75563504,,,
AJR75563701,,,
AJR75563701-SUB,,,
AJR75563702,,,
AJR75563702-SUB,,,
AJR75604801,,,
AJR75604801-SUB,,,
AJR75623501,,,
AJR75623701,,,
AJR75623703,,,
AJR75645201,,,
AJR75645201-SUB,,,
AJR75645701,Assy,,
AJR75645801,,,
AJR75662310,,,
AJR75662348,,,
AJR75702801,,,
AJR75702801-SUB,,,
AJR75704003,,,
AJR75705901,,,
AJR75709904,,,
AJR75710506,,,
AJR75711901,,,
AJR75711901-SUB,,,
AJR75712801,,,
AJR75713001,,,
AJR75713101,,,
AJR75713102,,,
AJR75713301,,,
AJR75713301-SUB,,,
AJR75725401,,,
AJR75725402,,,
AJR75726505,,,
AJR75744401,,,
AJR75744401-SUB,,,
AJR75744535,,,
AJR75744535-SUB,,,
AJR75747504,,,
AJR75747504-고압,,,
AJR75747504-저압,,,
AJR75763701,,,
AJR75763801,Assy,,
AJR75782901,Assy,,
AJR75786301,,,
AJR75786301-고주파,,,
AJR75786301-은납,,,
AJR75786302,,,
AJR75786302-고주파,,,
AJR75786302-은납,,,
AJR75802401,,,
AJR75802501,,,
AJR75802606,,,
AJR75802613,,,
AJR75804101,,,
AJR75804102,,,
AJR75804103,,,
AJR75805201,,,
AJR75805301,,,
AJR75826401,,,
AJR75827605,,,
AJR75827805,,,
AJR75827805-고압,,,
AJR75827808-고압,,,
AJR75828001-저압,,,
AJR75923201,,,
AJR75942501,,,
AJR75942502,,,
AJR75942503,,,
AJR75942504,,,
AJR75962501,Assy,,
AJR75983003,,,
AJR76164201,,,
AJR76164202,,,
AJR76166403,,,
AJR76302601,,,
AJR76322601,,,
AJR76362801,Assy,,
AJR76363001,,,
AJR76363002,,,
AJR76363201,,,
AJR76402407,,,
AJR76402407-SOCKET,,,
AJR76402409,,,
AJR76402409-은납,,,
AJR76442701,,,
AJR76442702,,,
AJR76462903,,,
AJR76462903-SUB,,,
AJR76483603,,,
AJR76502604,,,
AJR76502605,,,
AJR76502607,,,
AJR76502610,,,
AJR76502611,,,
AJR76502612,,,
AJR76502614,,,
AJR76502618,,,
AJR76502701,,,
AJR76502701-SUB,,,
AJR76523005,,,
AJR76523007,,,
AJR76523008,,,
AJR76523008-SUB,,,
AJR76523011,,,
AJR76523011-SUB,,,
AJR76523012,,,
AJR76523012-SUB,,,
AJR76523027,,,
AJR76562403,,,
AJR76562801,,,
AJR76562804,,,
AJR76562808,,,
AJR76562809,,,
AJR76562810,,,
AJR76562811,,,
AJR76562819,,,
AJR76582501,,,
AJR76582502,,,
AJR76582505,,,
AJR76582506,,,
AJR76582801,,,
AJR76582801-고압,,,
AJR76582801-저압,,,
AJR76663201,,,
AJR76663201-SUB,,,
AJR76663202,,,
AJR76663202-SUB,,,
AJR76663205,,,
AJR76663205-SUB,,,
AJR76663206,,,
AJR76663206-SUB,,,
AJR76663207,,,
AJR76663207-SUB,,,
AJR76703602,,,
AJR76703612,,,
AJR76742301,,,
AJR76742301-SUB,,,
AJR76742302,,,
AJR76742302-SUB,,,
AJR76742303,,,
AJR76742303-은납,,,
AJR76742304,,,
AJR76742304-은납,,,
AJR76742305,,,
AJR76742305-SUB,,,
AJR76742306,,,
AJR76742306-은납,,,
AJR76742307,,,
AJR76742307-SUB,,,
AJR76742308,,,
AJR76742308-SUB,,,
AJR76742309,,,
AJR76742309-SUB,,,
AJR76742310,,,
AJR76742311,,,
AJR76742312,,,
AJR76742312-SUB,,,
AJR76742313,,,
AJR76742313-SUB,,,
AJR76742314,,,
AJR76742315,,,
AJR76782301,,,
AJR76782302,,,
AJR76782304,,,
AJR76822701,,,
AJR76823002,,,
AJR76823002-은납,,,
AJR76823101,,,
AJR76823101-SOCKET,,,
AJR76823102,,,
AJR76823102-SOCKET,,,
AJR76882501,,,
AJR76882502,,,
AJR76982501,,,
AJR77082401,,,
AJR77082501,,,
AJR77142502,,,
AJR77142502-SUB,,,
AJR77142503,,,
AJR77142503-SUB,,,
AJR77143003,,,
AJR77143101,,,
AJR77144201,,,
AJR77144307,,,
AJR77144309,,,
AJR77144310,,,
AJR77144311,,,
AJR77144602,,,
AJR77144606,,,
AJR77163102,,,
AJR77163401,,,
AJR77167310,,,
AJR77170601,,,
AJR77170601-SUB,,,
AJR77170701,,,
AJR77170701-SUB,,,
AJR77170901,,,
AJR77170902,,,
AJR77171201,,,
AJR77171201-SUB,,,
AJR77182401,,,
AJR77182402,,,
AJR77182404,,,
AJR77182406,,,
AJR77182602,,,
AJR77182701,,,
AJR77182701-SUB,,,
AJR77183101,,,
AJR77183101-SUB,,,
AJR77187901,,,
AJR77188801,,,
AJR77189101,,,
AJR77189101-은납,,,
AJR77189103,,,
AJR77189103-SUB,,,
AJR77189105,,,
AJR77189105-은납,,,
AJR77189106,,,
AJR77189106-SUB,,,
AJR77202301,,,
AJR77202405,,,
AJR77202406,,,
AJR77202407,,,
AJR77202901,,,
AJR77202902,,,
AJR77222901,,,
AJR77222902,,,
AJR77222904,,,
AJR77222905,,,
AJR77222906,,,
AJR77224002,,,
AJR77224002-SUB1,,,
AJR77224008,,,
AJR77224008-SUB1,,,
AJR77224010,,,
AJR77224501,,,
AJR77224501-S1-2,,,
AJR77224501-S1-3,,,
AJR77224502,,,
AJR77224502-S1-2,,,
AJR77224502-S1-3,,,
AJR77224503,,,
AJR77224503-S1-2,,,
AJR77224504,,,
AJR77224504-S1-2,,,
AJR77224504-S1-3,,,
AJR77224505,,,
AJR77224505-S1-2,,,
AJR77224505-S1-3,,,
AJR77224506,,,
AJR77224506-S1-2,,,
AJR77224506-S1-3,,,
AJR77224506-S1-4,,,
AJR77224509,,,
AJR77224510,,,
AJR77224510-S1-2,,,
AJR77224510-S1-3,,,
AJR77224511,,,
AJR77224511-S1-2,,,
AJR77224511-S1-3,,,
AJR77224511-S1-4,,,
AJR77224516,,,
AJR77224516-S1-2,,,
AJR77224517,,,
AJR77224517-S1-2,,,
AJR77224517-S1-4,,,
AJR77224518,,,
AJR77224518-S1-2,,,
AJR77224518-S1-3,,,
AJR77224518-S1-4,,,
AJR77224519,,,
AJR77224519-S1-2,,,
AJR77224519-S1-3,,,
AJR77224520,,,
AJR77224522,,,
AJR77224523,,,
AJR77224524,,,
AJR77224805,,,
AJR77224809,,,
AJR77225301,,,
AJR77225303,Assy,,
AJR77225304,,,
AJR77225601,,,
AJR77225602,,,
AJR77225602-SUB1,,,
AJR77225607,,,
AJR77225607-SUB1,,,
AJR77225608,,,
AJR77225608-SUB1,,,
AJR77225610,,,
AJR77225610-SUB1,,,
AJR77226302,,,
AJR77226303,,,
AJR77243601,,,
AJR77243801,,,
AJR77263003,,,
AJR77263005,,,
AJR77263007,,,
AJR77263007-SUB,,,
AJR77263008,,,
AJR77263008-SUB,,,
AJR77263009,,,
AJR77263009-SUB,,,
AJR77263011,,,
AJR77282405,,,
AJU74073201,,,
EAD37660045,,,
MJU62356501,,,
MJU65551101-SUB(4),,,
MJU66166608,Assy,,
MJU66166611,Assy,,
MJU66166620,Assy,,
MJU66779316-은납,,,
MJU66805505-은납,,,
PCP-E06A00.AKM,,,
PCP-E09A00.AKM,,,
PCP-E12A00.AKM,,,
PCP-E15A00.AKM,,,
PQ060903E11.AKOR,,,
PQ060903E30.AKOR,,,
PQ060903E52.AKOR,,,
PQ060905K02.AKOR,,,
PQ060905R01.AKOR,,,
PQ060907A11.AKOR,,,
PQ060907A15.AKOR,,,
PQ060907A30.AKOR,,,
PQ060907A31.AKOR,,,
PQ061203K11.AKOR,,,
PQ061208C11.AKOR,,,
PQ061208C14.AKOR,,,
PQ061208C41.AKOR,,,
PQ061503K03.AKOR,,,
PQ061503K11.AKOR,,,
PQ061508C11.AKOR,,,
PQ061508C41.AKOR,,,
PW060905R01.AKOR,,,
PW061203K11.AKOR,,,
SH091505DA0.AKCXLHD,,,
냉매누설KIT,,,
