자도번,품명,제작구분,가공공정,사용도번(예),사용처수,← 담당: 세트입고 협력사
MJU62969702,"Tube,Capi",2,,MJU39074315,11,
AJR74983904-12-2,대원 SUB,2,,AJR74983904-S1-1,6,
AJR74983904-12-3,대원 SUB,2,,AJR74983904-S1-2,6,
AJR74983905-12-1,대원 SUB,2,S4,AJR74983905,5,
AJR74983905-12-2,대원 SUB,2,,AJR74983905-S1-1,5,
MJU62969701,"Tube,Capi",2,,MJU62968501,5,
5001A30010X,Accessory Assembly,2,,AET72910816,4,
AAB73230902,Accumulator Assembly,2,,AAB73230902-0,4,
AAA72940307,Accessory Assembly,2,,AET72910041,3,
AAA72940313,Accessory Assembly,2,,AET73671501,3,
AJJ73640101,Supporter Assembly,2,S2,AJR73981101,3,
AJR74983904-12-1,대원 SUB,2,S1,AJR74983904,3,
MJU62388708,"Tube,Capillary",2,,MJU62356330,3,
3H02059F,"Tube Assembly, Installation",2,,AET72910307,2,
3H02059J,"Tube Assembly, Installation",2,,AET72910312,2,
5210A23513C,"Tube,Capillary Bending",2,RAC,AJR37048401,2,
AAB73230902-2,SUB ASSY,2,S2,AJR74105601,2,
AJR30060701,"Tube Assembly,Condenser(In)",2,RAC,AJR30060702,2,
AJR30125601-3-2,이젠터 SUB,2,S1,AJR30125601,2,
AJR36852207-4-1,미래 SUB,2,S6,AJR36852207,2,
AJR52737623,AJR52737623,2,RAC,AJJ73898618,2,
AJR55707001-J&I,태국 SUB,2,S6,AJR55707001,2,
AJR55707101-2-1,외주 SUB,2,,AJR55707101-14-1,2,
AJR71429420-3-1,AJR71429420-3-1,2,RAC,AJR71429420,2,
AJR74662704,"Tube Assembly,Suction",2,,AJR74662703-7-1,2,
AJR74984303-13-4,엠케이 SUB,2,,AJR74984304-13-2,2,
AJR75243007-3-1,SUB ASSY,2,,AJR75243007,2,
AJR75662308-4-1,미래 SUB,2,,AJR75662311,2,
AJR75842506,6.35*5M L/W (SUB)-뽐삐X,2,,AET73831407,2,
AJR75842507,9.52*5M L/W (SUB)-뽐삐X,2,,AET73831407,2,
AJR75842529,"Tube Assembly, Installation",2,,AET73831429,2,
AJR76442502-삼화,삼화 벨로즈 SUB,2,,AJR76442502,2,
AJR76442504-삼화,삼화 벨로즈 SUB,2,RAC,AJR76442504,2,
AJR77223105,"Tube Assembly,Discharge",2,,AJR77222905,2,
MJU32340801,"TUBE, CAPILLARY BENDING",2,S6,5211A10570G,2,
MJU32340802,"Tube,Capillary Bending",2,S6,5211A10570G,2,
MJU32340803,"TUBE, CAPILLARY BENDING",2,S6,5211A10570G,2,
MJU32340804,"TUBE, CAPILLARY BENDING",2,S6,5211A10570G,2,
MJU32340805,"TUBE, CAPILLARY BENDING",2,S6,5211A10570G,2,
MJU32340806,"TUBE, CAPILLARY BENDING",2,S6,5211A10570G,2,
MJU32340807,"Tube,Capillary Bending",2,S6,5211A10570G,2,
MJU32340808,"TUBE, CAPILLARY BENDING",2,S6,5211A10570G,2,
MJU32340809,"TUBE, CAPILLARY BENDING",2,S6,5211A10570G,2,
MJU32340810,"TUBE, CAPILLARY BENDING",2,S6,5211A10570G,2,
MJU32340811,"TUBE, CAPILLARY BENDING",2,S6,5211A10570G,2,
MJU40157903,"Tube,Capillary Bending",2,S2,AJR74064002,2,
MJU41490801,"Tube,Connector",2,S1,AJR56992602,2,
MJU62388718,"Tube,Capillary",2,,MJU63043603,2,
MJU64770705,"Tube,Connector",2,,AJR75523201-4-1,2,
MJU64770706,"Tube,Connector",2,,AJR75523201-4-1,2,
MJU64770707,"Tube,Connector",2,,AJR75523201-4-1,2,
3H02059L,"Tube Assembly, Installation",2,,AET72910305,1,
4848A20011A,Accumulator Assembly,2,RAC,5211A11602B,1,
5210A13011H-15-1,"Tube,Connector",2,,5210A13011H,1,
5210A13011J-15-1,"Tube,Connector",2,,5210A13011J,1,
5210A13011K-15-1,"Tube,Connector",2,,5210A13011K,1,
5210A20595Z,Tube Capillary,2,,5211A10120T,1,
5210A22581A,"Tube,Capillary Bending",2,RAC,5211A12001A,1,
5210A22581B,"Tube,Capillary Bending",2,RAC,5211A12001A,1,
5210A22581C,"Tube,Capillary Bending",2,RAC,5211A12001A,1,
5210A22581D,"Tube,Capillary Bending",2,RAC,5211A12001A,1,
5210A22581E,"TUBE, CAPILLARY BENDING",2,RAC,5211A12001A,1,
5210A22581F,"Tube,Capillary Bending",2,RAC,5211A12001A,1,
5210A22581G,"Tube,Capillary Bending",2,RAC,5211A12001A,1,
5210A22581H,"Tube,Capillary Bending",2,RAC,5211A12001A,1,
5210A22581J,"Tube,Capillary Bending",2,RAC,5211A12001A,1,
5210A22581P,"TUBE, CAPILLARY BENDING",2,RAC,5211A12001A,1,
5210A22721A,"Tube,Capillary Bending",2,RAC,AJR73005001,1,
5210A24129E,Tube Capillary,2,RAC,5211A30708S,1,
5210A26600K,"Tube,Capillary Bending",2,S1,5211A10678D,1,
5210A26600L,"Tube,Capillary Bending",2,S1,5211A10678D,1,
5210A26600M,"Tube,Capillary Bending",2,S1,5211A10678D,1,
5210A26600N,"Tube,Capillary Bending",2,S1,5211A10678D,1,
5210A26600P,"Tube,Capillary Bending",2,S1,5211A10678D,1,
5210A26600Q,"Tube,Capillary Bending",2,S1,5211A10678D,1,
5210A26600R,"Tube,Capillary Bending",2,S1,5211A10678D,1,
5210A26600S,"Tube,Capillary Bending",2,S1,5211A10678D,1,
5210A26600T,"Tube,Capillary Bending",2,S1,5211A10678D,1,
5210A26775K,"TUBE, CAPI",2,S1,5211A10678B,1,
5210A26775L,"TUBE, CAPI",2,S1,5211A10678B,1,
5210A26775M,"TUBE, CAPI",2,S1,5211A10678B,1,
5210A26775N,"TUBE, CAPI",2,S1,5211A10678B,1,
5210A26775P,"TUBE, CAPI",2,S1,5211A10678B,1,
5210A26775Q,"TUBE, CAPI",2,S1,5211A10678B,1,
5210A26775R,"TUBE, CAPI",2,S1,5211A10678B,1,
5210A26775S,"TUBE, CAPI",2,S1,5211A10678B,1,
5210A26775T,"TUBE, CAPI",2,S1,5211A10678B,1,
5210A29108B,"Tube, Bending",2,,5211A29045B,1,
5211A21788A,5211A21788A,2,RAC,5211A21789C,1,
5211A21788A-3,5211A21788A-3,2,,5211A21788A,1,
5211A21812B-1-1,5211A21812B-1-1,2,S6,5211A21812B,1,
5211A21907C-1-1,5211A21907C-1-1,2,,5211A21907C,1,
5211A23363B,SUB ASSY,2,S6,5211A23366B,1,
5211A29904A,5211A29904A,2,RAC,5211A21789C,1,
5424AR7208Q,"Tube, Bending",2,,5211A29045B,1,
AAA68954002-1,Accessory Assembly,2,,AET32967125,1,
AAB73230902-0,SUB ASSY,2,S2,AJR74123801,1,
AFY73489501,AFY73489501,2,S2,AJR73988106,1,
AGG00416302,"Packing Assembly,C/SKD",2,,AGF04226602,1,
AJJ73679204-12-1,SUB ASSY,2,,AJJ73679204,1,
AJJ73898636,Supporter Assembly,2,RAC,AJJ75358423,1,
AJJ73898637,체결 SUB,2,RAC,AJJ75358421,1,
AJJ74578327-1-1,중앙 SUB,2,RAC,AJJ74578327,1,
AJJ75358417,Supporter Assembly,2,RAC,AJJ76238401,1,
AJR30001402-3-1,이젠터 SUB,2,S5,AJR30001402,1,
AJR30001402-3-2,이젠터 SUB,2,S5,AJR30001402,1,
AJR30027702-12-2,대원 SUB,2,,AJR30027702-J2,1,
AJR30027704-12-2,대원 SUB,2,,AJR30027704-J2,1,
AJR30027706-12-1,대원 SUB,2,,AJR30027706-J2,1,
AJR30048708,"Tube Assembly, Installation",2,,AET32967125,1,
AJR30048709,"Tube Assembly, Installation",2,,AET32967125,1,
AJR30075401-3-1,이젠터 Sub,2,,AJR30075401-4-4,1,
AJR30075401-3-2,이젠터 Sub,2,,AJR30075401-4-4,1,
AJR30075401-3-6,이젠터 Sub,2,,AJR30075401-4-6,1,
AJR30075401-4-1,미래정밀 Sub,2,,AJR30075401-3-7,1,
AJR30075401-4-3,미래정밀 Sub,2,,AJR30075401-3-7,1,
AJR30077401-12-1,대원SUB,2,S6,AJR30077401,1,
AJR30077401-4-1,미래 SUB,2,S6,AJR30077401,1,
AJR30077401-4-2,미래 SUB,2,S6,AJR30077401,1,
AJR30077402-12-1,대원SUB,2,S6,AJR30077402,1,
AJR30077402-4-1,미래 SUB,2,S6,AJR30077402,1,
AJR30077402-4-2,미래 SUB,2,S6,AJR30077402,1,
AJR30077602-J&I,태국 SUB,2,S6,AJR30077602,1,
AJR30077801-J&I-1,태국 SUB,2,,AJR30077801-J&I,1,
AJR30077801-J&I-2,태국 SUB,2,,AJR30077801-J&I,1,
AJR30077901-J&I,태국 SUB,2,S10,AJR30077902-SUB,1,
AJR30133704-A-S-2,STS Sub,2,S5,AJR30133704-SUB-2,1,
AJR30133706-A-S-1,STS Sub,2,,AJR30133706-SUB-1,1,
AJR30133706-A-S-2,STS Sub,2,,AJR30133706-SUB-2,1,
AJR30133708-A-S-1,STS Sub,2,,AJR30133708-SUB-1,1,
AJR30133708-A-S-2,STS Sub,2,,AJR30133708-SUB-2,1,
AJR30133709-A-S-1,STS Sub,2,,AJR30133709-SUB-1,1,
AJR30133709-A-S-2,STS Sub,2,,AJR30133709-SUB-2,1,
AJR30167101-A-S-1,STS Sub,2,,AJR30167101,1,
AJR30167101-A-S-2,STS Sub,2,,AJR30167101,1,
AJR32674704-2-1,AJR32674704-2-1,2,S6,AJR32674704,1,
AJR32674713-2-1,AJR32674713-2-1,2,,AJR32674713-S6-2,1,
AJR34739819-3-1,SUB ASSY,2,RAC,AJR34739819,1,
AJR36182903-1-1,AJR36182903-1-1,2,,AJR36182903,1,
AJR36852202-J&I,태국 SUB,2,S6,AJR36852202,1,
AJR65507704-4-1,미래 SUB,2,,AJR65507704-S3-1,1,
AJR72586223-4-1,AJR72586223-4-1,2,RAC,AJR72586223,1,
AJR72929208,"Tube Assembly, Connector",2,RAC,AJR73802904,1,
AJR73004804,"Tube Assembly,Connector",2,RAC,AJR72961402,1,
AJR73004902,"Tube Assembly,Connector",2,RAC,AJR72961402,1,
AJR73343301-3-1,AJR73343301-3-1,2,,AJR73343301,1,
AJR73343302-3-1,AJR73343302-3-1,2,,AJR73343302,1,
AJR73566503,"Tube, Assembly",2,,AJR74485501,1,
AJR73566504,"Tube, Assembly",2,,AJR73566524,1,
AJR73566524,"Tube, Assembly",2,,AJR74485501,1,
AJR73663002-4-1,AJR73663002-4-1,2,,AJR73663002,1,
AJR73663006-4-1,AJR73663006-4-1,2,,AJR73663006,1,
AJR73665401,판형 SUB,2,S11,ADM72950701,1,
AJR73786304-5,SUB ASSY,2,,AJR73786304-0-1,1,
AJR73943302-9-1,AJR73943302-9-1,2,,AJR73943302,1,
AJR73944503-7-1,AJR73944503-7-1,2,S2,AJR73944503,1,
AJR73944514-7-1,AJR73944514-7-1,2,,AJR73944514,1,
AJR73944516-7-1,(AJR73944506-7-1대체),2,,AJR73944516,1,
AJR73944519-7-1,MTS AJR73944519 SUB,2,,AJR73944519,1,
AJR73947203-4-1,AJR73947203-4-1,2,RAC,AJR73947203,1,
AJR73950304-12-1,SUB ASSY,2,,AJR73950304,1,
AJR73950306-12-1,SUB ASSY,2,,AJR73950306,1,
AJR73953306-1,AJR73953306-1,2,,AJR73953306,1,
AJR73953309-1,AJR73953309-1,2,,AJR73953309,1,
AJR73967501-7,AJR73967501-7,2,,AJR73967501,1,
AJR73967511-7-1,MTS SUB,2,S1,AJR73967511,1,
AJR73967513-7-1,AJR73967513-7-1,2,S1,AJR73967513,1,
AJR73967514-7-1,ACCUMULATOR,2,S1,AJR73967514,1,
AJR73967516-7-1,MTS SUB,2,S1,AJR73967516,1,
AJR73967517-7-1,MTS SUB,2,S1,AJR73967517,1,
AJR73968603,"Tube Assembly,Condenser(Out)",2,RAC,AJJ32486326,1,
AJR73970508-7-1,AJR73970508-7-1,2,RAC,AJR73970508,1,
AJR74107918-4-1,AJR74107918-4-1,2,RAC,AJR74107918,1,
AJR74230607-3,AJR74230607-3,2,,AJR74230607,1,
AJR74524709-9-1,AJR74524709-9-1,2,S2,AJR74522906,1,
AJR74662703-7-2,AJR74662703 MTS SUB,2,S1,AJR74662703,1,
AJR74942615-4-1,미래 SUB,2,,AJR74942615,1,
AJR74942715-3-1,AJR74942715-3-1,2,,AJR74942715,1,
AJR74984303-13-3,엠케이 SUB,2,,AJR74984304-13-1,1,
AJR75022402-1,AJR75022402-1,2,RAC,AJR75022402,1,
AJR75103201-4-2,SUB ASSY,2,,AJR75103202,1,
AJR75103202-4-1,SUB ASSY,2,,AJR75103202,1,
AJR75183001-9-1,AJR75183001-9-1,2,,AJR75183001,1,
AJR75463302-9-1,진성 SUB,2,,AJR75463302-S5-3,1,
AJR75463302-9-2,진성 SUB,2,,AJR75463302-S5-3,1,
AJR75463303-9-1,진성 SUB,2,,AJR75463303-S5-3,1,
AJR75463303-9-2,진성 SUB,2,,AJR75463303-S5-3,1,
AJR75464704-7,AJR75464704-7,2,,AJR75464704,1,
AJR75483701-13-1,엠케이 SUB,2,S5,AJR75483701,1,
AJR75483701-13-4,엠케이 SUB,2,S5,AJR75483701,1,
AJR75523201-4-1,SUB ASSY,2,,AJR75523201,1,
AJR75604102-11-1,AJR75604102-11-1,2,,AJR75604102,1,
AJR75604703-11-1,AJR75604703-11-1,2,RAC,AJR75604703,1,
AJR75605801-1-1,중앙 SUB,2,,AJR75605801,1,
AJR75605801-1-2,중앙 SUB,2,,AJR75605801,1,
AJR75605806-13-1,SUB ASSY,2,,AJR75605806,1,
AJR75605806-13-2,SUB ASSY,2,,AJR75605806,1,
AJR75662308-1,SUB ASSY,2,,AJR75662308,1,
AJR75662810-13-1,엠케이 SUB,2,,AJR75662810,1,
AJR75662811-13-1,엠케이 SUB,2,,AJR75662811,1,
AJR75711504-11-1,AJR75711504-11-1,2,RAC,AJR75711504,1,
AJR75743302-1-1,중앙 SUB,2,RAC,AJR75743302,1,
AJR75743302-1-2,중앙 SUB,2,RAC,AJR75743302,1,
AJR75744116-4-1,미래 SUB,2,,AJR75744116,1,
AJR75744124,"Tube Assembly,Suction",2,RAC,AJJ76238408,1,
AJR75763103-1-1,단가재협의필요함- c 센서삭제,2,RAC,AJR75763103,1,
AJR75763201-3-1,SUB ASSY,2,,AJR75763201,1,
AJR75763301-1-1,SUB ASSY,2,,AJR75763301,1,
AJR75842510,6.35*5M L/W (SUB),2,,AET73831410,1,
AJR75842511,9.52*5M L/W (SUB),2,,AET73831410,1,
AJR75842534,"Tube Assembly, Installation(고강도관)",2,,AET73831402,1,
AJR75983005-7-1,MTS AJR75983005 SUB,2,S2,AJR75983005,1,
AJR76322601-13-1,외주 SUB,2,,AJR76322601-S1-1,1,
AJR76322601-13-2,외주 SUB,2,,AJR76322601-S1-2,1,
AJR76462726-IS,판형 STS SUB,2,S10,ADM74930507-STS,1,
AJR76462728-STS,두성 SUB,2,,AJR76462728,1,
AJR76462731-7-1,MTS 판형 SUB,2,S6,AJR76462731,1,
AJR76462734-7-1,MTS SUB,2,S6,AJR76462734,1,
AJR76483303,SUB ASSY,2,RAC,AJR30017802,1,
AJR76523009-7-1,SUB ASSY,2,RAC,AJR76523009,1,
AJR76523009-7-2,SUB ASSY,2,RAC,AJR76523009,1,
AJR76982502-4-1,미래 SUB,2,S1,AJR76982502,1,
AJR76982502-4-2,미래 SUB,2,S1,AJR76982502,1,
AJR77144603-4-1,미래 SUB,2,RAC,AJR77144603,1,
AJR77144603-4-2,미래 SUB,2,RAC,AJR77144603,1,
AJR77163403-1-1,중앙 SUB,2,RAC,AJR77163403,1,
AJR77163403-13-1,엠케이 SUB,2,RAC,AJR77163403,1,
AJR77167311-4-1,미래 SUB,2,S2,AJR77167311-S2-1,1,
AJR77184711,"Tube Assembbly,Discharge(Indoor)",2,,ADL76734508,1,
AJR77184807,"Tube Assembbly,Suction(Indoor)",2,,ADL76734508,1,
AJR77224001-7-2,MTS SUB(01/02/05 공용),2,S1,AJR77224005,1,
AJR77224001-7-3,MTS SUB(01/02/05 공용),2,S1,AJR77224005,1,
AJR77225601-7-2,MTS SUB(01/02/05 공용),2,S1,AJR77225605,1,
AJR77225601-7-3,MTS SUB(01/02/05 공용),2,S1,AJR77225605,1,
MJU30169501,"Tube,Connector",2,,AJR30136901-S1-1,1,
MJU30381202,"Tube,Connector",2,,5211A29045E,1,
MJU30381203,"Tube,Connector",2,,5211A29045E,1,
MJU37483110,"Tube,Connector",2,,5211A10678F-S1-1,1,
MJU37483111,"Tube,Connector",2,,5211A10678F-S1-1,1,
MJU37483112,"Tube,Connector",2,,5211A10678F-S1-1,1,
MJU37483113,"Tube,Connector",2,,5211A10678F-S1-1,1,
MJU37483114,"Tube,Connector",2,,5211A10678F-S1-1,1,
MJU37483115,"Tube,Connector",2,,5211A10678F-S1-1,1,
MJU37483116,"Tube,Connector",2,,5211A10678F-S1-1,1,
MJU37483117,"Tube,Connector",2,,5211A10678F-S1-1,1,
MJU37483118,"Tube,Connector",2,,5211A10678F-S1-1,1,
MJU38530201,"TUBE, CAPILLARY BENDING",2,RAC,AJR33664401,1,
MJU38530202,"TUBE, CAPILLARY BENDING",2,RAC,AJR33664401,1,
MJU38530203,"TUBE, CAPILLARY BENDING",2,RAC,AJR33664401,1,
MJU38530204,"TUBE, CAPILLARY BENDING",2,RAC,AJR33664401,1,
MJU38530205,"TUBE, CAPILLARY BENDING",2,RAC,AJR33664401,1,
MJU38530206,"TUBE, CAPILLARY BENDING",2,RAC,AJR33664401,1,
MJU38530207,"TUBE, CAPILLARY BENDING",2,RAC,AJR33664401,1,
MJU38530208,"TUBE, CAPILLARY BENDING",2,RAC,AJR33664401,1,
MJU38530224,CAPIBEND,2,,5211A10477E,1,
MJU39074308,"Tube,Capillary Bending",2,S6,AJR33796502,1,
MJU39074309,"Tube,Capillary Bending",2,S6,AJR33796502,1,
MJU39074310,"Tube,Capillary Bending",2,S6,AJR33796502,1,
MJU39074311,"Tube,Capillary Bending",2,S6,AJR33796502,1,
MJU39074312,"Tube,Capillary Bending",2,S6,AJR33796502,1,
MJU39074313,"Tube,Capillary Bending",2,S6,AJR33796502,1,
MJU39074314,"Tube,Capillary Bending",2,S6,AJR33796502,1,
MJU39074315,"Tube,Capillary Bending",2,S6,AJR33796506,1,
MJU39074316,"Tube,Capillary Bending",2,S6,AJR33796506,1,
MJU39074317,"Tube,Capillary Bending",2,S6,AJR33796506,1,
MJU39074318,"Tube,Capillary Bending",2,S6,AJR33796506,1,
MJU39074320,"Tube,Capillary Bending",2,S6,AJR33796506,1,
MJU39074321,"Tube,Capillary Bending",2,S6,AJR33796506,1,
MJU42448702,"Tube,Capillary Bending",2,,AJR36768902,1,
MJU61962901,"Tube,Connector",2,S6,AJR72961702,1,
MJU61963001,"Tube,Connector",2,S6,AJR72961702,1,
MJU61963101,"Tube,Connector",2,S6,AJR72961702,1,
MJU61963301,"Tube,Connector",2,S6,AJR72961702,1,
MJU61963401,"Tube,Connector",2,S6,AJR72961702,1,
MJU61963501,"Tube,Connector",2,S6,AJR72961702,1,
MJU61963601,"Tube,Connector",2,S6,AJR72961702,1,
MJU61963701,"Tube,Connector",2,S6,AJR72961702,1,
MJU62070207,"Tube,Connector",2,S6,AJR73062903,1,
MJU62070208,"Tube,Connector",2,S6,AJR73062903,1,
MJU62070209,"Tube,Connector",2,S6,AJR73062903,1,
MJU62070210,"Tube,Connector",2,S6,AJR73062903,1,
MJU62070211,"Tube,Connector",2,S6,AJR73062903,1,
MJU62388709,"Tube,Capillary",2,,MJU62356333,1,
MJU62388717,"Tube,Capillary",2,,MJU63043602,1,
MJU62968501,"Tube,Bending",2,,AJR32674704-2-1,1,
MJU62968502,"Tube,Bending",2,,AJR32674704-2-1,1,
MJU62968503,"Tube,Bending",2,,AJR32674704-2-1,1,
MJU62968504,"Tube,Bending",2,,AJR32674704-2-1,1,
MJU62968505,"Tube,Bending",2,,AJR32674704-2-1,1,
MJU62968506,"Tube,Bending",2,,AJR32674704-2-1,1,
MJU62968507,"Tube,Bending",2,,AJR32674704-2-1,1,
MJU62968509,"Tube,Bending",2,,AJR32674704-2-1,1,
MJU62968510,"Tube,Bending",2,,AJR32674704-2-1,1,
MJU62968511,MJU62252303,2,,AJR32674704-2-1,1,
MJU63033801,Tube Capillary,2,,AJR73005505,1,
MJU63043602,"Tube,Capillary Bending",2,,AJR32674707-2-1,1,
MJU63043603,"Tube,Capillary Bending",2,,AJR32674707-2-1,1,
MJU63043606,"Tube,Capillary Bending",2,,AJR32674707-2-1,1,
MJU63311601,Capillary,2,,AJR74145801,1,
MJU63311602,Capillary,2,,AJR74145801,1,
MJU63366805,Tube Bending,2,,AJR76483303,1,
MJU63668307,"Tube,Connector",2,S6,AJR75563003,1,
MJU63668308,"Tube,Connector",2,S6,AJR75563003,1,
MJU63668309,"Tube,Connector",2,S6,AJR75563003,1,
MJU63668310,"Tube,Connector",2,S6,AJR75563003,1,
MJU63668311,"Tube,Connector",2,S6,AJR75563003,1,
MJU63668312,"Tube,Connector",2,,AJR75563003-S6-1,1,
MJU63668313,"Tube,Connector",2,S6,AJR75563003,1,
MJU63668314,"Tube,Connector",2,S6,AJR75563003,1,
MJU63668315,"Tube,Connector",2,S6,AJR75563003,1,
MJU63668316,"Tube,Connector",2,S6,AJR75563003,1,
MJU63732901,"Tube,Connector",2,,AJR74522901-12-1,1,
MJU63786304-6,Tube Capillary,2,,MJU63786304,1,
MJU64029708,MJU64073001,2,RAC,AJR74803002,1,
MJU64029709,MJU64073005,2,RAC,AJR74803002,1,
MJU64029710,MJU64073003,2,RAC,AJR74803002,1,
MJU64246301,"Tube,Connector",2,RAC,AJR75022402,1,
MJU64246402,"Tube,Connector",2,RAC,AJR75022402,1,
MJU64266801,"Tube,Connector",2,RAC,AJR75002401,1,
MJU64266802,"Tube,Connector",2,RAC,AJR75002402,1,
MJU64726318,"Tube,Connector",2,S6,AJR75482406,1,
MJU64987701,Tube Capillary,2,,AJR75763301,1,
MJU65026412,Body(9.52)+MJU65026411,2,RAC,AJR74803541,1,
MJU65666828+36,MJU65666828+36 일체형,2,S6,AJR76462727,1,
MJU65666835+36,MJU65666835  36 일체형,2,,AJR76462729,1,
MJU66166606,Tube Connector,2,,AJR76823801,1,
MJU66471706+용접링,Connector+용접링,2,,AJR77263001-S5-2,1,
MJU66503002+용접링,Connector+용접링,2,,AJR77263002-S5-1,1,
MJU66570301,"Tube,Connector",2,RAC,AJR77226001,1,
MJU66823801,Tube Connector,2,,AJR30031201-12-1,1,
MJU66823802,Tube Connector,2,,AJR30031201-12-1,1,
MJU66823803,Tube Connector,2,,AJR30031201-12-1,1,
MJU66823804,Tube Connector,2,,AJR30031201-12-1,1,
MJU66823805,Tube Connector,2,,AJR30031201-12-1,1,
MJU66823806,Tube Connector,2,,AJR30031201-12-1,1,
MJU66823807,Tube Connector,2,,AJR30031201-12-1,1,
MJU66823808,Tube Connector,2,,AJR30031201-12-1,1,
MJU66823809,Tube Connector,2,,AJR30031201-12-1,1,
MJU66823810,Tube Connector,2,,AJR30031201-12-1,1,
서브아세이,Sub Assy,2,,견적교육,1,
