품번,품명,유형,사내거래처,매입가(JS제외),매입가출처,견적재료비,비고
3H03659C,"Tube,Connector",사급부품,축관반(사내);제이에스,525,축관반(사내),629,
3H03659L,"Tube,Connector",사급부품,축관반(사내);제이에스,525,축관반(사내),1774,
3H03659M,"Tube,Connector",사급부품,축관반(사내);제이에스,525,축관반(사내),624,
3H03659V,Strainer,사급부품,축관반(사내);제이에스,832,축관반(사내),832,
3H03659W,Strainer,사급부품,축관반(사내);제이에스,525,축관반(사내),538,
4A00232S,Muffler,사급부품,가공반(사내);축관반(사내);제이에스,1456,축관반(사내),2912,
4H00049A,"TUBE,PINCHOFF",사급부품,가공반(사내);제이에스,146,가공반(사내),249,
4H00901F,"Tube,Connector",사급부품,가공반(사내);제이에스,156,가공반(사내),159,
5210A22409A,"Tube,Connector",사급부품,축관반(사내);제이에스,51,축관반(사내),57,
5210A22409B,"Tube,Connector",사급부품,축관반(사내);제이에스,61,축관반(사내),67,
5210A22840A,"Tube,Connector",사급부품,가공반(사내);제이에스,100,가공반(사내),107,
5210A23089A,"Tube,Connector",사급부품,가공반(사내);제이에스,176,가공반(사내),402,
5210A23089D,"Tube,Connector",사급부품,가공반(사내);제이에스,241,가공반(사내),527,
5210A23376A,"Tube,Connector",사급부품,가공반(사내);제이에스,251,가공반(사내),552,
5210A30334L,"Tube,Connector",사급부품,가공반(사내);제이에스,146,가공반(사내),135,
5210A30334M,"Tube,Connector",동관,가공반(사내);제이에스,254,가공반(사내),254,
5210A31939A,"Tube,Connector",사급부품,제이에스,285,제이에스,150,JS만(가격신뢰X)
5224A20002A,Strainer,사급부품,축관반(사내);제이에스,832,축관반(사내),848,
5224A20002P,Strainer,사급부품,축관반(사내);제이에스,2089,축관반(사내),2278,
5224A20002T,Strainer,사급부품,축관반(사내);제이에스,853,축관반(사내),853,
5224A20002W,strainer,사급부품,축관반(사내);제이에스,672,축관반(사내),1018,
5224A20005A,Strainer,사급부품,축관반(사내);제이에스,2959,축관반(사내),2959,
5224A20005D,Strainer,사급부품,축관반(사내);제이에스,2959,축관반(사내),6195,
5224A20005E,Strainer,사급부품,축관반(사내);제이에스,2959,축관반(사내),2959,
5224A20005F,Straier,사급부품,축관반(사내);제이에스,2959,축관반(사내),2959,
5224A20005G,"Tube,Distributor",사급부품,축관반(사내);제이에스,620,축관반(사내),1116,
5224A20005H,Strainer,사급부품,축관반(사내);제이에스,620,축관반(사내),682,
5224A20005J,"Tube,Connector",사급부품,축관반(사내);제이에스,620,축관반(사내),1008,
5224A20005M,Strainer,사급부품,축관반(사내);제이에스,1389,축관반(사내),1624,
5224A20005P,Strainer,사급부품,축관반(사내);제이에스,2959,축관반(사내),2959,
5256A30002D,Muffler,사급부품,축관반(사내);제이에스,1598,축관반(사내),1598,
5256A30003C,"Tube,Connector",사급부품,축관반(사내);제이에스,1453,축관반(사내),2906,
5256A30003D,Muffler,사급부품,제이에스,1178,제이에스,1598,JS만(가격신뢰X)
5256A30003J,Muffler,사급부품,축관반(사내);제이에스,1453,축관반(사내),1453,
5256A30003L,Muffler,사급부품,축관반(사내);제이에스,1065,축관반(사내),1065,
5256A30003U,Muffler,사급부품,축관반(사내);제이에스,927,축관반(사내),2060,
동BODY-6.35(확관물),동BODY-6.35(확관물),사급부품,가공반(사내);제이에스,521,가공반(사내),680,
MJC62301701,Strainer,사급부품,축관반(사내);제이에스,2959,축관반(사내),2959,
MJC62301702,Strainer,사급부품,축관반(사내);제이에스,2959,축관반(사내),2959,
MJU00732201,"Tube,Suction",사급부품,제이에스,673,제이에스,673,JS만(가격신뢰X)
MJU00777404,Tube Connector,사급부품,제이에스,2266,제이에스,2266,JS만(가격신뢰X)
MJU00777405,Tube Connector,사급부품,제이에스,2563,제이에스,2563,JS만(가격신뢰X)
MJU40313204,"Tube,Connector",동관,제이에스,1442,제이에스,424,JS만(가격신뢰X)
MJU42271904,"Tube,Manifold",사급부품,가공반(사내);제이에스,1651,가공반(사내),1651,
MJU47147501,"Tube,Connector",동관,가공반(사내);제이에스,958,가공반(사내),1196,
MJU57132602,"Tube,Connector",동관,제이에스,1121,제이에스,1033,JS만(가격신뢰X)
MJU57152601,"Tube,Connector",동관,가공반(사내);제이에스,410,가공반(사내),274,
MJU60436235,"Tube,Connector",동관,제이에스,443,제이에스,211,JS만(가격신뢰X)
MJU61986901,"Tube,Connector",사급부품,가공반(사내);제이에스,975,가공반(사내),1358,
MJU61986903,"Tube,Connector",사급부품,제이에스,1172,제이에스,815,JS만(가격신뢰X)
MJU61987101,"Tube,Connector",사급부품,가공반(사내);제이에스,4478,가공반(사내),5703,
MJU61987103,"Tube,Connector",사급부품,제이에스,4441,제이에스,4011,JS만(가격신뢰X)
MJU62356410,"Tube,Connector",동관,가공반(사내);제이에스,171,가공반(사내),100,
MJU62366601,"Tube,Connector",사급부품,가공반(사내);제이에스,1937,가공반(사내),2190,
MJU62366603,"Tube,Connector",사급부품,가공반(사내);제이에스,1861,가공반(사내),2436,
MJU62371701,"Tube,Connector",사급부품,가공반(사내);제이에스,2426,가공반(사내),3210,
MJU62371703,"Tube,Connector",사급부품,가공반(사내);제이에스,3025,가공반(사내),4244,
MJU62392101,"Tube,Connector",사급부품,가공반(사내);제이에스,1543,가공반(사내),1804,
MJU62392701,"Tube,Connector",동관,제이에스,488,제이에스,347,JS만(가격신뢰X)
MJU62671602,"Tube,Connector",동관,제이에스,609,제이에스,233,JS만(가격신뢰X)
MJU62671604,"Tube,Connector",동관,가공반(사내);제이에스,411,가공반(사내),232,
MJU62822101,"Tube,Manifold",사급부품,가공반(사내);제이에스,609,가공반(사내),912,
MJU62822102,"Tube,Manifold",사급부품,가공반(사내);제이에스,620,가공반(사내),700,
MJU62822105,"Tube,Connector",사급부품,가공반(사내);제이에스,717,가공반(사내),1015,
MJU62822106,"Tube,Connector",사급부품,가공반(사내);제이에스,631,가공반(사내),946,
MJU62907916,"Tube,Connector",동관,가공반(사내);제이에스,141,가공반(사내),80,
MJU62987402,"Tube,Connector",사급부품,제이에스,260,제이에스,682,JS만(가격신뢰X)
MJU63001003,"Tube,Connector",사급부품,가공반(사내);제이에스,1488,가공반(사내),1488,
MJU63156702,"Tube,Connector",사급부품,가공반(사내);제이에스,694,가공반(사내),694,
MJU63429502,Manifold,사급부품,제이에스,1146,제이에스,2308,JS만(가격신뢰X)
MJU63470904,"Tube,Connector",동관,제이에스,1190,제이에스,923,JS만(가격신뢰X)
MJU63509811,"Tube,Connector",동관,제이에스,2274,제이에스,1405,JS만(가격신뢰X)
MJU63651002,"Tube,Connector",동관,제이에스,194,제이에스,77,JS만(가격신뢰X)
MJU63651004,"Tube,Connector",사급부품,제이에스,795,제이에스,1169,JS만(가격신뢰X)
MJU63651005,"Tube,Connector",사급부품,제이에스,426,제이에스,650,JS만(가격신뢰X)
MJU63651005-피어싱,"Tube,Connector",사급부품,제이에스,426,제이에스,650,JS만(가격신뢰X)
MJU63706901,Tube Connector,동관,제이에스,6084,제이에스,14526,JS만(가격신뢰X)
MJU63714001,"Tube,Connector",동관,가공반(사내);제이에스,403,가공반(사내),244,
MJU63714101,"Tube,Connector",동관,가공반(사내);제이에스,223,가공반(사내),121,
MJU63748409,"Tube,Connector",사급부품,가공반(사내);제이에스,1181,가공반(사내),1299,
MJU63748506,"Tube,Manifold",사급부품,가공반(사내);제이에스,1748,가공반(사내),1923,
MJU63756101,"Tube,Connector",동관,가공반(사내);제이에스,884,가공반(사내),1798,
MJU63756103,"Tube,Connector",동관,가공반(사내);제이에스,872,가공반(사내),1798,
MJU63787901,"Tube,Connector",동관,제이에스,980,제이에스,647,JS만(가격신뢰X)
MJU63788101,"Tube,Connector",동관,가공반(사내);제이에스,1084,가공반(사내),866,
MJU63788601,"Tube,Connector",동관,제이에스,557,제이에스,350,JS만(가격신뢰X)
MJU64048001,"TUBE, MANIFOLD",사급부품,가공반(사내);제이에스,870,가공반(사내),600,
MJU64170101,"Tube,Connector",동관,가공반(사내);제이에스,1559,가공반(사내),1559,
MJU64170103,"Tube,Connector",동관,가공반(사내);제이에스,630,가공반(사내),630,
MJU64170104,"Tube,Connector",동관,가공반(사내);제이에스,746,가공반(사내),746,
MJU64211601,"Tube,Condenser",동관,가공반(사내);제이에스,593,가공반(사내),487,
MJU64211611,Tube Connector,동관,제이에스,589,제이에스,487,JS만(가격신뢰X)
MJU64388003,"Tube,Connector",동관,가공반(사내);제이에스,5246,가공반(사내),5246,
MJU64388004,"Tube,Connector",동관,가공반(사내);제이에스,5697,가공반(사내),5697,
MJU64388202,"Tube,Connector",동관,가공반(사내);제이에스,876,가공반(사내),876,
MJU64388203,"Tube,Connector",동관,가공반(사내);제이에스,622,가공반(사내),622,
MJU64407201,Tube Connector,동관,가공반(사내);제이에스,314,가공반(사내),618,
MJU64427102,"Tube,Connector",사급부품,가공반(사내);제이에스,6966,가공반(사내),6520,
MJU64427105,"Tube,Connector",사급부품,가공반(사내);제이에스,8361,가공반(사내),8211,
MJU64427202,"Tube,Connector",사급부품,가공반(사내);제이에스,2548,가공반(사내),2612,
MJU64427204,"Tube,Connector",사급부품,가공반(사내);제이에스,3097,가공반(사내),2946,
MJU64671101,"Tube,Connector",동관,제이에스,286,제이에스,1197,JS만(가격신뢰X)
MJU64671102,"Tube,Connector",동관,제이에스,311,제이에스,632,JS만(가격신뢰X)
MJU64671113,"Tube,Connector",동관,제이에스,377,제이에스,180,JS만(가격신뢰X)
MJU64671114,"Tube,Connector",동관,제이에스,416,제이에스,221,JS만(가격신뢰X)
MJU64687501,Tube Connector,동관,가공반(사내);제이에스,466,가공반(사내),996,
MJU64706601,"Tube,Connector",동관,가공반(사내);제이에스,178,가공반(사내),179,
MJU64708602,"Tube,Connector",동관,가공반(사내);제이에스,443,가공반(사내),353,
MJU64727102,"Tube,Connector",동관,제이에스,658,제이에스,375,JS만(가격신뢰X)
MJU64727202,"Tube,Connector",동관,제이에스,716,제이에스,427,JS만(가격신뢰X)
MJU64930102,"Tube,Connector",동관,가공반(사내);제이에스,4379,가공반(사내),4379,
MJU64971501,"Tube,Connector",사급부품,가공반(사내);제이에스,9801,가공반(사내),9801,
MJU64971504,"Tube,Connector",사급부품,가공반(사내);제이에스,10221,가공반(사내),9846,
MJU64975501,"Tube,Connector",동관,가공반(사내);제이에스,1088,가공반(사내),1088,
MJU64975502,"Tube,Connector",동관,가공반(사내);제이에스,2421,가공반(사내),2421,
MJU64975503,"Tube,Connector",동관,가공반(사내);제이에스,2653,가공반(사내),2653,
MJU64975504,"Tube,Connector",동관,가공반(사내);제이에스,1265,가공반(사내),1265,
MJU64975506,"Tube,Connector",동관,가공반(사내);제이에스,2310,가공반(사내),2310,
MJU64988301,"TUBE, CONNECTOR",동관,가공반(사내);제이에스,1658,가공반(사내),1302,
MJU64988501,"Tube,Connector",사급부품,가공반(사내);제이에스,650,가공반(사내),1530,
MJU64988601,"Tube,Connector",사급부품,가공반(사내);제이에스,1999,가공반(사내),2400,
MJU65026401,"Tube,Connector",사급부품,가공반(사내);제이에스,521,가공반(사내),1133,
MJU65026701,"Tube,Connector",동관,가공반(사내);제이에스,2747,가공반(사내),2747,
MJU65026801,"Tube,Connector",동관,가공반(사내);제이에스,1639,가공반(사내),1639,
MJU65026901,"Tube,Connector",동관,가공반(사내);제이에스,3215,가공반(사내),3215,
MJU65026902,"Tube,Connector",동관,가공반(사내);제이에스,2926,가공반(사내),2926,
MJU65027001,"Tube,Connector",동관,가공반(사내);제이에스,1406,가공반(사내),1461,
MJU65027002,"Tube,Connector",동관,가공반(사내);제이에스,1592,가공반(사내),1592,
MJU65033004,"Tube,Connector",동관,제이에스,162,제이에스,80,JS만(가격신뢰X)
MJU65033014,"Tube,Connector",동관,제이에스,347,제이에스,208,JS만(가격신뢰X)
MJU65033015,"Tube,Connector",동관,제이에스,288,제이에스,128,JS만(가격신뢰X)
MJU65033016,"Tube,Connector",동관,제이에스,312,제이에스,152,JS만(가격신뢰X)
MJU65512601,"Tube,Manifold",사급부품,가공반(사내);제이에스,6926,가공반(사내),7902,
MJU65626509,"Tube,Connector",동관,가공반(사내);제이에스,316,가공반(사내),256,
MJU65666836,"TUBE, CONNECTOR",사급부품,가공반(사내);제이에스,1965,가공반(사내),1904,
MJU65666836+39-1,"TUBE, CONNECTOR",사급부품,가공반(사내);제이에스,3352,가공반(사내),3352,
MJU65666839,"TUBE, CONNECTOR",사급부품,제이에스,1766,제이에스,1545,JS만(가격신뢰X)
MJU65789103,"Tube,Connector",사급부품,제이에스,4681,제이에스,4714,JS만(가격신뢰X)
MJU65789104,"Tube,Manifold",사급부품,제이에스,1310,제이에스,1297,JS만(가격신뢰X)
MJU65789107,Tube Connector,동관,제이에스,4119,제이에스,8810,JS만(가격신뢰X)
MJU65789108,Tube Connector,동관,가공반(사내);제이에스,1693,가공반(사내),3835,
MJU65846201,"Tube,Manifold",사급부품,가공반(사내);제이에스,1173,가공반(사내),1173,
MJU65868002,"Tube,Connector",사급부품,가공반(사내);제이에스,479,가공반(사내),768,
MJU65868003,"Tube,Connector",사급부품,가공반(사내);제이에스,820,가공반(사내),1197,
MJU65868007,"Tube,Connector",동관,가공반(사내);제이에스,608,가공반(사내),491,
MJU65868008,"Tube,Connector",동관,가공반(사내);제이에스,619,가공반(사내),483,
MJU65868009,"Tube,Connector",동관,가공반(사내);제이에스,417,가공반(사내),301,
MJU66166603,"Tube,Connector",동관,제이에스,4332,제이에스,3927,JS만(가격신뢰X)
MJU66166606,"Tube,Connector",동관,제이에스,2480,제이에스,2052,JS만(가격신뢰X)
MJU66166607,"Tube,Connector",동관,제이에스,2436,제이에스,2052,JS만(가격신뢰X)
MJU66166608,"Tube,Connector",동관,제이에스,1309,제이에스,1255,JS만(가격신뢰X)
MJU66166611,"Tube,Connector",동관,제이에스,10582,제이에스,9364,JS만(가격신뢰X)
MJU66166620,"Tube,Connector",동관,제이에스,6227,제이에스,5608,JS만(가격신뢰X)
MJU66166622,"Tube,Connector",동관,제이에스,5213,제이에스,4728,JS만(가격신뢰X)
MJU66266604,"Tube,Connector",동관,가공반(사내);제이에스,1850,가공반(사내),1564,
MJU66266605,"Tube,Connector",동관,가공반(사내);제이에스,908,가공반(사내),778,
MJU66266609,"Tube,Connector",동관,가공반(사내);제이에스,964,가공반(사내),836,
MJU66266613,"Tube,Connector",동관,가공반(사내);제이에스,772,가공반(사내),644,
MJU66266701,"Tube,Connector",동관,가공반(사내);제이에스,913,가공반(사내),776,
MJU66266702,"Tube,Connector",동관,가공반(사내);제이에스,1638,가공반(사내),1341,
MJU66266707,"Tube,Connector",동관,가공반(사내);제이에스,1530,가공반(사내),1281,
MJU66366803-1,"Tube,Connector",사급부품,가공반(사내);제이에스,2416,가공반(사내),2416,
MJU66466701,"Tube,Connector",동관,가공반(사내);제이에스,320,가공반(사내),220,
MJU66467101,"Tube,Manifold",사급부품,가공반(사내);제이에스,6089,가공반(사내),7380,
MJU66478101,Tube Connector,사급부품,가공반(사내);제이에스,1371,가공반(사내),3476,
MJU66478102,Tube Connector,사급부품,가공반(사내);제이에스,1363,가공반(사내),3466,
MJU66478103,Tube Connector,사급부품,가공반(사내);제이에스,1388,가공반(사내),3585,
MJU66478104,Tube Connector,사급부품,가공반(사내);제이에스,942,가공반(사내),2325,
MJU66478105,Tube Connector,사급부품,가공반(사내);제이에스,1142,가공반(사내),2655,
MJU66478114,Tube Connector,사급부품,제이에스,1454,제이에스,3544,JS만(가격신뢰X)
MJU66478115,Tube Connector,사급부품,제이에스,1440,제이에스,3512,JS만(가격신뢰X)
MJU66478205,Tube Connector,사급부품,가공반(사내);제이에스,748,가공반(사내),1734,
MJU66478401,"Tube,Connector",동관,가공반(사내);제이에스,1709,가공반(사내),1467,
MJU66478402,"Tube,Connector",동관,제이에스,1824,제이에스,1403,JS만(가격신뢰X)
MJU66478403,"Tube,Connector",동관,가공반(사내);제이에스,1809,가공반(사내),1532,
MJU66478801,"Tube,Connector",사급부품,가공반(사내);제이에스,516,가공반(사내),516,
MJU66479201,"Tube,Connector",동관,가공반(사내);제이에스,337,가공반(사내),238,
MJU66479501,"Tube,Connector",동관,가공반(사내);제이에스,329,가공반(사내),661,
MJU66479701,"Tube,Connector",동관,제이에스,398,제이에스,209,JS만(가격신뢰X)
MJU66507003,"Tube,Connector",사급부품,가공반(사내);제이에스,1319,가공반(사내),1389,
MJU66749006,Tube Connector,사급부품,가공반(사내);제이에스,342,가공반(사내),342,
MJU66749301,"Tube,Connector",사급부품,가공반(사내);제이에스,850,가공반(사내),850,
MJU66749501,Tube Connector,사급부품,가공반(사내);제이에스,2466,가공반(사내),2466,
MJU66749505,"Tube,Connector",사급부품,가공반(사내);제이에스,950,가공반(사내),950,
MJU66763402,Tube Connector,사급부품,가공반(사내);제이에스,1348,가공반(사내),3165,
MJU66763404,Tube Connector,사급부품,가공반(사내);제이에스,1423,가공반(사내),3021,
MJU66763405,Tube Connector,사급부품,가공반(사내);제이에스,1439,가공반(사내),3069,
MJU66763502,"Tube,Connector",사급부품,가공반(사내);제이에스,294,가공반(사내),294,
MJU66763603,Tube Connector,사급부품,가공반(사내);제이에스,1909,가공반(사내),5050,
MJU66763702,Tube Connector,사급부품,가공반(사내);제이에스,2200,가공반(사내),5306,
MJU66763703,Tube Connector,사급부품,가공반(사내);제이에스,1060,가공반(사내),3267,
MJU66763704,Tube Connector,사급부품,제이에스,2534,제이에스,2400,JS만(가격신뢰X)
MJU66763801,Tube Connector,사급부품,가공반(사내);제이에스,1397,가공반(사내),3247,
MJU66773001,"Tube,Connector",동관,가공반(사내);제이에스,583,가공반(사내),486,
MJU66773201,Tube Connector,사급부품,가공반(사내);제이에스,818,가공반(사내),818,
MJU66774702,Tube Connector,사급부품,가공반(사내);제이에스,3095,가공반(사내),3095,
MJU66798701,"Tube,Connector",동관,가공반(사내);제이에스,1973,가공반(사내),1567,
MJU66798703,"Tube,Connector",사급부품,가공반(사내);제이에스,2133,가공반(사내),2133,
MJU66798704,"Tube,Connector",동관,가공반(사내);제이에스,454,가공반(사내),360,
MJU66798801,"Tube,Connector",동관,가공반(사내);제이에스,3543,가공반(사내),2919,
MJU66798803,"Tube,Connector",사급부품,가공반(사내);제이에스,3552,가공반(사내),3552,
MJU66798901,"Tube,Connector",사급부품,가공반(사내);제이에스,1452,가공반(사내),1452,
MJU66799101,Tube Connector,사급부품,가공반(사내);제이에스,2089,가공반(사내),2089,
MJU66799102,"Tube,Connector",사급부품,가공반(사내);제이에스,1876,가공반(사내),1876,
MJU66799103,Tube Connector,사급부품,가공반(사내);제이에스,2699,가공반(사내),2699,
MJU66799201,"Tube,Connector",사급부품,가공반(사내);제이에스,889,가공반(사내),889,
MJU66799202,"Tube,Connector",사급부품,가공반(사내);제이에스,2989,가공반(사내),2989,
MJU66799203,"Tube,Connector",사급부품,가공반(사내);제이에스,3962,가공반(사내),3962,
MJU66799204,"Tube,Connector",사급부품,가공반(사내);제이에스,2035,가공반(사내),2035,
MJU66799206,"Tube,Connector",사급부품,가공반(사내);제이에스,3999,가공반(사내),3999,
MJU66799402,"Tube,Connector",사급부품,가공반(사내);제이에스,3524,가공반(사내),3524,
MJU66799403,Tube Connector,사급부품,가공반(사내);제이에스,2768,가공반(사내),2768,
MJU66799404,"Tube,Connector",사급부품,가공반(사내);제이에스,4021,가공반(사내),4021,
MJU66799405,"Tube,Connector",사급부품,가공반(사내);제이에스,739,가공반(사내),739,
MJU66799406,"Tube,Connector",사급부품,가공반(사내);제이에스,4771,가공반(사내),4771,
MJU66799408,"Tube,Connector",사급부품,가공반(사내);제이에스,3565,가공반(사내),3385,
MJU66799501,"Tube,Connector",동관,가공반(사내);제이에스,780,가공반(사내),617,
MJU66799601,"Tube,Connector",사급부품,가공반(사내);제이에스,982,가공반(사내),982,
MJU66799602,"Tube,Connector",사급부품,가공반(사내);제이에스,737,가공반(사내),737,
MJU66800301,Tube Connector,사급부품,가공반(사내);제이에스,1246,가공반(사내),1246,
MJU66800302,Tube Connector,사급부품,가공반(사내);제이에스,2236,가공반(사내),2236,
MJU66800303,Tube Connector,사급부품,가공반(사내);제이에스,318,가공반(사내),318,
MJU66800402,Tube Connector,사급부품,제이에스,3052,제이에스,2330,JS만(가격신뢰X)
MJU66800403,Tube Connector,사급부품,가공반(사내);제이에스,1132,가공반(사내),994,
MJU66800404,Tube Connector,사급부품,가공반(사내);제이에스,1542,가공반(사내),1696,
MJU66800405,Tube Connector,사급부품,가공반(사내);제이에스,2373,가공반(사내),2373,
MJU66801001,"Tube,Connector",동관,가공반(사내);제이에스,2003,가공반(사내),1619,
MJU66845401,Tube Connector,사급부품,가공반(사내);제이에스,477,가공반(사내),1168,
MJU66845402,Tube Connector,사급부품,가공반(사내);제이에스,697,가공반(사내),1478,
MJU66928001,"Tube,Connector",사급부품,제이에스,2860,제이에스,3831,JS만(가격신뢰X)
MJU66928301,Tube Connector,동관,제이에스,1084,제이에스,2200,JS만(가격신뢰X)
MJU66928307,Tube Connector,사급부품,제이에스,739,제이에스,720,JS만(가격신뢰X)
MJU66930201,"Tube,Connector",사급부품,제이에스,6569,제이에스,6467,JS만(가격신뢰X)
MJU66930202,"Tube,Manifold",사급부품,제이에스,1784,제이에스,1796,JS만(가격신뢰X)
MJU66930302,"Tube,Connector",사급부품,제이에스,607,제이에스,2143,JS만(가격신뢰X)
MJU66945401,Tube Connector,사급부품,제이에스,1953,제이에스,4165,JS만(가격신뢰X)
MJU66954701,Tube Connector,동관,제이에스,3050,제이에스,2538,JS만(가격신뢰X)
MJU67039503,"Tube,Connector",사급부품,제이에스,607,제이에스,275,JS만(가격신뢰X)
