협력사,품번,품명,등급,제작동관중량,시점,이전원재료비,이후원재료비,원재료비증가,사급부품가,가공비(고정),이전판가,이후판가,판가증가,최근납품가
대원산업,AJR74983905-12-2,"Tube,Connector",일반CU,2.1353,작년(7.5k),6865,18307,11442,2450,376,9691,21133,11442,21507
대원산업,AJR30027704-12-1,"Tube,Connector",일반CU,0.6418,작년(7.5k),4846,12923,8077,6265,2866,13977,22054,8077,26684
대원산업,AJR30027703-12-3,Tube Connector,일반CU,0.6364,작년(7.5k),4805,12813,8008,4560,2995,12360,20368,8008,24382
대원산업,AJR76362801,"Tube,Connector",일반CU,0.2189,작년(7.5k),4379,11677,7298,1300,847,6526,13824,7298,0
대원산업,AJR74983905-12-1,"Tube,Connector",일반CU,3.4384,작년(7.5k),3741,9976,6235,2278,203,6222,12457,6235,16413
대원산업,MJU66166611,"Tube,Connector",일반CU,1.2403,올해(20k),3512,9364,5852,920,1080,5512,11364,5852,13666
대원산업,AJR74983904-12-1,"Tube,Connector",일반CU,3.2252,작년(7.5k),3509,9357,5848,2278,203,5990,11838,5848,15611
대원산업,AJR30027701-12-1,"Tube,Connector",일반CU,0.4193,작년(7.5k),3165,8440,5275,2959,1250,7374,12649,5275,17112
대원산업,AJR30027705-12-1,"Tube,Connector",일반CU,0.4057,작년(7.5k),3063,8168,5105,2959,1255,7277,12382,5105,17042
대원산업,AJR77224501-12-2,"Tube,Connector",일반CU,0.3682,작년(7.5k),2780,7413,4633,3804,886,7470,12103,4633,12980
대원산업,AJR75544505-12-1,"Tube,Connector",일반CU,0.3374,작년(7.5k),2547,6792,4245,2210,701,5458,9703,4245,9902
대원산업,AJR77224519-12-1,"Tube,Connector",일반CU,0.3284,작년(7.5k),2479,6611,4132,4501,759,7739,11871,4132,13175
대원산업,AJR74983906-12-1,"Tube,Connector",일반CU,1.0864,올해(20k),2321,6189,3868,0,196,2517,6385,3868,6724
대원산업,AJR74983904-12-2,"Tube,Connector",일반CU,1.9706,올해(20k),2162,5766,3604,1413,461,4036,7640,3604,8614
대원산업,AJR74983905-12-3,"Tube,Connector",일반CU,23.8091,올해(20k),2152,5738,3586,0,196,2348,5934,3586,6273
대원산업,AJR74983904-12-3,"Tube,Connector",일반CU,8.8521,올해(20k),2065,5506,3441,0,285,2350,5791,3441,6426
대원산업,AJR74983905-12-4,"Tube,Connector",일반CU,6.0069,올해(20k),1973,5262,3289,3460,292,5725,9014,3289,9818
대원산업,AJR74523006-12-1,"Tube,Connector",일반CU,0.0899,작년(7.5k),1798,4795,2997,15790,883,18471,21468,2997,20000
대원산업,AJR30027701-12-3,"Tube,Connector",일반CU,0.2362,작년(7.5k),1783,4755,2972,2959,1093,5835,8807,2972,13032
대원산업,AJR76982501-12-1,"Tube,Connector",일반CU,0.196,작년(7.5k),1480,3947,2467,2210,394,4084,6551,2467,7050
대원산업,AJR30031201-12-1,"Tube,Connector",일반CU,0.4998,올해(20k),1417,3779,2362,6632,2958,11007,13369,2362,14700
대원산업,AJR74983910-12-1,"Tube,Connector",일반CU,2.8261,올해(20k),1341,3575,2234,2278,203,3822,6056,2234,6615
대원산업,AJR30038101-12-1,"Tube,Connector",일반CU,0.4473,올해(20k),1268,3381,2113,3698,2549,7515,9628,2113,12000
대원산업,AJR74523001-12-1,"Tube,Connector",일반CU,0.1248,작년(7.5k),958,2555,1597,720,1309,2987,4584,1597,5177
대원산업,AJR76462607,"Tube,Connector",일반CU,0.1243,작년(7.5k),938,2501,1563,102,464,1504,3067,1563,3248
대원산업,ADM74930508-12-2,Tube Connector,일반CU,0.1143,작년(7.5k),866,2309,1443,56,350,1272,2715,1443,2780
대원산업,AJR76462634-12-1,Tube Connector,일반CU,0.1134,작년(7.5k),859,2291,1432,56,349,1264,2696,1432,2769
대원산업,AJR76462611,"Tube,Connector",일반CU,0.092,작년(7.5k),697,1859,1162,91,458,1246,2408,1162,2543
대원산업,AJJ76602101-12-1,"Tube,Connector",일반CU,0.241,올해(20k),682,1820,1138,56,411,1149,2287,1138,2600
대원산업,AJR74523003-12-1,"Tube,Connector",일반CU,0.0899,올해(20k),674,1798,1124,11643,735,13052,14176,1124,15200
대원산업,AJR75563502-12-1,"Tube,Connector",일반CU,0.0856,작년(7.5k),657,1752,1095,1729,804,3190,4285,1095,4729
대원산업,AJR75662310-12-1,"Tube,Connector",일반CU,0.2292,올해(20k),651,1736,1085,55,419,1125,2210,1085,2493
대원산업,AJR77224501-12-1,"Tube,Connector",일반CU,0.0853,작년(7.5k),645,1720,1075,13856,513,15014,16089,1075,17546
대원산업,AJR30027702-12-1,"Tube,Connector",일반CU,0.0817,작년(7.5k),617,1645,1028,7600,1963,10180,11208,1028,21047
대원산업,AJR30038301-12-1,CAPI,일반CU,0.2053,올해(20k),611,1630,1019,1307,1234,3152,4171,1019,4700
대원산업,AJR72982303-12-1,"Tube,Connector",일반CU,0.0707,작년(7.5k),545,1453,908,6447,3068,10060,10968,908,24785
대원산업,AJR75563501-12-1,"Tube,Connector",일반CU,1.6074,작년(7.5k),524,1397,873,721,838,2083,2956,873,2813
대원산업,AJR68019502-12-1,"Tube,Connector",일반CU,0.163,올해(20k),463,1235,772,741,1227,2431,3203,772,3849
대원산업,AJR30069801-12-1,Tube Connector,일반CU,0.0598,작년(7.5k),459,1224,765,176,360,995,1760,765,2046
대원산업,AJR76322601-12-1,"Tube,Connector",일반CU,0.0566,작년(7.5k),428,1141,713,1336,503,2267,2980,713,3803
대원산업,AJR30038201-12-5,"Tube,Connector",일반CU,0.0,작년(7.5k),370,987,617,405,112,887,1504,617,1357
대원산업,AJR30038201-12-2,"Tube,Connector",일반CU,0.0,작년(7.5k),350,933,583,405,112,867,1450,583,1293
대원산업,AJR76462608,"Tube,Connector",일반CU,0.0457,작년(7.5k),346,923,577,91,410,847,1424,577,1467
대원산업,AJR30038201-12-3,"Tube,Connector",일반CU,0.0,작년(7.5k),340,907,567,405,112,857,1424,567,1255
대원산업,AJR76462620,Tube Connector,일반CU,0.1143,올해(20k),325,866,541,91,377,793,1334,541,1350
대원산업,AJR30038201-12-4,"Tube,Connector",일반CU,0.0,작년(7.5k),310,827,517,405,112,827,1344,517,1201
대원산업,AJR75563503-12-1,"Tube,Connector",일반CU,0.099,올해(20k),285,760,475,846,1181,2312,2787,475,3360
대원산업,AJR30038201-12-1,"Tube,Connector",일반CU,0.0,작년(7.5k),280,747,467,405,112,797,1264,467,1168
대원산업,AJR30117401-12-1,"Tube,Connector",고강도CU,0.0115,작년(7.5k),149,437,288,390,239,778,1066,288,947
대원산업,AJR36852706-12-1,"Tube,Connector",일반CU,0.0216,작년(7.5k),166,443,277,1460,509,2135,2412,277,2500
대원산업,AJR74290001-12-1,"Tube,Connector",일반CU,0.0177,작년(7.5k),141,376,235,1036,348,1525,1760,235,2300
대원산업,AJR75104017-12-1,"Tube,Connector",일반CU,0.0451,올해(20k),130,346,216,538,458,1126,1342,216,1386
대원산업,AJR30073603-12-1,"Tube,Connector",일반CU,0.0389,올해(20k),110,294,184,2209,2175,4494,4678,184,4824
대원산업,AJR74523201-12-1,"Tube,Connector",일반CU,0.0133,작년(7.5k),102,272,170,390,236,728,898,170,820
대원산업,AJR30073601-12-1,"Tube,Connector",일반CU,0.0356,올해(20k),101,270,169,2209,2173,4483,4652,169,4800
대원산업,AJR30078601-12-3,"Tube,Pinch off",일반CU,0.0126,작년(7.5k),96,256,160,2143,166,2405,2565,160,3774
대원산업,AJR30078601-12-1,Tube Connector,고강도CU,0.0061,작년(7.5k),78,229,151,6467,1534,8079,8230,151,13328
대원산업,AJR30078601-12-2,"Tube,Connector",고강도CU,0.0061,작년(7.5k),78,229,151,1796,409,2283,2434,151,3476
대원산업,AJR30117401-12-2,"Tube,Connector",고강도CU,0.0051,작년(7.5k),67,197,130,390,180,637,767,130,806
대원산업,AJR75563502-12-2,"Tube,Connector",일반CU,0.0074,작년(7.5k),57,152,95,1008,180,1245,1340,95,1436
대원산업,AJR76562802-12-1,Tube Connector,일반CU,0.0071,작년(7.5k),55,147,92,4714,1356,6125,6217,92,8000
대원산업,AJR76562802-12-2,"Tube,Connector",일반CU,0.0071,작년(7.5k),55,147,92,1297,382,1734,1826,92,2000
대원산업,AJR74523201-12-2,"Tube,Connector",일반CU,0.0059,작년(7.5k),46,123,77,390,178,614,691,77,750
대원산업,AJR76562802-12-3,"Tube,Pinch off",일반CU,0.0126,올해(20k),36,96,60,1389,166,1591,1651,60,1700
대원산업,AJR33796512-12-1,Distributor,일반CU,0.0,올해(20k),0,0,0,3927,2283,6210,6210,0,6436
대원산업,MJU63618001,"Tube,Connector",일반CU,0.0,올해(20k),0,0,0,1141,238,1379,1379,0,1600
대원산업,AJR30027701-12-2,Tube Connector,일반CU,0.0,올해(20k),0,0,0,6437,2341,8778,8778,0,17988
대원산업,AJR30012008-9-1,Tube Connector,일반CU,0.0,올해(20k),0,0,0,6872,798,7670,7670,0,17678
대원산업,AJR75242815-12-1,"Tube,Connector",일반CU,0.0,올해(20k),0,0,0,757,298,1055,1055,0,3681
명진산업,AJR73965601-19-4,"Tube,Connector",일반CU,0.0,작년(7.5k),700,1867,1167,0,204,904,2071,1167,1883
명진산업,AJR73965601-19-5,"Tube,Connector",일반CU,0.0,작년(7.5k),700,1867,1167,0,204,904,2071,1167,1883
명진산업,AJR73965601-19-6,"Tube,Connector",일반CU,0.0,작년(7.5k),700,1867,1167,390,204,1294,2461,1167,1883
명진산업,AJR73965601-19-1,"Tube,Connector",일반CU,0.0,작년(7.5k),680,1813,1133,390,192,1262,2395,1133,2051
명진산업,AJR73965601-19-2,"Tube,Connector",일반CU,0.0,작년(7.5k),680,1813,1133,390,192,1262,2395,1133,2051
명진산업,AJR73965601-19-3,"Tube,Connector",일반CU,0.0,작년(7.5k),680,1813,1133,390,202,1272,2405,1133,2051
명진산업,AJR77142503-19-1,"Tube,Connector",일반CU,0.0506,작년(7.5k),388,1035,647,0,397,785,1432,647,1594
명진산업,AJR73965601-19-7,"Tube,Connector",일반CU,0.0,올해(20k),322,860,538,390,204,916,1454,538,2161
명진산업,AJR73965601-19-8,"Tube,Connector",일반CU,0.0,올해(20k),322,860,538,390,204,916,1454,538,2161
명진산업,AJR77202902-19-1,"Tube,Connector",일반CU,0.0266,올해(20k),199,531,332,299,768,1266,1598,332,1650
명진산업,AJR75563402-19-1,"Tube,Connector",일반CU,0.0616,올해(20k),177,472,295,243,726,1146,1441,295,1450
명진산업,AJR77142503-19-2,"Tube,Connector",일반CU,0.0228,작년(7.5k),175,467,292,0,450,625,917,292,1178
명진산업,AJR30060805-19-1,Tube Connector,일반CU,0.0149,작년(7.5k),114,304,190,2313,434,2861,3051,190,3495
명진산업,AJR75062907-19-6,"Tube,Connector",일반CU,0.013,작년(7.5k),100,267,167,1104,587,1791,1958,167,1950
명진산업,AJR73965601-19-9,"Tube,Connector",일반CU,0.0,올해(20k),0,0,0,390,1154,1544,1544,0,2419
명진산업,AJR73965601-19-10,"Tube,Connector",일반CU,0.0,올해(20k),0,0,0,446,1256,1702,1702,0,2469
명진산업,AJR73965601-19-11,"Tube,Connector",일반CU,0.0,올해(20k),0,0,0,390,642,1032,1032,0,950
명진산업,AJR73965601-19-12,"Tube,Connector",일반CU,0.0,올해(20k),0,0,0,390,734,1124,1124,0,1000
명진산업,AJR73965602-19-1,"Tube,Connector",일반CU,0.0,올해(20k),0,0,0,390,872,1262,1262,0,2029
명진산업,AJR73965602-19-2,"Tube,Connector",일반CU,0.0,올해(20k),0,0,0,390,872,1262,1262,0,2051
명진산업,AJR73965602-19-3,"Tube,Connector",일반CU,0.0,올해(20k),0,0,0,390,884,1274,1274,0,2051
명진산업,AJR73965602-19-4,"Tube,Connector",일반CU,0.0,올해(20k),0,0,0,390,904,1294,1294,0,1883
명진산업,AJR73965602-19-5,"Tube,Connector",일반CU,0.0,올해(20k),0,0,0,390,904,1294,1294,0,1883
명진산업,AJR73965602-19-6,"Tube,Connector",일반CU,0.0,올해(20k),0,0,0,390,904,1294,1294,0,1883
명진산업,AJR73965602-19-7,"Tube,Connector",일반CU,0.0,올해(20k),0,0,0,390,1064,1454,1454,0,2161
명진산업,AJR73965602-19-8,"Tube,Connector",일반CU,0.0,올해(20k),0,0,0,390,1064,1454,1454,0,2161
명진산업,AJR73965602-19-9,"Tube,Connector",일반CU,0.0,올해(20k),0,0,0,390,1154,1544,1544,0,2419
명진산업,AJR73965602-19-10,"Tube,Connector",일반CU,0.0,올해(20k),0,0,0,446,1255,1701,1701,0,2469
명진산업,AJR73965602-19-11,"Tube,Connector",일반CU,0.0,올해(20k),0,0,0,390,642,1032,1032,0,900
명진산업,AJR73965602-19-12,"Tube,Connector",일반CU,0.0,올해(20k),0,0,0,390,742,1132,1132,0,1000
명진산업,AJR75062906-19-1,"Tube,Connector",일반CU,0.0,올해(20k),0,0,0,1054,481,1535,1535,0,1800
명진산업,AJR75062906-19-2,"Tube,Connector",일반CU,0.0,올해(20k),0,0,0,880,421,1301,1301,0,1550
명진산업,AJR75062906-19-3,"Tube,Connector",일반CU,0.0,올해(20k),0,0,0,853,421,1274,1274,0,1500
명진산업,AJR75062906-19-4,"Tube,Connector",일반CU,0.0,올해(20k),0,0,0,699,403,1102,1102,0,1250
명진산업,AJR75062906-19-5,"Tube,Connector",일반CU,0.0,올해(20k),0,0,0,838,438,1276,1276,0,1530
명진산업,AJR75062906-19-6,"Tube,Connector",일반CU,0.0,올해(20k),0,0,0,981,424,1405,1405,0,1550
명진산업,AJR75062906-19-7,"Tube,Connector",일반CU,0.0,올해(20k),0,0,0,1018,427,1445,1445,0,1600
명진산업,AJR75062906-19-8,"Tube,Connector",일반CU,0.0,올해(20k),0,0,0,983,425,1408,1408,0,1550
명진산업,AJR75062906-19-9,"Tube,Connector",일반CU,0.0,올해(20k),0,0,0,913,419,1332,1332,0,1500
명진산업,AJR75062906-19-10,"Tube,Connector",일반CU,0.0,올해(20k),0,0,0,1053,430,1483,1483,0,1570
명진산업,AJR75062907-19-1,"Tube,Connector",일반CU,0.0,올해(20k),0,0,0,1110,388,1498,1498,0,1600
명진산업,AJR75062907-19-2,"Tube,Connector",일반CU,0.0,올해(20k),0,0,0,1223,446,1669,1669,0,1800
명진산업,AJR75062907-19-3,"Tube,Connector",일반CU,0.0,올해(20k),0,0,0,1110,413,1523,1523,0,1550
명진산업,AJR75062907-19-4,"Tube,Connector",일반CU,0.0,올해(20k),0,0,0,821,379,1200,1200,0,1300
명진산업,AJR75062907-19-5,"Tube,Connector",일반CU,0.0,올해(20k),0,0,0,1048,408,1456,1456,0,1600
명진산업,AJR73965606-19-1,"Tube,Connector",일반CU,0.0,올해(20k),0,0,0,1581,649,2230,2230,0,3899
명진산업,AJR73965606-19-2,"Tube,Connector",일반CU,0.0,올해(20k),0,0,0,2189,850,3039,3039,0,5460
명진산업,AJR73965607-19-1,"Tube,Connector",일반CU,0.0,올해(20k),0,0,0,1581,649,2230,2230,0,3899
명진산업,AJR73965607-19-2,"Tube,Connector",일반CU,0.0,올해(20k),0,0,0,2189,850,3039,3039,0,5460
명진산업,AJR75645201-19-1,"Tube,Connector",일반CU,0.0,올해(20k),0,0,0,887,183,1070,1070,0,1838
명진산업,AJR75645201-19-2,"Tube,Connector",일반CU,0.0,올해(20k),0,0,0,752,134,886,886,0,1351
명진산업,AJR75645201-19-3,"Tube,Connector",일반CU,0.0,올해(20k),0,0,0,902,134,1036,1036,0,1608
명진산업,AJR75645201-19-4,"Tube,Connector",일반CU,0.0,올해(20k),0,0,0,1240,426,1666,1666,0,1700
명진산업,AJR75645201-19-5,"Tube,Connector",일반CU,0.0,올해(20k),0,0,0,1340,434,1774,1774,0,1800
명진산업,AJR75645201-19-6,"Tube,Connector",일반CU,0.0,올해(20k),0,0,0,760,341,1101,1101,0,1497
명진산업,AJR75645201-19-7,"Tube,Connector",일반CU,0.0,올해(20k),0,0,0,720,314,1034,1034,0,1349
명진산업,AJR75645201-19-8,"Tube,Connector",일반CU,0.0,올해(20k),0,0,0,870,326,1196,1196,0,1666
명진산업,AJR75645201-19-9,"Tube,Connector",일반CU,0.0,올해(20k),0,0,0,990,335,1325,1325,0,1909
명진산업,AJR75645201-19-10,"Tube,Connector",일반CU,0.0,올해(20k),0,0,0,1290,382,1672,1672,0,2482
명진산업,AJR75645201-19-11,"Tube,Connector",일반CU,0.0,올해(20k),0,0,0,1340,361,1701,1701,0,2552
명진산업,AJR75645201-19-12,"Tube,Connector",일반CU,0.0,올해(20k),0,0,0,1020,410,1430,1430,0,2092
명진산업,AJR75645201-19-13,"Tube,Connector",일반CU,0.0,올해(20k),0,0,0,1312,294,1606,1606,0,2063
명진산업,AJR75645201-19-14,"Tube,Connector",일반CU,0.0,올해(20k),0,0,0,1101,220,1321,1321,0,2204
미래정밀,AJR74482401-4-1,Tube Connector,일반CU,0.7263,올해(20k),5447,14526,9079,12032,1265,18744,27823,9079,28000
미래정밀,AJR30087401-4-1,Tube Connector,일반CU,0.0,작년(7.5k),4466,11909,7443,0,654,5120,12563,7443,10766
미래정밀,AJR76982501-4-1,"Tube,Connector",일반CU,0.2815,작년(7.5k),2120,5653,3533,2959,500,5579,9112,3533,12516
미래정밀,AJR77167310-4-1,"Tube,Connector",일반CU,0.2346,작년(7.5k),1774,4731,2957,92,428,2294,5251,2957,5416
미래정밀,ACQ30605001-4-1,Tube Connector,일반CU,0.0,올해(20k),1663,4435,2772,0,652,2315,5087,2772,8707
미래정밀,AJR76322601-4-1,"Tube,Connector",일반CU,0.1869,작년(7.5k),1411,3763,2352,685,407,2503,4855,2352,5561
미래정밀,AJR76982501-4-2,"Tube,Connector",일반CU,0.1858,작년(7.5k),1405,3747,2342,1008,372,2785,5127,2342,5187
미래정밀,AJR75763701-4-1,"TUBE, CONNECTOR",일반CU,0.1725,작년(7.5k),1302,3472,2170,91,427,1820,3990,2170,4023
미래정밀,AJR65507705-4-1,"Tube,Connector",일반CU,0.1626,작년(7.5k),1227,3272,2045,57,287,1571,3616,2045,3664
미래정밀,AJR30075401-4-4,Tube Connector,일반CU,0.1555,올해(20k),1166,3109,1943,3757,855,5778,7721,1943,8200
미래정밀,AJR77171201-4-6,"Tube,Connector",일반CU,0.1448,작년(7.5k),1150,3067,1917,390,901,2441,4358,1917,4337
미래정밀,AJR30008101-4-9,"Tube,Connector",일반CU,0.1448,작년(7.5k),1150,3067,1917,390,901,2441,4358,1917,4238
미래정밀,AJR30075401-4-6,Tube Connector,일반CU,0.139,올해(20k),1042,2780,1738,1401,1306,3749,5487,1738,5800
미래정밀,AJR75744140-4-1,Tube Connector,일반CU,0.3658,올해(20k),1037,2765,1728,2525,1693,5255,6983,1728,7400
미래정밀,AJR74522901-4-2,"Tube,Connector",일반CU,0.132,작년(7.5k),996,2656,1660,92,450,1538,3198,1660,3306
미래정밀,AJR77171201-4-5,"Tube,Connector",일반CU,0.1231,작년(7.5k),977,2605,1628,390,655,2022,3650,1628,3577
미래정밀,AJR30008101-4-8,"Tube,Connector",일반CU,0.1212,작년(7.5k),962,2565,1603,390,654,2006,3609,1603,3653
미래정밀,AJR74522901-4-1,"Tube,Connector",일반CU,0.1273,작년(7.5k),961,2563,1602,848,405,2214,3816,1602,6329
미래정밀,AJR77171201-4-4,"Tube,Connector",일반CU,0.1194,작년(7.5k),948,2528,1580,390,768,2106,3686,1580,3730
미래정밀,AJR30008101-4-6,"Tube,Connector",일반CU,0.1178,작년(7.5k),936,2496,1560,390,767,2093,3653,1560,3662
미래정밀,AJR74942617-4-1,"Tube,Connector",일반CU,0.1146,작년(7.5k),910,2427,1517,901,1147,2958,4475,1517,4667
미래정밀,AJR74942627-4-1,"Tube,Connector",일반CU,0.1146,작년(7.5k),910,2427,1517,809,1105,2824,4341,1517,4356
미래정밀,AJR76545302-4-1,Tube Connector,일반CU,0.1127,작년(7.5k),854,2277,1423,3008,1023,4885,6308,1423,10671
미래정밀,AJR77171201-4-3,"Tube,Connector",일반CU,0.0931,작년(7.5k),740,1973,1233,390,626,1756,2989,1233,2916
미래정밀,AJR30008101-4-5,"Tube,Connector",일반CU,0.0921,작년(7.5k),732,1952,1220,390,624,1746,2966,1220,2855
미래정밀,MJU66502905+용접링,"Tube,Connector",고강도CU,0.0403,작년(7.5k),522,1531,1009,20,197,739,1748,1009,1285
미래정밀,AJR30133703-4-1,Tube Connector,고강도CU,0.065,올해(20k),488,1430,942,67,340,895,1837,942,1900
미래정밀,AJR77171201-4-2,"Tube,Connector",일반CU,0.0704,작년(7.5k),559,1491,932,390,601,1550,2482,932,2443
미래정밀,AJR30008101-4-4,"Tube,Connector",일반CU,0.0688,작년(7.5k),546,1456,910,390,600,1536,2446,910,2275
미래정밀,AJR75242802-4-1,"Tube,Connector",일반CU,0.0616,작년(7.5k),489,1304,815,517,464,1470,2285,815,2762
미래정밀,AJR75242806-4-1,"Tube,Connector",일반CU,0.0612,작년(7.5k),486,1296,810,517,423,1426,2236,810,2073
미래정밀,AJR30133702-4-1,Tube Connector,고강도CU,0.0558,올해(20k),419,1229,810,67,316,802,1612,810,1750
미래정밀,AJR77171201-4-9,"Tube,Connector",일반CU,0.0596,작년(7.5k),457,1219,762,390,417,1264,2026,762,2127
미래정밀,AJR30008101-4-3,"Tube,Connector",일반CU,0.0592,작년(7.5k),454,1211,757,390,419,1263,2020,757,2072
미래정밀,AJR74963002-4-1,Tube Connector,일반CU,0.0603,올해(20k),452,1206,754,2308,897,3657,4411,754,4700
미래정밀,AJR77171201-4-10,"Tube,Connector",일반CU,0.0589,작년(7.5k),452,1205,753,390,408,1250,2003,753,2101
미래정밀,AJR74803512-4-1,"Tube,Connector",일반CU,0.0587,작년(7.5k),450,1200,750,1225,918,2593,3343,750,3221
미래정밀,AJR74803545-12-1,Tube Connector,일반CU,0.0549,작년(7.5k),421,1123,702,1245,792,2458,3160,702,3583
미래정밀,AJR77224501-4-1,"Tube,Connector",일반CU,0.1453,올해(20k),412,1098,686,685,332,1429,2115,686,2296
미래정밀,AJR77171201-4-8,"Tube,Connector",일반CU,0.0528,작년(7.5k),405,1080,675,390,405,1200,1875,675,1943
미래정밀,AJR30008101-4-2,"Tube,Connector",일반CU,0.0523,작년(7.5k),401,1069,668,390,406,1197,1865,668,1937
미래정밀,MJU66502907+용접링,"Tube,Connector",고강도CU,0.0262,작년(7.5k),339,994,655,20,148,507,1162,655,857
미래정밀,AJR77171201-4-1,"Tube,Connector",일반CU,0.0486,작년(7.5k),386,1029,643,390,470,1246,1889,643,1782
미래정밀,AJR30008101-4-7,"Tube,Connector",일반CU,0.0486,작년(7.5k),386,1029,643,390,470,1246,1889,643,1732
미래정밀,AJR30007101-9-2,미래 SUB,일반CU,0.0181,작년(7.5k),363,968,605,0,234,597,1202,605,1056
미래정밀,AJR77171201-4-7,"Tube,Connector",일반CU,0.0464,작년(7.5k),356,949,593,390,383,1129,1722,593,1765
미래정밀,AJR77263009-4-1,Tube Connector,고강도CU,0.066,올해(20k),291,854,563,87,413,791,1354,563,2047
미래정밀,AJR30133703-4-2,Tube Connector,고강도CU,0.0338,올해(20k),254,744,490,67,296,617,1107,490,1200
미래정밀,AJR30077403-4-2,미래 SUB,일반CU,0.0223,작년(7.5k),289,771,482,0,221,510,992,482,1076
미래정밀,AJR30133702-4-2,Tube Connector,고강도CU,0.0327,올해(20k),245,720,475,56,260,561,1036,475,1140
미래정밀,AJR30089608-4-1,미래 Sub,일반CU,0.0136,작년(7.5k),272,725,453,0,0,272,725,453,1007
미래정밀,AJR74803553-4-1,Tube Connector,일반CU,0.0361,올해(20k),271,722,451,91,330,692,1143,451,1300
미래정밀,AJR30089603-4-1,Tube Connector,일반CU,0.0844,올해(20k),240,639,399,405,399,1044,1443,399,1541
미래정밀,MJU66502904+용접링,"Tube,Connector",고강도CU,0.0457,올해(20k),202,592,390,20,206,428,818,390,1364
미래정밀,AJR74803552-4-2,Tube Connector,일반CU,0.0309,올해(20k),232,618,386,91,322,645,1031,386,1200
미래정밀,AJR30089612-4-1,미래 SUB,고강도CU,0.0151,작년(7.5k),196,575,379,0,305,501,880,379,1025
미래정밀,AJR74364911-4-1,"Tube,Connector",일반CU,0.0295,작년(7.5k),223,595,372,405,200,828,1200,372,1274
미래정밀,AJR77263009-4-2,Tube Connector,고강도CU,0.0427,올해(20k),189,553,364,76,365,630,994,364,1456
미래정밀,AJR74364911-4-4,"Tube,Connector",일반CU,0.0285,작년(7.5k),216,576,360,405,199,820,1180,360,1261
미래정밀,AJR30089609-4-1,미래 SUB,고강도CU,0.0136,작년(7.5k),176,516,340,0,278,454,794,340,1007
미래정밀,AJR74803552-4-1,Tube Connector,일반CU,0.0264,올해(20k),198,529,331,1153,408,1759,2090,331,2300
미래정밀,AJR68019502-4-2,"Tube,Connector",일반CU,0.0261,작년(7.5k),198,528,330,538,210,946,1276,330,1618
미래정밀,AJR30089602-4-1,Tube Connector,일반CU,0.0688,올해(20k),195,521,326,405,378,978,1304,326,1392
미래정밀,AJR74364924-4-1,"Tube,Connector",일반CU,0.0254,작년(7.5k),193,515,322,405,194,792,1114,322,1154
미래정밀,AJR74364911-4-2,"Tube,Connector",일반CU,0.0248,작년(7.5k),188,501,313,405,197,790,1103,313,1168
미래정밀,AJR74364924-4-2,"Tube,Connector",일반CU,0.023,작년(7.5k),174,464,290,405,193,772,1062,290,1114
미래정밀,AJR74803521-4-1,"Tube,Connector",일반CU,0.0483,올해(20k),139,370,231,1244,637,2020,2251,231,2554
미래정밀,AJR30008101-4-1,"Tube,Connector",일반CU,0.046,올해(20k),132,353,221,390,385,907,1128,221,1200
미래정밀,AJR74364921-4-4,"Tube,Connector",일반CU,0.0172,작년(7.5k),130,347,217,405,172,707,924,217,823
미래정밀,AJR74364911-4-3,"Tube,Connector",일반CU,0.0165,작년(7.5k),125,333,208,405,174,704,912,208,1013
미래정밀,AJR74364919-4-3,"Tube,Connector",일반CU,0.0159,작년(7.5k),120,320,200,405,171,696,896,200,823
미래정밀,AJR30089601-4-1,Tube Connector,일반CU,0.0327,올해(20k),94,251,157,390,331,815,972,157,1092
미래정밀,AJR74364912-4-1,"Tube,Connector",일반CU,0.0122,작년(7.5k),93,248,155,390,186,669,824,155,895
미래정밀,AJJ76602101-4-1,Tube Connector,일반CU,0.0311,올해(20k),88,236,148,92,263,443,591,148,700
미래정밀,AJR68019502-4-1,"Tube,Connector",일반CU,0.0115,작년(7.5k),87,232,145,538,183,808,953,145,1309
미래정밀,AJR30089614-4-1,미래 SUB,고강도CU,0.0054,작년(7.5k),70,205,135,0,110,180,315,135,772
미래정밀,AJR30089615-4-1,미래 SUB,고강도CU,0.0054,작년(7.5k),70,205,135,0,168,238,373,135,765
미래정밀,AJR74364921-4-3,"Tube,Connector",일반CU,0.0279,올해(20k),79,211,132,405,198,682,814,132,914
미래정밀,AJR74364919-4-1,"Tube,Connector",일반CU,0.0277,올해(20k),79,210,131,405,196,680,811,131,914
미래정밀,AJR74364919-4-4,"Tube,Connector",일반CU,0.0277,올해(20k),79,210,131,405,196,680,811,131,914
미래정밀,AJR30089602-4-3,Tube Connector,일반CU,0.0275,올해(20k),78,209,131,405,309,792,923,131,964
미래정밀,AJR74364921-4-1,"Tube,Connector",일반CU,0.0269,올해(20k),76,204,128,405,197,678,806,128,914
미래정밀,AJR74364918-4-1,미래 SUB,일반CU,0.0099,작년(7.5k),76,203,127,570,110,756,883,127,916
미래정밀,AJR74364923-4-1,"Tube,Connector",일반CU,0.0254,올해(20k),72,193,121,405,194,671,792,121,838
미래정밀,AJR30089616-4-1,미래 SUB,일반CU,0.0054,작년(7.5k),70,187,117,0,168,238,355,117,765
미래정밀,AJR74364919-4-2,"Tube,Connector",일반CU,0.024,올해(20k),68,182,114,405,193,666,780,114,866
미래정밀,AJR74364923-4-2,"Tube,Connector",일반CU,0.024,올해(20k),68,182,114,405,193,666,780,114,828
미래정밀,AJR30089603-4-2,Tube Connector,일반CU,0.023,올해(20k),65,174,109,405,304,774,883,109,944
미래정밀,AJR30089602-4-2,Tube Connector,일반CU,0.0223,올해(20k),63,169,106,405,302,770,876,106,944
미래정밀,AJR74364921-4-2,"Tube,Connector",일반CU,0.0215,올해(20k),61,163,102,405,192,658,760,102,837
미래정밀,AJR30089603-4-3,Tube Connector,일반CU,0.0214,올해(20k),61,162,101,405,302,768,869,101,934
미래정밀,AJR74364912-4-2,"Tube,Connector",일반CU,0.0062,작년(7.5k),48,128,80,390,165,603,683,80,772
미래정밀,AJR77163101-4-1,"Tube,Connector",일반CU,0.0,올해(20k),0,0,0,4344,360,4704,4704,0,9962
미래정밀,AJR77144606-4-1,"Tube,Connector",일반CU,0.0,올해(20k),0,0,0,872,135,1007,1007,0,1611
미래정밀,AJR77144606-4-2,"Tube,Connector",일반CU,0.0,올해(20k),0,0,0,1507,135,1642,1642,0,3167
미래정밀,AJR74364918-4-2,"Tube,Connector",일반CU,0.0,올해(20k),0,0,0,570,110,680,680,0,916
미래정밀,AJR74364918-4-3,"Tube,Connector",일반CU,0.0,올해(20k),0,0,0,510,110,620,620,0,772
미래정밀,AJR74364922-4-1,"Tube,Connector",일반CU,0.0,올해(20k),0,0,0,560,110,670,670,0,916
미래정밀,AJR30075401-4-1,Tube Connector,일반CU,0.0,올해(20k),0,0,0,2286,399,2685,2685,0,4450
미래정밀,AJR30075401-4-3,Tube Connector,일반CU,0.0,올해(20k),0,0,0,1842,401,2243,2243,0,4120
미래정밀,AJR76582505-4-1,Tube Connector,일반CU,0.0,올해(20k),0,0,0,1542,411,1953,1953,0,3587
미래정밀,AJR76582505-4-2,Tube Connector,일반CU,0.0,올해(20k),0,0,0,401,165,566,566,0,959
미래정밀,AJR76582505-4-3,Tube Connector,일반CU,0.0,올해(20k),0,0,0,2313,447,2760,2760,0,5029
미래정밀,AJR76582505-4-4,Tube Connector,일반CU,0.0,올해(20k),0,0,0,441,168,609,609,0,1099
미래정밀,AJR76582506-4-1,Tube Connector,일반CU,0.0,올해(20k),0,0,0,2013,424,2437,2437,0,4256
미래정밀,AJR30060805-4-1,Tube Connector,일반CU,0.0,올해(20k),0,0,0,2833,484,3317,3317,0,6864
미래정밀,AHQ73469301-4-1,Tube Connector,일반CU,0.0,올해(20k),0,0,0,7326,762,8088,8088,0,8100
미래정밀,AJR74963003-4-1,미래SUB,일반CU,0.0,올해(20k),0,0,0,4802,558,5360,5360,0,5200
썬텍,AJR30125501-20-1,썬텍 sub,일반CU,0.2931,작년(7.5k),5862,15632,9770,0,1004,6866,16636,9770,20505
썬텍,AJR77188802-20-1,썬텍 SUB,일반CU,0.243,작년(7.5k),1834,4891,3057,0,544,2378,5435,3057,18075
썬텍코리아,AJR76562804-20-1,Tube Connector,일반CU,0.46,올해(20k),3450,9200,5750,0,2758,6208,11958,5750,14900
썬텍코리아,AJR30125505-20-1,Tube Connector,일반CU,0.2856,올해(20k),2142,5711,3569,11948,998,15088,18657,3569,20200
썬텍코리아,AJR76562804-20-2,Tube Connector,일반CU,0.1988,올해(20k),1491,3977,2486,0,1148,2639,5125,2486,6200
썬텍코리아,AJR75462802-20-1,Tube Connector,일반CU,0.0807,올해(20k),605,1614,1009,4422,443,5470,6479,1009,7100
썬텍코리아,AJR30125601-20-2,Tube Connector,일반CU,0.0257,작년(7.5k),515,1373,858,6570,368,7453,8311,858,7950
썬텍코리아,AJR30125603-20-1,Tube Connector,일반CU,0.0257,작년(7.5k),515,1373,858,5581,368,6464,7322,858,7000
썬텍코리아,AJR30125601-20-1,Tube Connector,일반CU,0.0517,올해(20k),387,1033,646,15199,574,16160,16806,646,17500
이젠터,AJR53980903-3-1,이젠터 SUB,일반CU,0.1235,작년(7.5k),934,2491,1557,0,635,1569,3126,1557,3796
이젠터,AJR75462802-3-1,"Tube,Connector",일반CU,0.0,올해(20k),0,0,0,7259,195,7454,7454,0,7600
중앙정밀,AJR75483401-1-2,"Tube,Connector",일반CU,0.1352,작년(7.5k),1022,2725,1703,716,387,2125,3828,1703,3909
중앙정밀,AJR75463101-1-2,"Tube,Connector",일반CU,0.1183,작년(7.5k),895,2387,1492,716,359,1970,3462,1492,3550
중앙정밀,AJR76363201-1-1,"Tube,Connector",일반CU,0.0993,작년(7.5k),752,2005,1253,629,211,1592,2845,1253,3047
중앙정밀,AJR74803543-1-1,"Tube,Connector",일반CU,0.0843,작년(7.5k),639,1704,1065,0,489,1128,2193,1065,2342
중앙정밀,AJR77224508-1-1,"Tube,Connector",일반CU,0.069,작년(7.5k),523,1395,872,1454,381,2358,3230,872,4748
중앙정밀,AJR75463101-1-1,"Tube,Connector",일반CU,1.5629,작년(7.5k),497,1325,828,1116,182,1795,2623,828,2333
중앙정밀,AJR30012008-1-1,"Tube,Connector",일반CU,0.0641,작년(7.5k),486,1296,810,55,249,790,1600,810,1601
중앙정밀,AJR76322701-1-1,"Tube,Connector",일반CU,0.0568,작년(7.5k),431,1149,718,685,403,1519,2237,718,2415
중앙정밀,AJJ74578316-1-2,"Tube,Connector",일반CU,0.0538,작년(7.5k),407,1085,678,347,314,1068,1746,678,1795
중앙정밀,AJJ74578314-1-1,"Tube,Connector",일반CU,0.0454,작년(7.5k),344,917,573,624,260,1228,1801,573,2154
중앙정밀,AJR30089621-1-3,"Tube,Connector",고강도CU,0.0227,작년(7.5k),292,857,565,405,204,901,1466,565,1214
중앙정밀,AJR76363201-1-2,"Tube,Connector",일반CU,0.0429,작년(7.5k),325,867,542,624,259,1208,1750,542,2171
중앙정밀,AJJ75318301-1-1,"Tube,Connector",일반CU,0.0415,작년(7.5k),314,837,523,65,221,600,1123,523,1100
중앙정밀,AJR30089621-1-2,"Tube,Connector",고강도CU,0.0198,작년(7.5k),255,748,493,405,201,861,1354,493,1176
중앙정밀,AJR75802501-1-2,"Tube,Connector",일반CU,0.0384,작년(7.5k),295,787,492,538,276,1109,1601,492,2002
중앙정밀,AJR30089621-1-1,"Tube,Connector",고강도CU,0.0468,올해(20k),205,602,397,405,247,857,1254,397,1828
중앙정밀,AJR74943201-1-1,"Tube,Connector",일반CU,0.0302,작년(7.5k),228,608,380,2035,514,2777,3157,380,5091
중앙정밀,AJJ74578316-1-1,"Tube,Connector",일반CU,0.0271,작년(7.5k),205,547,342,347,245,797,1139,342,1169
중앙정밀,AJR74803541-1-2,"Tube,Connector",일반CU,0.0254,작년(7.5k),195,520,325,620,356,1171,1496,325,2050
중앙정밀,AJR74963101-1-1,"Tube,Connector",일반CU,0.0249,작년(7.5k),188,501,313,1552,514,2254,2567,313,4467
중앙정밀,AJJ74578324-1-1,"Tube,Connector",일반CU,0.0244,작년(7.5k),185,493,308,391,201,777,1085,308,1084
중앙정밀,AJR77188701-1-1,"Tube,Connector",일반CU,0.0607,올해(20k),172,460,288,685,356,1213,1501,288,1637
중앙정밀,AJR75802501-1-1,"Tube,Connector",일반CU,0.0222,작년(7.5k),170,453,283,538,274,982,1265,283,1700
중앙정밀,AJR30089604-1-1,"Tube,Connector",일반CU,0.0547,올해(20k),156,415,259,405,234,795,1054,259,1200
중앙정밀,AJJ74578314-1-2,"Tube,Connector",일반CU,0.0168,작년(7.5k),128,341,213,629,133,890,1103,213,1405
중앙정밀,AJR75544609-1-1,"Tube,Connector",일반CU,0.0424,올해(20k),120,321,201,685,325,1130,1331,201,1398
중앙정밀,AJR74803541-1-1,"Tube,Connector",일반CU,0.0136,작년(7.5k),105,280,175,620,308,1033,1208,175,1644
중앙정밀,AJR74424612-1-1,"Tube,Connector",일반CU,0.0102,작년(7.5k),77,205,128,4815,479,5371,5499,128,10653
중앙정밀,AJR30089604-1-3,"Tube,Connector",일반CU,0.0266,올해(20k),75,201,126,405,198,678,804,126,900
중앙정밀,AJR30089604-1-2,"Tube,Connector",일반CU,0.0232,올해(20k),66,175,109,405,195,666,775,109,900
중앙정밀,AJR74803516-1-2,"Tube,Connector",일반CU,0.0177,올해(20k),51,136,85,538,304,893,978,85,1047
중앙정밀,AJR74803516-1-1,"Tube,Connector",일반CU,0.0172,올해(20k),50,132,82,538,287,875,957,82,1029
중앙정밀,AJR75483701-1-1,"Tube,Connector",일반CU,0.0,올해(20k),0,0,0,412,63,475,475,0,962
중앙정밀,AJR75483701-1-2,"Tube,Connector",일반CU,0.0,올해(20k),0,0,0,365,63,428,428,0,827
중앙정밀,AJR74963102-1-1,"Tube,Manifold",일반CU,0.0,올해(20k),0,0,0,1502,308,1810,1810,0,3724
중앙정밀,AJR74943202-1-1,"Tube,Connector",일반CU,0.0,올해(20k),0,0,0,1961,306,2267,2267,0,3487
중앙정밀,AJR34565827-1-1,"Tube,Connector",일반CU,0.0,올해(20k),0,0,0,798,195,993,993,0,1586
중앙정밀,AJR34565827-1-2,"Tube,Connector",일반CU,0.0,올해(20k),0,0,0,985,195,1180,1180,0,2014
중앙정밀,AJR77224507-1-1,Tube Connector,일반CU,0.0,올해(20k),0,0,0,2224,199,2423,2423,0,4774
중앙정밀,AJR77224502-1-2,"Solder,Drawing",일반CU,0.0,올해(20k),0,0,0,0,2579,2579,2579,0,4976
중앙정밀,AJR30089620-1-1,"Tube,Connector",일반CU,0.0,올해(20k),0,0,0,775,163,938,938,0,1212
중앙정밀,AJR74364920-1-2,"Tube,Connector",일반CU,0.0,올해(20k),0,0,0,590,163,753,753,0,872
중앙정밀,AJR30089620-1-2,"Tube,Connector",일반CU,0.0,올해(20k),0,0,0,775,163,938,938,0,1032
중앙정밀,AJR76502605-1-1,"Tube,Connector",일반CU,0.0,올해(20k),0,0,0,772,193,965,965,0,1445
케이비,AJR30106101-16-2,"Tube,Connector",일반CU,0.1059,작년(7.5k),1628,4341,2713,2158,1418,5204,7917,2713,6697
케이비,AJR74007502-16-1,"Tube,Connector",일반CU,0.1808,작년(7.5k),1367,3645,2278,56,334,1757,4035,2278,4019
케이비,AJR30123401-16-1,"Tube,Connector",일반CU,0.0886,작년(7.5k),1344,3584,2240,4837,1518,7699,9939,2240,10820
케이비,AJR30075101-16-1,"Tube,Connector",일반CU,0.072,작년(7.5k),931,2483,1552,3831,4827,9589,11141,1552,10876
케이비,AJR75242816-16-1,"Tube,Connector",일반CU,0.0658,작년(7.5k),881,2349,1468,757,701,2339,3807,1468,3245
케이비,AJR30060707-16-1,"Tube,Connector",일반CU,0.0952,올해(20k),714,1903,1189,3100,848,4662,5851,1189,6600
케이비,AJR30106101-16-1,"Tube,Connector",일반CU,0.0538,작년(7.5k),684,1824,1140,685,596,1965,3105,1140,2591
케이비,AJR30060701-16-1,"Tube,Connector",일반CU,0.1178,올해(20k),679,1811,1132,287,925,1891,3023,1132,3500
케이비,AJR30012101-16-3,"Tube,Connector",일반CU,0.0832,올해(20k),624,1663,1039,7363,704,8691,9730,1039,10000
케이비,AJR75242814-16-1,"Tube,Connector",일반CU,0.0659,작년(7.5k),523,1395,872,757,774,2054,2926,872,2828
케이비,MJU66571311+용접링,"Tube,Connector",고강도CU,0.0697,올해(20k),347,1018,671,20,276,643,1314,671,1566
케이비,AJR74007502-16-2,"Tube,Connector",일반CU,0.0513,작년(7.5k),389,1037,648,2214,482,3085,3733,648,6733
케이비,AJR75713001-16-1,"Tube,Connector",일반CU,0.0449,작년(7.5k),346,923,577,682,327,1355,1932,577,2411
케이비,AJR30012101-16-1,"Tube,Connector",일반CU,0.0435,올해(20k),327,871,544,0,507,834,1378,544,1330
케이비,MJU66571310+용접링,"Tube,Connector",고강도CU,0.0563,올해(20k),280,822,542,20,227,527,1069,542,1256
케이비,AJR74803521-16-1,"Tube,Connector",일반CU,0.0498,올해(20k),293,782,489,1209,783,2285,2774,489,3100
케이비,AJR30102601-16-2,"Tube,Connector",일반CU,0.012,작년(7.5k),240,640,400,3773,575,4588,4988,400,5100
케이비,MJU66571308+용접링,"Tube,Connector",고강도CU,0.0303,올해(20k),151,443,292,20,182,353,645,292,843
케이비,AHQ73469301-16-1,"Tube,Connector",일반CU,0.0169,올해(20k),127,339,212,4406,375,4908,5120,212,5300
케이비,AJR74488604-16-1,"Tube,Connector",일반CU,0.0418,올해(20k),120,321,201,0,299,419,620,201,700
케이비,AJR74488604-16-2,"Tube,Connector",일반CU,0.0277,올해(20k),80,213,133,1008,523,1611,1744,133,1850
케이비,AJR30060704-16-1,"Tube,Connector",일반CU,0.0,올해(20k),0,0,0,2937,540,3477,3477,0,4222
케이비,AJR30123401-16-2,"Tube,Connector",일반CU,0.0,올해(20k),0,0,0,4416,184,4600,4600,0,4766
케이비,AJR30012101-16-2,"Tube,Connector",일반CU,0.0,올해(20k),0,0,0,2804,159,2963,2963,0,3100
케이비,AJR30102601-16-1,"Tube,Connector",일반CU,0.0,올해(20k),0,0,0,2597,246,2843,2843,0,2900
케이비,AJR30102602-16-1,"Tube,Connector",일반CU,0.0,올해(20k),0,0,0,2985,246,3231,3231,0,5100
케이비,AJR30102601-16-3,"Tube,Connector",일반CU,0.0,올해(20k),0,0,0,2753,171,2924,2924,0,2965
