구분,P/N,협력사,엑셀중량,기하중량/비교,외경,두께,길이,배수/비고
①중량-스펙불일치,5210A22034U,대원,0.03246,0.00811,7.0,0.65,70.0,약4.0배
①중량-스펙불일치,MJU61986601,대원,0.06782,0.02261,7.0,0.65,195.0,약3.0배
①중량-스펙불일치,MJU61986701,대원,0.33212,0.02214,7.0,0.65,191.0,약15.0배
①중량-스펙불일치,MJU65626404,대원,0.04028,0.02014,12.7,0.75,80.0,약2.0배
①중량-스펙불일치,MJU66466901,대원,0.23933,0.02393,6.35,0.65,230.0,약10.0배
①중량-스펙불일치,MJU66467201,대원,0.23933,0.02393,6.35,0.65,230.0,약10.0배
①중량-스펙불일치,MJU63748402,대원,0.02597,0.00649,7.0,0.65,56.0,약4.0배
①중량-스펙불일치,5210A24677N,대원,0.05657,0.00707,7.0,0.65,61.0,약8.0배
①중량-스펙불일치,MJU66930301,대원,0.04862,0.00608,7.0,0.55,61.0,약8.0배
①중량-스펙불일치,MJU66466902,대원,0.20427,0.02043,6.35,0.55,228.0,약10.0배
①중량-스펙불일치,MJU66467202,대원,0.20607,0.02061,6.35,0.55,230.0,약10.0배
①중량-스펙불일치,MJU64927105,미래,0.0308,0.0077,6.35,0.65,74.0,약4.0배
①중량-스펙불일치,MJU62028802,미래,0.01707,0.00853,6.35,0.65,82.0,약2.0배
①중량-스펙불일치,MJU62919025,미래,0.03382,0.00676,6.35,0.65,65.0,약5.0배
①중량-스펙불일치,MJU64064527,미래,0.05702,0.01426,6.35,0.65,137.0,약4.0배
①중량-스펙불일치,MJU64047701,미래,0.04037,0.02019,6.35,0.65,194.0,약2.0배
①중량-스펙불일치,MJU64047801,미래,0.04037,0.02019,6.35,0.65,194.0,약2.0배
①중량-스펙불일치,MJU64047901,미래,0.02601,0.01301,6.35,0.65,125.0,약2.0배
①중량-스펙불일치,MJU61909402,미래,0.09133,0.04566,9.52,0.65,282.0,약2.0배
①중량-스펙불일치,MJU61908601,미래,0.02818,0.01409,9.52,0.65,87.0,약2.0배
①중량-스펙불일치,MJU64927120,미래,0.03247,0.00812,6.35,0.65,78.0,약4.0배
①중량-스펙불일치,MJU62267501,미래,0.02898,0.0058,7.0,0.65,50.0,약5.0배
①중량-스펙불일치,MJU62267502,미래,0.06434,0.02145,7.0,0.65,185.0,약3.0배
①중량-스펙불일치,MJU64959103,미래,0.18168,0.01652,9.52,0.65,102.0,약11.0배
①중량-스펙불일치,MJU62672406,미래,0.02123,0.00708,6.35,0.65,68.0,약3.0배
①중량-스펙불일치,MJU64959115,미래,0.18881,0.01716,9.52,0.65,106.0,약11.0배
①중량-스펙불일치,MJU64927303,미래,0.02435,0.01217,6.35,0.65,117.0,약2.0배
①중량-스펙불일치,MJU62842616,미래,0.02643,0.01322,7.0,0.65,114.0,약2.0배
①중량-스펙불일치,MJU62842317,미래,0.02342,0.01171,7.0,0.65,101.0,약2.0배
①중량-스펙불일치,MJU64773401,미래,0.14653,0.00916,7.0,0.65,79.0,약16.0배
①중량-스펙불일치,MJU64711901,미래,0.10315,0.01474,9.52,0.65,91.0,약7.0배
①중량-스펙불일치,MJU64712401,미래,0.10125,0.01446,6.35,0.65,139.0,약7.0배
①중량-스펙불일치,MJU47146601,미래,0.02852,0.00951,7.0,0.65,82.0,약3.0배
①중량-스펙불일치,MJU66573301,미래,0.12695,0.01814,9.52,0.65,112.0,약7.0배
①중량-스펙불일치,MJU66573401,미래,0.09927,0.01655,6.35,0.65,159.0,약6.0배
①중량-스펙불일치,MJU62672401,이젠터,0.07929,0.00661,7.0,0.65,57.0,약12.0배
①중량-스펙불일치,MJU62672403,이젠터,0.03849,0.00962,7.0,0.65,83.0,약4.0배
①중량-스펙불일치,MJU64350501,이젠터,0.04869,0.00811,7.0,0.65,70.0,약6.0배
①중량-스펙불일치,MJU64350601,이젠터,0.02574,0.01287,7.0,0.65,111.0,약2.0배
①중량-스펙불일치,5210A24677G,이젠터,0.02689,0.00672,7.0,0.65,58.0,약4.0배
①중량-스펙불일치,MJU62993602,이젠터,0.03014,0.01507,7.0,0.65,130.0,약2.0배
①중량-스펙불일치,MJU62993603,이젠터,0.06747,0.01124,7.0,0.65,97.0,약6.0배
①중량-스펙불일치,MJU62822711,이젠터,0.01831,0.00916,6.35,0.65,88.0,약2.0배
①중량-스펙불일치,MJU64875402,이젠터,0.0333,0.00832,6.35,0.65,80.0,약4.0배
①중량-스펙불일치,MJU63339937,이젠터,0.02331,0.01165,6.35,0.65,112.0,약2.0배
①중량-스펙불일치,MJU63712711,이젠터,0.0359,0.01197,6.35,0.65,115.0,약3.0배
①중량-스펙불일치,MJU63712712,이젠터,0.0281,0.01405,6.35,0.65,135.0,약2.0배
①중량-스펙불일치,MJU63712714,이젠터,0.02268,0.01134,6.35,0.65,109.0,약2.0배
①중량-스펙불일치,MJU62845830,이젠터,0.06202,0.0155,6.35,0.65,149.0,약4.0배
①중량-스펙불일치,MJU38274201,이젠터,0.08717,0.0109,7.0,0.65,94.0,약8.0배
①중량-스펙불일치,MJU66567101,이젠터,0.16229,0.01159,7.0,0.65,100.0,약14.0배
①중량-스펙불일치,5210A24677J,이젠터,0.07141,0.00893,7.0,0.65,77.0,약8.0배
①중량-스펙불일치,MJU66792501,이젠터,0.05843,0.01461,7.0,0.65,126.0,약4.0배
①중량-스펙불일치,MJU65846826,이젠터,0.05935,0.00742,7.0,0.65,64.0,약8.0배
①중량-스펙불일치,MJU64773404,이젠터,0.14815,0.00823,7.0,0.65,71.0,약18.0배
①중량-스펙불일치,5210A22034A,이젠터,0.03825,0.00638,7.0,0.65,55.0,약6.0배
①중량-스펙불일치,5210A22034B,이젠터,0.02944,0.01472,7.0,0.65,127.0,약2.0배
①중량-스펙불일치,MJU66927902,이젠터,0.03478,0.01739,7.0,0.65,150.0,약2.0배
①중량-스펙불일치,MJU66927903,이젠터,0.03037,0.01519,7.0,0.65,131.0,약2.0배
①중량-스펙불일치,MJU66927905,이젠터,0.0415,0.02075,7.0,0.65,179.0,약2.0배
①중량-스펙불일치,MJU67028008,이젠터,0.13949,0.00996,7.0,0.55,100.0,약14.0배
①중량-스펙불일치,MJU67028002,이젠터,0.04623,0.00578,7.0,0.55,58.0,약8.0배
①중량-스펙불일치,MJU67012502,이젠터,0.04902,0.01226,7.0,0.55,123.0,약4.0배
①중량-스펙불일치,MJU77146601,이젠터,0.01901,0.00951,7.0,0.65,82.0,약2.0배
①중량-스펙불일치,MJU00697501,이젠터,0.03627,0.00518,7.0,0.55,52.0,약7.0배
①중량-스펙불일치,MJU47063901(SVC),MTS,0.38161,0.1908,12.7,0.75,758.0,약2.0배
②시트간스펙충돌,MJU64927101,대원/미래/중앙,,,,,,대원:Φ6.35 T0.65 L235.0 | 미래:Φ6.35 T0.65 L237.0 | 중앙:Φ6.35 T0.65 L234.0 | 중앙:Φ6.35 T0.65 L234.0
②시트간스펙충돌,MJU64927102,대원/미래/중앙,,,,,,대원:Φ6.35 T0.65 L235.0 | 미래:Φ6.35 T0.65 L237.0 | 중앙:Φ6.35 T0.65 L234.0 | 중앙:Φ6.35 T0.65 L234.0
②시트간스펙충돌,MJU64927103,대원/미래,,,,,,대원:Φ6.35 T0.65 L195.0 | 미래:Φ6.35 T0.65 L194.0
②시트간스펙충돌,MJU64927104,대원/미래,,,,,,대원:Φ6.35 T0.65 L195.0 | 미래:Φ6.35 T0.65 L193.0
②시트간스펙충돌,MJU64867606,대원/미래,,,,,,대원:Φ7.94 T0.65 L868.0 | 미래:Φ7.94 T0.65 L854.0 | 미래:Φ7.94 T0.65 L854.0 | 미래:Φ7.94 T0.65 L854.0 | 미래:Φ7.94 T0.65 L854.0 | 미래:Φ7.94 T0.65 L854.0
②시트간스펙충돌,MJU64867607,대원/미래,,,,,,대원:Φ12.7 T0.75 L231.0 | 미래:Φ12.7 T0.75 L228.0 | 미래:Φ12.7 T0.75 L228.0 | 미래:Φ12.7 T0.75 L228.0 | 미래:Φ12.7 T0.75 L228.0 | 미래:Φ12.7 T0.75 L228.0
②시트간스펙충돌,4H00901F,대원/이젠터,,,,,,대원:Φ6.35 T0.7 L125.0 | 대원:Φ6.35 T0.65 L120.0 | 이젠터:Φ7.0 T0.65 L121.0
②시트간스펙충돌,MJU65868007,대원/이젠터,,,,,,대원:Φ9.52 T0.65 L400.0 | 이젠터:Φ9.52 T0.65 L404.0
②시트간스펙충돌,MJU65868008,대원/이젠터,,,,,,대원:Φ9.52 T0.65 L394.0 | 이젠터:Φ9.52 T0.65 L395.0
②시트간스펙충돌,MJU65868009,대원/이젠터,,,,,,대원:Φ9.52 T0.65 L245.0 | 이젠터:Φ9.52 T0.65 L244.0
②시트간스펙충돌,MJU65516603,대원/미래/이젠터,,,,,,대원:Φ6.35 T0.65 L120.0 | 미래:Φ6.35 T0.7 L123.0 | 이젠터:Φ6.35 T0.65 L122.0 | 이젠터:Φ6.35 T0.65 L122.0 | 이젠터:Φ6.35 T0.7 L122.0
②시트간스펙충돌,MJU65868004,대원/이젠터/케이비,,,,,,대원:Φ12.7 T0.75 L180.0 | 이젠터:Φ12.7 T0.75 L179.0 | 케이비:Φ12.7 T0.75 L181.0
②시트간스펙충돌,5210A22034U,대원/이젠터/케이비,,,,,,대원:Φ7.0 T0.65 L70.0 | 대원:Φ7.0 T0.65 L70.0 | 이젠터:Φ7.0 T0.65 L67.0 | 이젠터:Φ7.0 T0.65 L67.0 | 이젠터:Φ7.0 T0.65 L70.0 | 이젠터:Φ7.0 T0.65 L67.0 | 이젠터:Φ7.0 T0.65 L71.0 | 케이비:Φ7.0 T0.65 L69.0
②시트간스펙충돌,MJU61986701,대원,,,,,,대원:Φ7.0 T0.65 L191.0 | 대원:Φ7.0 T0.65 L190.0
②시트간스펙충돌,MJU61986801,대원/이젠터,,,,,,대원:Φ7.0 T0.65 L211.0 | 대원:Φ7.0 T0.65 L210.0 | 이젠터:Φ7.0 T0.65 L215.0
②시트간스펙충돌,MJU61987301,대원/이젠터,,,,,,대원:Φ7.0 T0.65 L211.0 | 대원:Φ7.0 T0.65 L210.0 | 이젠터:Φ7.0 T0.65 L215.0
②시트간스펙충돌,MJU65516626,대원/중앙,,,,,,대원:Φ6.35 T0.65 L65.0 | 중앙:Φ6.35 T0.65 L64.0
②시트간스펙충돌,MJU64328307,대원/중앙,,,,,,대원:Φ6.35 T0.65 L237.0 | 중앙:Φ6.35 T0.65 L238.0
②시트간스펙충돌,4H01281C,대원/미래/이젠터/중앙,,,,,,대원:Φ6.35 T0.65 L125.0 | 미래:Φ6.35 T0.65 L122.0 | 미래:Φ6.35 T0.65 L122.0 | 중앙:Φ6.35 T0.65 L137.0 | 중앙:Φ6.35 T0.7 L120.0 | 중앙:Φ6.35 T0.65 L137.0 | 중앙:Φ6.35 T0.65 L137.0 | 이젠터:Φ6.35 T0.7 L73.0 | 이젠터:Φ6.35 T0.7 L73.0
②시트간스펙충돌,MJU64328310,대원/중앙,,,,,,대원:Φ6.35 T0.65 L169.0 | 중앙:Φ6.35 T0.65 L171.0
②시트간스펙충돌,MJU63748402,대원/이젠터/케이비,,,,,,대원:Φ7.0 T0.65 L56.0 | 대원:Φ7.0 T0.65 L57.0 | 이젠터:Φ7.0 T0.65 L55.0 | 이젠터:Φ7.0 T0.65 L55.0 | 이젠터:Φ7.0 T0.65 L55.0 | 이젠터:Φ7.0 T0.65 L55.0 | 이젠터:Φ7.0 T0.65 L55.0 | 케이비:Φ7.0 T0.65 L57.0
②시트간스펙충돌,MJU63748410,대원/이젠터/케이비,,,,,,대원:Φ7.0 T0.65 L130.0 | 대원:Φ7.0 T0.65 L127.0 | 이젠터:Φ7.0 T0.65 L130.0 | 이젠터:Φ7.0 T0.65 L130.0 | 케이비:Φ7.0 T0.65 L131.0
②시트간스펙충돌,MJU64794403,대원/미래,,,,,,대원:Φ6.35 T0.65 L71.0 | 대원:Φ6.35 T0.65 L71.0 | 대원:Φ6.35 T0.65 L71.0 | 대원:Φ6.35 T0.65 L71.0 | 미래:Φ6.35 T0.65 L70.0 | 미래:Φ6.35 T0.65 L70.0 | 미래:Φ6.35 T0.65 L70.0 | 미래:Φ6.35 T0.65 L70.0
②시트간스펙충돌,MJU64794404,대원/미래,,,,,,대원:Φ6.35 T0.65 L92.0 | 대원:Φ6.35 T0.65 L92.0 | 미래:Φ6.35 T0.65 L90.0 | 미래:Φ6.35 T0.65 L90.0 | 미래:Φ6.35 T0.65 L90.0
②시트간스펙충돌,MJU63788201,대원/중앙,,,,,,대원:Φ6.35 T0.65 L97.0 | 중앙:Φ6.35 T0.9 L99.0
②시트간스펙충돌,MJU63927401,대원/중앙,,,,,,대원:Φ6.35 T0.65 L132.0 | 대원:Φ6.35 T0.65 L129.0 | 중앙:Φ6.35 T0.9 L132.0
②시트간스펙충돌,MJU57152601,대원/미래,,,,,,대원:Φ9.52 T0.65 L223.0 | 대원:Φ9.52 T0.65 L231.0 | 미래:Φ9.52 T0.65 L221.0
②시트간스펙충돌,MJU66478501,대원/케이비,,,,,,대원:Φ12.7 T0.75 L68.0 | 대원:Φ12.7 T0.75 L68.0 | 케이비:Φ12.7 T0.75 L67.0
②시트간스펙충돌,MJU66479101,대원/케이비,,,,,,대원:Φ12.7 T0.75 L231.0 | 대원:Φ12.7 T0.75 L231.0 | 케이비:Φ12.7 T0.75 L232.0
②시트간스펙충돌,MJU63073601,대원/중앙,,,,,,대원:Φ6.35 T0.65 L389.0 | 중앙:Φ6.35 T0.65 L378.0
②시트간스펙충돌,MJU63073602,대원/중앙,,,,,,대원:Φ6.35 T0.65 L198.0 | 대원:Φ6.35 T0.65 L198.0 | 대원:Φ6.35 T0.65 L198.0 | 중앙:Φ6.35 T0.65 L196.0 | 중앙:Φ6.35 T0.65 L196.0 | 중앙:Φ6.35 T0.65 L196.0
②시트간스펙충돌,MJU63073605,대원/중앙,,,,,,대원:Φ9.52 T0.65 L330.0 | 중앙:Φ9.52 T0.65 L320.0
②시트간스펙충돌,MJU63073606,대원/중앙,,,,,,대원:Φ9.52 T0.65 L70.0 | 중앙:Φ7.94 T0.65 L67.0
②시트간스펙충돌,MJU65029701,대원/중앙,,,,,,대원:Φ6.35 T0.65 L295.0 | 중앙:Φ6.35 T0.65 L287.0
②시트간스펙충돌,MJU64809907,대원/명진,,,,,,대원:Φ4.76 T0.65 L940.0 | 명진:Φ4.76 T0.65 L926.0
②시트간스펙충돌,MJU64809908,대원/명진,,,,,,대원:Φ4.76 T0.65 L1017.0 | 명진:Φ4.76 T0.65 L1006.0
②시트간스펙충돌,MJU64809909,대원/명진,,,,,,대원:Φ4.76 T0.65 L1096.0 | 명진:Φ4.76 T0.65 L1084.0
②시트간스펙충돌,MJU64809910,대원/명진,,,,,,대원:Φ4.76 T0.65 L1308.0 | 명진:Φ4.76 T0.65 L1298.0
②시트간스펙충돌,MJU64809911,대원/명진,,,,,,대원:Φ4.76 T0.65 L1432.0 | 명진:Φ4.76 T0.65 L1409.0
②시트간스펙충돌,MJU64867626,대원,,,,,,대원:Φ9.52 T0.65 L1205.0 | 대원:Φ9.52 T0.65 L1205.0 | 대원:Φ9.52 T0.55 L1205.0
②시트간스펙충돌,MJU47978301,대원/미래/썬텍/이젠터,,,,,,대원:Φ6.35 T0.65 L157.0 | 미래:Φ6.35 T0.65 L154.0 | 이젠터:Φ6.35 T0.65 L154.0 | 썬텍:Φ6.35 T0.65 L154.0 | 썬텍:Φ6.35 T0.65 L154.0
②시트간스펙충돌,MJU47978302,대원/미래/썬텍/이젠터,,,,,,대원:Φ6.35 T0.65 L152.0 | 미래:Φ6.35 T0.65 L150.0 | 미래:Φ6.35 T0.65 L150.0 | 이젠터:Φ6.35 T0.65 L154.0 | 썬텍:Φ6.35 T0.65 L156.0 | 썬텍:Φ6.35 T0.65 L156.0
②시트간스펙충돌,MJU66805602,대원,,,,,,대원:Φ7.0 T0.65 L185.0 | 대원:Φ7.0 T0.65 L184.0
②시트간스펙충돌,MJU66805603,대원,,,,,,대원:Φ7.0 T0.65 L199.0 | 대원:Φ7.0 T0.65 L200.0
②시트간스펙충돌,MJU66805604,대원,,,,,,대원:Φ7.0 T0.65 L233.0 | 대원:Φ7.0 T0.65 L232.0
②시트간스펙충돌,MJU66805605,대원,,,,,,대원:Φ7.0 T0.65 L245.0 | 대원:Φ7.0 T0.65 L252.0
②시트간스펙충돌,MJU66805607,대원,,,,,,대원:Φ7.0 T0.65 L225.0 | 대원:Φ7.0 T0.65 L226.0
②시트간스펙충돌,MJU66805608,대원,,,,,,대원:Φ7.0 T0.65 L236.0 | 대원:Φ7.0 T0.65 L230.0
②시트간스펙충돌,MJU66478701,대원,,,,,,대원:Φ15.88 T0.95 L368.0 | 대원:Φ15.88 T0.95 L368.0 | 대원:Φ15.88 T0.95 L368.0 | 대원:Φ15.88 T0.95 L369.0 | 대원:Φ15.88 T0.95 L369.0
②시트간스펙충돌,MJU66824501,대원,,,,,,대원:Φ12.7 T0.75 L59.0 | 대원:Φ12.7 T0.75 L57.0
②시트간스펙충돌,MJU66824401,대원/명진,,,,,,대원:Φ4.76 T0.65 L426.0 | 명진:Φ4.76 T0.65 L434.0
②시트간스펙충돌,MJU66824402,대원/명진,,,,,,대원:Φ4.76 T0.65 L336.0 | 명진:Φ4.76 T0.65 L343.0
②시트간스펙충돌,MJU66824403,대원/명진,,,,,,대원:Φ4.76 T0.65 L336.0 | 명진:Φ4.76 T0.65 L335.0
②시트간스펙충돌,MJU66824404,대원/명진,,,,,,대원:Φ4.76 T0.65 L426.0 | 명진:Φ4.76 T0.65 L424.0
②시트간스펙충돌,MJU66824405,대원/명진,,,,,,대원:Φ4.76 T0.65 L646.0 | 명진:Φ4.76 T0.65 L643.0
②시트간스펙충돌,MJU66824406,대원/명진,,,,,,대원:Φ4.76 T0.65 L646.0 | 명진:Φ4.76 T0.65 L643.0
②시트간스펙충돌,MJU66824407,대원/명진,,,,,,대원:Φ4.76 T0.65 L486.0 | 명진:Φ4.76 T0.65 L466.0
②시트간스펙충돌,MJU66824408,대원/명진,,,,,,대원:Φ4.76 T0.65 L426.0 | 명진:Φ4.76 T0.65 L397.0
②시트간스펙충돌,MJU66824409,대원/명진,,,,,,대원:Φ4.76 T0.65 L546.0 | 명진:Φ4.76 T0.65 L536.0
②시트간스펙충돌,MJU66824410,대원/명진,,,,,,대원:Φ4.76 T0.65 L516.0 | 명진:Φ4.76 T0.65 L505.0
②시트간스펙충돌,MJU66824411,대원/명진,,,,,,대원:Φ4.76 T0.65 L696.0 | 명진:Φ4.76 T0.65 L693.0
②시트간스펙충돌,MJU66825001,대원/명진,,,,,,대원:Φ4.76 T0.65 L456.0 | 명진:Φ4.76 T0.65 L455.0
②시트간스펙충돌,MJU66825002,대원/명진,,,,,,대원:Φ4.76 T0.65 L456.0 | 명진:Φ4.76 T0.65 L455.0
②시트간스펙충돌,MJU66825003,대원/명진,,,,,,대원:Φ4.76 T0.65 L456.0 | 명진:Φ4.76 T0.65 L455.0
②시트간스펙충돌,MJU66825004,대원/명진,,,,,,대원:Φ4.76 T0.65 L456.0 | 명진:Φ4.76 T0.65 L455.0
②시트간스펙충돌,MJU66825005,대원/명진,,,,,,대원:Φ4.76 T0.65 L456.0 | 명진:Φ4.76 T0.65 L455.0
②시트간스펙충돌,MJU66825006,대원/명진,,,,,,대원:Φ4.76 T0.65 L456.0 | 명진:Φ4.76 T0.65 L455.0
②시트간스펙충돌,MJU66825402,대원/이젠터,,,,,,대원:Φ12.7 T0.75 L63.0 | 이젠터:Φ12.7 T0.75 L65.0
②시트간스펙충돌,MJU62907937,대원/미래,,,,,,대원:Φ7.94 T0.65 L65.0 | 미래:Φ7.94 T0.65 L66.0
②시트간스펙충돌,MJU64873802,대원/미래,,,,,,대원:Φ4.76 T0.65 L205.0 | 대원:Φ4.76 T0.65 L205.0 | 미래:Φ4.76 T0.65 L200.0 | 미래:Φ4.76 T0.65 L200.0 | 미래:Φ4.76 T0.65 L200.0 | 미래:Φ4.76 T0.65 L200.0 | 미래:Φ4.76 T0.65 L200.0 | 미래:Φ4.76 T0.65 L200.0 | 미래:Φ4.76 T0.65 L200.0 | 미래:Φ4.76 T0.65 L200.0
②시트간스펙충돌,MJU64873803,대원/미래,,,,,,대원:Φ4.76 T0.65 L302.0 | 대원:Φ4.76 T0.65 L302.0 | 미래:Φ4.76 T0.65 L301.0 | 미래:Φ4.76 T0.65 L301.0 | 미래:Φ4.76 T0.65 L301.0 | 미래:Φ4.76 T0.65 L301.0 | 미래:Φ4.76 T0.65 L301.0 | 미래:Φ4.76 T0.65 L301.0 | 미래:Φ4.76 T0.65 L301.0 | 미래:Φ4.76 T0.65 L301.0
②시트간스펙충돌,MJU64873807,대원/미래,,,,,,대원:Φ4.76 T0.65 L243.0 | 대원:Φ4.76 T0.65 L243.0 | 미래:Φ4.76 T0.65 L250.0 | 미래:Φ4.76 T0.65 L250.0 | 미래:Φ4.76 T0.65 L250.0 | 미래:Φ4.76 T0.65 L250.0 | 미래:Φ4.76 T0.65 L250.0 | 미래:Φ4.76 T0.65 L250.0 | 미래:Φ4.76 T0.65 L250.0 | 미래:Φ4.76 T0.65 L250.0
②시트간스펙충돌,MJU62207801,대원/이젠터/중앙,,,,,,대원:Φ6.35 T0.65 L178.0 | 중앙:Φ6.35 T0.65 L160.0 | 중앙:Φ6.35 T0.65 L171.0 | 이젠터:Φ6.35 T0.65 L167.0 | 이젠터:Φ6.35 T0.65 L167.0
②시트간스펙충돌,MJU62207802,대원/이젠터/중앙,,,,,,대원:Φ6.35 T0.65 L95.0 | 중앙:Φ6.35 T0.65 L80.0 | 중앙:Φ6.35 T0.65 L89.0 | 이젠터:Φ6.35 T0.65 L94.0
②시트간스펙충돌,MJU62915301,대원/명진/케이비,,,,,,대원:Φ12.7 T0.75 L788.0 | 명진:Φ12.7 T0.75 L789.0 | 케이비:Φ12.7 T0.75 L792.0
②시트간스펙충돌,MJU62915302,대원/명진/케이비,,,,,,대원:Φ12.7 T0.75 L729.0 | 명진:Φ12.7 T0.75 L733.0 | 케이비:Φ12.7 T0.75 L737.0
②시트간스펙충돌,MJU62393806,대원/케이비,,,,,,대원:Φ9.52 T0.65 L540.0 | 케이비:Φ9.52 T0.65 L536.0
②시트간스펙충돌,MJU63626311,대원/이젠터,,,,,,대원:Φ6.35 T0.65 L63.0 | 이젠터:Φ6.35 T0.65 L69.0 | 이젠터:Φ6.35 T0.65 L69.0 | 이젠터:Φ6.35 T0.65 L69.0
②시트간스펙충돌,MJU66126401,대원/미래/이젠터,,,,,,대원:Φ15.88 T0.95 L130.0 | 미래:Φ15.88 T0.95 L127.0 | 이젠터:Φ15.88 T0.95 L126.0
②시트간스펙충돌,MJU66773701,대원/케이비,,,,,,대원:Φ12.7 T0.75 L370.0 | 케이비:Φ12.7 T0.65 L378.0 | 케이비:Φ12.7 T0.65 L378.0
②시트간스펙충돌,MJU62792001,대원/케이비,,,,,,대원:Φ12.7 T0.75 L345.0 | 케이비:Φ12.7 T0.75 L350.0
②시트간스펙충돌,MJU64857301,대원/명진/미래,,,,,,대원:Φ4.76 T0.65 L845.0 | 미래:Φ4.76 T0.65 L861.0 | 명진:Φ4.76 T0.65 L845.0
②시트간스펙충돌,MJU64857401,대원/명진/미래,,,,,,대원:Φ4.76 T0.65 L1023.0 | 미래:Φ4.76 T0.65 L1054.0 | 명진:Φ4.76 T0.65 L1023.0
②시트간스펙충돌,MJU63436501,대원/케이비,,,,,,대원:Φ6.35 T0.65 L170.0 | 케이비:Φ6.35 T0.65 L175.0
②시트간스펙충돌,MJU61942802,대원/케이비,,,,,,대원:Φ6.35 T0.65 L62.0 | 케이비:Φ6.35 T0.65 L67.0 | 케이비:Φ6.35 T0.65 L64.0
②시트간스펙충돌,MJU66900501,대원/이젠터/케이비,,,,,,대원:Φ7.94 T0.65 L628.0 | 이젠터:Φ9.52 T0.65 L60.0 | 이젠터:Φ12.7 T0.75 L285.0 | 이젠터:Φ12.7 T0.75 L67.0 | 이젠터:Φ9.52 T0.65 L110.0 | 이젠터:Φ12.7 T0.75 L122.0 | 케이비:Φ7.94 T0.65 L619.0
②시트간스펙충돌,MJU64988601,대원/미래/이젠터,,,,,,대원:Φ12.7 T0.75 L827.0 | 미래:Φ12.7 T0.75 L826.0 | 미래:Φ12.7 T0.75 L826.0 | 미래:Φ12.7 T0.75 L826.0 | 이젠터:Φ12.7 T0.75 L828.0
②시트간스펙충돌,MJU66949201,대원/미래,,,,,,대원:Φ6.35 T0.65 L250.0 | 미래:Φ6.35 T0.65 L155.0
②시트간스펙충돌,MJU37361117,대원/케이비,,,,,,대원:Φ6.35 T0.65 L280.0 | 케이비:Φ6.35 T0.65 L284.0 | 케이비:Φ6.35 T0.65 L292.0
②시트간스펙충돌,MJU63406904,대원/미래,,,,,,대원:Φ12.7 T0.75 L900.0 | 미래:Φ12.7 T0.75 L904.0
②시트간스펙충돌,4H00049A,대원/미래/이젠터/중앙,,,,,,대원:Φ6.35 T0.7 L113.0 | 대원:Φ6.35 T0.7 L113.0 | 미래:Φ6.35 T0.7 L111.0 | 미래:Φ6.35 T0.7 L111.0 | 미래:Φ6.35 T0.7 L112.0 | 미래:Φ6.35 T0.65 L110.0 | 미래:Φ6.35 T0.7 L112.0 | 미래:Φ6.35 T0.65 L117.0 | 중앙:Φ6.35 T0.65 L112.0 | 이젠터:Φ6.35 T0.65 L112.0 | 이젠터:Φ6.35 T0.65 L114.0 | 이젠터:Φ6.35 T0.65 L114.0 | 이젠터:Φ6.35 T0.65 L114.0 | 이젠터:Φ6.35 T0.65 L114.0 | 이젠터:Φ6.35 T0.65 L114.0 | 이젠터:Φ6.35 T0.65 L114.0 | 이젠터:Φ6.35 T0.65 L114.0 | 이젠터:Φ6.35 T0.65 L114.0 | 이젠터:Φ6.35 T0.65 L114.0 | 이젠터:Φ6.35 T0.65 L114.0 | 이젠터:Φ6.35 T0.65 L114.0 | 이젠터:Φ6.35 T0.65 L114.0 | 이젠터:Φ6.35 T0.65 L114.0 | 이젠터:Φ6.35 T0.65 L114.0 | 이젠터:Φ6.35 T0.7 L114.0 | 이젠터:Φ6.35 T0.65 L114.0 | 이젠터:Φ6.35 T0.65 L114.0 | 이젠터:Φ6.35 T0.65 L114.0 | 이젠터:Φ6.35 T0.65 L114.0 | 이젠터:Φ6.35 T0.7 L114.0 | 이젠터:Φ6.35 T0.65 L114.0 | 이젠터:Φ6.35 T0.65 L114.0 | 이젠터:Φ6.35 T0.65 L114.0 | 이젠터:Φ6.35 T0.65 L114.0 | 이젠터:Φ6.35 T0.65 L114.0
②시트간스펙충돌,MJU42756510,대원/미래,,,,,,대원:Φ6.35 T0.65 L208.0 | 대원:Φ6.35 T0.65 L208.0 | 미래:Φ6.35 T0.65 L213.0
②시트간스펙충돌,MJU58941310,대원/미래/썬텍/이젠터,,,,,,대원:Φ6.35 T0.65 L185.0 | 미래:Φ6.35 T0.65 L190.0 | 이젠터:Φ6.35 T0.65 L185.0 | 이젠터:Φ6.35 T0.65 L185.0 | 썬텍:Φ6.35 T0.65 L186.0 | 썬텍:Φ6.35 T0.65 L186.0 | 썬텍:Φ6.35 T0.65 L186.0 | 썬텍:Φ6.35 T0.55 L186.0
②시트간스펙충돌,MJU62356410,대원/명진/케이비,,,,,,대원:Φ6.35 T0.65 L123.0 | 명진:Φ6.35 T0.65 L125.0 | 명진:Φ6.35 T0.65 L125.0 | 케이비:Φ6.35 T0.65 L130.0
②시트간스펙충돌,MJU65033014,대원/미래,,,,,,대원:Φ4.76 T0.65 L209.0 | 미래:Φ4.76 T0.65 L205.0
②시트간스펙충돌,MJU65033015,대원/미래,,,,,,대원:Φ4.76 T0.65 L119.0 | 미래:Φ4.76 T0.65 L117.0
②시트간스펙충돌,MJU65033016,대원/미래,,,,,,대원:Φ4.76 T0.65 L157.0 | 미래:Φ4.76 T0.65 L153.0
②시트간스펙충돌,MJU48000801,대원/미래/이젠터,,,,,,대원:Φ6.35 T0.65 L205.0 | 미래:Φ6.35 T0.65 L209.0 | 이젠터:Φ6.35 T0.65 L205.0
②시트간스펙충돌,MJU48000901,대원/미래/이젠터,,,,,,대원:Φ6.35 T0.65 L210.0 | 미래:Φ6.35 T0.65 L213.0 | 이젠터:Φ6.35 T0.65 L210.0
②시트간스펙충돌,MJU48001001,대원/미래/이젠터,,,,,,대원:Φ6.35 T0.65 L176.0 | 미래:Φ6.35 T0.65 L180.0 | 이젠터:Φ6.35 T0.65 L176.0
②시트간스펙충돌,MJU47978401,대원/미래/이젠터,,,,,,대원:Φ12.7 T0.75 L218.0 | 미래:Φ12.7 T0.75 L224.0 | 이젠터:Φ12.7 T0.75 L218.0
②시트간스펙충돌,MJU66929504,대원/미래/이젠터,,,,,,대원:Φ6.35 T0.55 L185.0 | 대원:Φ6.35 T0.55 L185.0 | 미래:Φ6.35 T0.55 L190.0 | 이젠터:Φ6.35 T0.65 L187.0
②시트간스펙충돌,MJU64868565,대원/미래/이젠터,,,,,,대원:Φ12.7 T0.75 L274.0 | 미래:Φ12.7 T0.75 L274.0 | 이젠터:Φ12.7 T0.75 L276.0 | 이젠터:Φ12.7 T0.75 L276.0
②시트간스펙충돌,MJU64868530,대원/미래/이젠터/중앙,,,,,,대원:Φ9.52 T0.65 L138.0 | 미래:Φ9.52 T0.65 L138.0 | 중앙:Φ9.52 T0.65 L141.0 | 이젠터:Φ9.52 T0.65 L140.0 | 이젠터:Φ9.52 T0.65 L140.0 | 이젠터:Φ9.52 T0.65 L140.0 | 이젠터:Φ9.52 T0.65 L140.0 | 이젠터:Φ9.52 T0.65 L140.0
②시트간스펙충돌,MJU66800403,대원,,,,,,대원:Φ22.22 T1.15 L196.0 | 대원:Φ22.22 T1.15 L176.0
②시트간스펙충돌,MJU66479001,대원/미래/이젠터/케이비,,,,,,대원:Φ9.52 T0.65 L62.0 | 미래:Φ9.52 T0.65 L59.0 | 이젠터:Φ9.52 T0.65 L62.0 | 이젠터:Φ9.52 T0.65 L62.0 | 이젠터:Φ9.52 T0.65 L60.0 | 케이비:Φ9.52 T0.65 L60.0
②시트간스펙충돌,MJU66479301,대원/미래,,,,,,대원:Φ12.7 T0.75 L585.0 | 대원:Φ12.7 T0.75 L585.0 | 미래:Φ12.7 T0.75 L577.0
②시트간스펙충돌,MJU66749608,대원/이젠터/중앙/케이비,,,,,,대원:Φ9.52 T0.65 L392.0 | 중앙:Φ9.52 T0.65 L392.0 | 이젠터:Φ9.52 T0.65 L395.0 | 케이비:Φ9.52 T0.65 L402.0
②시트간스펙충돌,5210A23089A,대원/미래/이젠터/중앙,,,,,,대원:Φ6.35 T0.7 L143.0 | 대원:Φ6.35 T0.7 L143.0 | 대원:Φ6.35 T0.7 L143.0 | 대원:Φ6.35 T0.7 L143.0 | 대원:Φ6.35 T0.7 L143.0 | 대원:Φ6.35 T0.7 L143.0 | 대원:Φ6.35 T0.7 L143.0 | 대원:Φ6.35 T0.7 L143.0 | 대원:Φ6.35 T0.7 L143.0 | 대원:Φ6.35 T0.7 L143.0 | 대원:Φ6.35 T0.7 L143.0 | 대원:Φ6.35 T0.7 L143.0 | 미래:Φ6.35 T0.7 L141.0 | 미래:Φ6.35 T0.7 L143.0 | 중앙:Φ6.35 T0.65 L142.0 | 중앙:Φ6.35 T0.65 L142.0 | 이젠터:Φ6.35 T0.7 L144.0 | 이젠터:Φ6.35 T0.65 L144.0 | 이젠터:Φ6.35 T0.7 L144.0 | 이젠터:Φ6.35 T0.7 L144.0
②시트간스펙충돌,5210A23089D,대원,,,,,,대원:Φ6.35 T0.7 L192.0 | 대원:Φ6.35 T0.7 L192.0 | 대원:Φ6.35 T0.7 L192.0 | 대원:Φ6.35 T0.7 L192.0 | 대원:Φ6.35 T0.7 L192.0 | 대원:Φ6.35 T0.7 L192.0 | 대원:Φ6.35 T0.7 L192.0 | 대원:Φ6.35 T0.7 L192.0 | 대원:Φ6.35 T0.7 L192.0 | 대원:Φ6.35 T0.7 L192.0 | 대원:Φ6.35 T0.7 L192.0 | 대원:Φ6.35 T0.7 L192.0 | 대원:Φ6.35 T0.7 L192.0 | 대원:Φ6.35 T0.7 L192.0 | 대원:Φ6.35 T0.7 L192.0 | 대원:Φ6.35 T0.7 L192.0 | 대원:Φ6.35 T0.7 L192.0 | 대원:Φ6.35 T0.7 L192.0 | 대원:Φ6.35 T0.7 L192.0 | 대원:Φ6.35 T0.7 L192.0 | 대원:Φ6.35 T0.7 L192.0 | 대원:Φ6.35 T0.7 L192.0 | 대원:Φ6.35 T0.7 L192.0 | 대원:Φ6.35 T0.7 L192.0 | 대원:Φ6.35 T0.7 L192.0 | 대원:Φ6.35 T0.7 L192.0 | 대원:Φ6.35 T0.7 L192.0 | 대원:Φ6.35 T0.7 L192.0 | 대원:Φ6.35 T0.7 L192.0 | 대원:Φ6.35 T0.7 L192.0 | 대원:Φ6.35 T0.7 L192.0 | 대원:Φ6.35 T0.7 L192.0 | 대원:Φ6.35 T0.7 L192.0 | 대원:Φ6.35 T0.7 L192.0 | 대원:Φ6.35 T0.7 L190.0 | 대원:Φ6.35 T0.7 L192.0 | 대원:Φ6.35 T0.7 L192.0 | 대원:Φ6.35 T0.7 L192.0 | 대원:Φ6.35 T0.7 L192.0 | 대원:Φ6.35 T0.7 L192.0 | 대원:Φ6.35 T0.7 L192.0 | 대원:Φ6.35 T0.7 L192.0 | 대원:Φ6.35 T0.7 L192.0
②시트간스펙충돌,MJU66478204,대원/미래,,,,,,대원:Φ12.7 T0.75 L181.0 | 대원:Φ12.7 T0.75 L181.0 | 대원:Φ12.7 T0.75 L181.0 | 대원:Φ12.7 T0.75 L181.0 | 대원:Φ12.7 T0.75 L181.0 | 대원:Φ12.7 T0.75 L181.0 | 대원:Φ12.7 T0.75 L181.0 | 대원:Φ12.7 T0.75 L181.0 | 대원:Φ12.7 T0.75 L181.0 | 미래:Φ12.7 T0.75 L177.0
②시트간스펙충돌,MJU64927306,미래/중앙,,,,,,미래:Φ6.35 T0.65 L316.0 | 중앙:Φ6.35 T0.65 L319.0 | 중앙:Φ6.35 T0.65 L319.0
②시트간스펙충돌,MJU64927307,미래/중앙,,,,,,미래:Φ6.35 T0.65 L316.0 | 중앙:Φ6.35 T0.65 L339.0 | 중앙:Φ6.35 T0.65 L339.0
②시트간스펙충돌,MJU64927308,미래/중앙,,,,,,미래:Φ6.35 T0.65 L316.0 | 중앙:Φ6.35 T0.65 L310.0 | 중앙:Φ6.35 T0.65 L310.0
②시트간스펙충돌,MJU64927309,미래/중앙,,,,,,미래:Φ9.52 T0.65 L242.0 | 중앙:Φ9.52 T0.65 L244.0 | 중앙:Φ9.52 T0.65 L244.0
②시트간스펙충돌,MJU64907801,미래/중앙,,,,,,미래:Φ6.35 T0.65 L96.0 | 미래:Φ6.35 T0.65 L96.0 | 미래:Φ6.35 T0.65 L99.0 | 중앙:Φ6.35 T0.65 L97.0
②시트간스펙충돌,MJU64907802,미래/중앙,,,,,,미래:Φ6.35 T0.65 L114.0 | 미래:Φ6.35 T0.65 L114.0 | 미래:Φ6.35 T0.65 L117.0 | 미래:Φ6.35 T0.65 L117.0 | 중앙:Φ6.35 T0.65 L114.0
②시트간스펙충돌,MJU64868501,미래/이젠터,,,,,,미래:Φ6.35 T0.65 L175.0 | 미래:Φ6.35 T0.65 L175.0 | 이젠터:Φ6.35 T0.65 L172.0
②시트간스펙충돌,MJU64868502,미래/이젠터,,,,,,미래:Φ6.35 T0.65 L172.0 | 미래:Φ6.35 T0.65 L172.0 | 이젠터:Φ6.35 T0.65 L179.0
②시트간스펙충돌,MJU64868503,미래/이젠터,,,,,,미래:Φ4.76 T0.65 L321.0 | 미래:Φ4.76 T0.65 L321.0 | 이젠터:Φ4.76 T0.65 L324.0
②시트간스펙충돌,MJU62392701,미래/중앙,,,,,,미래:Φ6.35 T0.65 L435.0 | 중앙:Φ6.35 T0.65 L435.0 | 중앙:Φ5.0 T0.65 L435.0
②시트간스펙충돌,MJU64408025,미래,,,,,,미래:Φ7.94 T0.65 L990.0 | 미래:Φ7.94 T0.65 L996.0
②시트간스펙충돌,MJU63669501,미래/중앙,,,,,,미래:Φ6.35 T0.65 L93.0 | 미래:Φ6.35 T0.65 L93.0 | 미래:Φ6.35 T0.65 L95.0 | 미래:Φ6.35 T0.65 L95.0 | 미래:Φ6.35 T0.65 L95.0 | 미래:Φ6.35 T0.65 L98.0 | 미래:Φ6.35 T0.65 L98.0 | 중앙:Φ6.35 T0.65 L96.0 | 중앙:Φ6.35 T0.65 L96.0
②시트간스펙충돌,MJU63669504,미래,,,,,,미래:Φ6.35 T0.65 L125.0 | 미래:Φ6.35 T0.65 L130.0 | 미래:Φ6.35 T0.65 L130.0
②시트간스펙충돌,MJU63687701,미래,,,,,,미래:Φ6.35 T0.65 L96.0 | 미래:Φ6.35 T0.65 L96.0 | 미래:Φ6.35 T0.65 L95.0 | 미래:Φ6.35 T0.65 L95.0 | 미래:Φ6.35 T0.65 L95.0 | 미래:Φ6.35 T0.65 L99.0 | 미래:Φ6.35 T0.65 L99.0
②시트간스펙충돌,MJU63669601,미래/중앙,,,,,,미래:Φ6.35 T0.65 L59.0 | 미래:Φ6.35 T0.65 L2167.0 | 미래:Φ6.35 T0.65 L60.0 | 미래:Φ6.35 T0.65 L60.0 | 미래:Φ6.35 T0.65 L60.0 | 미래:Φ6.35 T0.65 L60.0 | 미래:Φ6.35 T0.65 L61.0 | 미래:Φ6.35 T0.65 L61.0 | 중앙:Φ6.35 T0.65 L61.0
②시트간스펙충돌,MJU63689401,미래,,,,,,미래:Φ6.35 T0.65 L230.0 | 미래:Φ6.35 T0.65 L236.0
②시트간스펙충돌,MJU63691201,미래,,,,,,미래:Φ6.35 T0.65 L155.0 | 미래:Φ6.35 T0.65 L162.0
②시트간스펙충돌,MJU37361324,미래,,,,,,미래:Φ6.35 T0.65 L112.0 | 미래:Φ6.35 T0.65 L112.0 | 미래:Φ6.35 T0.65 L115.0
②시트간스펙충돌,MJU37361325,미래,,,,,,미래:Φ6.35 T0.65 L202.0 | 미래:Φ6.35 T0.65 L202.0 | 미래:Φ6.35 T0.65 L115.0
②시트간스펙충돌,MJU64750502,미래,,,,,,미래:Φ15.88 T0.95 L336.0 | 미래:Φ15.88 T0.95 L337.0 | 미래:Φ15.88 T0.95 L336.0
②시트간스펙충돌,MJU64791201,미래/이젠터,,,,,,미래:Φ15.88 T0.95 L201.0 | 이젠터:Φ15.88 T0.95 L193.0
②시트간스펙충돌,MJU64979301,미래,,,,,,미래:Φ9.52 T0.65 L477.0 | 미래:Φ9.52 T0.65 L54.0
②시트간스펙충돌,MJU63009601,미래/이젠터,,,,,,미래:Φ15.88 T0.95 L76.0 | 이젠터:Φ15.88 T0.95 L75.0 | 이젠터:Φ15.88 T0.95 L75.0 | 이젠터:Φ15.88 T0.95 L75.0 | 이젠터:Φ15.88 T0.95 L75.0 | 이젠터:Φ15.88 T0.95 L75.0 | 이젠터:Φ15.88 T0.95 L75.0
②시트간스펙충돌,MJU64708702,미래,,,,,,미래:Φ12.7 T0.75 L520.0 | 미래:Φ12.7 T0.75 L525.0 | 미래:Φ12.7 T0.75 L525.0 | 미래:Φ12.7 T0.75 L525.0
②시트간스펙충돌,MJU60436230,미래/중앙,,,,,,미래:Φ12.7 T0.75 L288.0 | 중앙:Φ12.7 T0.75 L293.0
②시트간스펙충돌,MJU64408006,미래/중앙,,,,,,미래:Φ12.7 T0.75 L908.0 | 미래:Φ12.7 T0.75 L908.0 | 미래:Φ7.94 T0.65 L918.0 | 중앙:Φ7.94 T0.65 L917.0 | 중앙:Φ7.94 T0.65 L917.0
②시트간스펙충돌,MJU64408007,미래/중앙,,,,,,미래:Φ12.7 T0.75 L304.0 | 중앙:Φ12.7 T0.75 L303.0 | 중앙:Φ12.7 T0.75 L303.0
②시트간스펙충돌,MJU64449912,미래/이젠터,,,,,,미래:Φ7.94 T0.65 L1039.0 | 이젠터:Φ7.94 T0.65 L1042.0
②시트간스펙충돌,MJU64449913,미래/이젠터,,,,,,미래:Φ12.7 T0.75 L213.0 | 이젠터:Φ12.7 T0.75 L216.0
②시트간스펙충돌,5211AP4052A,미래/이젠터,,,,,,미래:Φ7.94 T0.65 L117.0 | 이젠터:Φ7.94 T0.65 L115.0
②시트간스펙충돌,MJU60436233,MTS/미래,,,,,,미래:Φ9.52 T0.65 L141.0 | MTS:Φ9.52 T0.65 L95.0
②시트간스펙충돌,MJU60436235,MTS/미래,,,,,,미래:Φ9.52 T0.65 L172.0 | MTS:Φ9.52 T0.65 L176.0
②시트간스펙충돌,MJU64963803,MTS/미래,,,,,,미래:Φ12.7 T0.75 L413.0 | MTS:Φ12.7 T0.75 L416.0 | MTS:Φ12.7 T0.75 L416.0
②시트간스펙충돌,MJU64963804,MTS/미래,,,,,,미래:Φ12.7 T0.75 L157.0 | MTS:Φ12.7 T0.75 L159.0 | MTS:Φ12.7 T0.75 L159.0
②시트간스펙충돌,MJU64963807,미래/중앙,,,,,,미래:Φ9.52 T0.65 L568.0 | 미래:Φ9.52 T0.65 L568.0 | 중앙:Φ9.52 T0.65 L576.0
②시트간스펙충돌,MJU64963808,미래/중앙,,,,,,미래:Φ9.52 T0.65 L426.0 | 미래:Φ9.52 T0.65 L426.0 | 중앙:Φ9.52 T0.65 L430.0
②시트간스펙충돌,MJU64868534,미래/이젠터/케이비,,,,,,미래:Φ6.35 T0.65 L73.0 | 미래:Φ6.35 T0.65 L75.0 | 미래:Φ6.35 T0.65 L73.0 | 미래:Φ6.35 T0.65 L73.0 | 미래:Φ6.35 T0.65 L73.0 | 이젠터:Φ6.35 T0.65 L75.0 | 케이비:Φ6.35 T0.65 L77.0
②시트간스펙충돌,MJU63650905,미래/케이비,,,,,,미래:Φ4.76 T0.65 L190.0 | 케이비:Φ4.76 T0.65 L196.0
②시트간스펙충돌,MJU64431904,미래/이젠터/중앙,,,,,,미래:Φ4.76 T0.65 L109.0 | 미래:Φ4.76 T0.65 L112.0 | 중앙:Φ4.76 T0.65 L112.0 | 이젠터:Φ4.76 T0.65 L109.0 | 이젠터:Φ4.76 T0.65 L109.0 | 이젠터:Φ4.76 T0.65 L109.0 | 이젠터:Φ4.76 T0.65 L109.0 | 이젠터:Φ4.76 T0.65 L109.0
②시트간스펙충돌,MJU64431905,미래/이젠터/중앙,,,,,,미래:Φ4.76 T0.65 L59.0 | 미래:Φ4.76 T0.65 L60.0 | 중앙:Φ4.76 T0.65 L60.0 | 이젠터:Φ4.76 T0.65 L60.0 | 이젠터:Φ4.76 T0.65 L60.0 | 이젠터:Φ4.76 T0.65 L59.0 | 이젠터:Φ4.76 T0.65 L60.0 | 이젠터:Φ4.76 T0.65 L60.0
②시트간스펙충돌,MJU62028301,미래/이젠터,,,,,,미래:Φ6.35 T0.65 L134.0 | 미래:Φ6.35 T0.65 L131.0 | 이젠터:Φ6.35 T0.65 L132.0
②시트간스펙충돌,MJU62028802,미래,,,,,,미래:Φ6.35 T0.65 L82.0 | 미래:Φ6.35 T0.65 L83.0
②시트간스펙충돌,MJU64856601,미래/이젠터/케이비,,,,,,미래:Φ6.35 T0.65 L292.0 | 미래:Φ6.35 T0.65 L296.0 | 이젠터:Φ6.35 T0.65 L297.0 | 케이비:Φ6.35 T0.65 L305.0
②시트간스펙충돌,MJU64856602,미래/이젠터/케이비,,,,,,미래:Φ6.35 T0.65 L292.0 | 미래:Φ6.35 T0.65 L172.0 | 이젠터:Φ6.35 T0.65 L297.0 | 케이비:Φ6.35 T0.65 L305.0
②시트간스펙충돌,MJU64856603,미래/이젠터/케이비,,,,,,미래:Φ6.35 T0.65 L169.0 | 미래:Φ6.35 T0.65 L172.0 | 이젠터:Φ6.35 T0.65 L174.0 | 케이비:Φ6.35 T0.65 L173.0
②시트간스펙충돌,MJU64856604,미래/이젠터/케이비,,,,,,미래:Φ6.35 T0.65 L169.0 | 미래:Φ6.35 T0.65 L296.0 | 이젠터:Φ6.35 T0.65 L174.0 | 케이비:Φ6.35 T0.65 L173.0
②시트간스펙충돌,MJU64856605,미래/이젠터/케이비,,,,,,미래:Φ6.35 T0.65 L295.0 | 미래:Φ6.35 T0.65 L296.0 | 이젠터:Φ6.35 T0.65 L300.0 | 케이비:Φ6.35 T0.65 L299.0
②시트간스펙충돌,MJU64856606,미래/이젠터/케이비,,,,,,미래:Φ6.35 T0.65 L295.0 | 미래:Φ12.7 T0.75 L298.0 | 이젠터:Φ6.35 T0.65 L300.0 | 케이비:Φ6.35 T0.65 L299.0
②시트간스펙충돌,MJU64064527,미래,,,,,,미래:Φ6.35 T0.65 L137.0 | 미래:Φ6.35 T0.65 L138.0
②시트간스펙충돌,MJU63548418,미래/이젠터,,,,,,미래:Φ4.76 T0.65 L302.0 | 이젠터:Φ4.76 T0.65 L300.0 | 이젠터:Φ4.76 T0.65 L300.0
②시트간스펙충돌,MJU63548419,미래/이젠터,,,,,,미래:Φ4.76 T0.65 L308.0 | 이젠터:Φ4.76 T0.65 L303.0 | 이젠터:Φ4.76 T0.65 L303.0
②시트간스펙충돌,MJU64047701,미래/이젠터,,,,,,미래:Φ6.35 T0.65 L194.0 | 미래:Φ6.35 T0.65 L206.0 | 이젠터:Φ6.35 T0.65 L204.0
②시트간스펙충돌,MJU64047801,미래/이젠터,,,,,,미래:Φ6.35 T0.65 L194.0 | 미래:Φ6.35 T0.65 L206.0 | 이젠터:Φ6.35 T0.65 L204.0
②시트간스펙충돌,MJU64047901,미래/이젠터,,,,,,미래:Φ6.35 T0.65 L125.0 | 미래:Φ6.35 T0.65 L132.0 | 이젠터:Φ6.35 T0.65 L130.0
②시트간스펙충돌,5210A29104A,미래/이젠터,,,,,,미래:Φ6.35 T0.65 L144.0 | 이젠터:Φ6.35 T0.65 L149.0
②시트간스펙충돌,5210A29103A,미래/이젠터,,,,,,미래:Φ6.35 T0.65 L161.0 | 이젠터:Φ6.35 T0.65 L168.0
②시트간스펙충돌,5210A29110A,미래/이젠터,,,,,,미래:Φ6.35 T0.65 L211.0 | 이젠터:Φ6.35 T0.65 L218.0
②시트간스펙충돌,MJU57152701,미래,,,,,,미래:Φ9.52 T0.65 L71.0 | 미래:Φ9.52 T0.65 L72.0
②시트간스펙충돌,MJU57152801,미래,,,,,,미래:Φ9.52 T0.65 L161.0 | 미래:Φ9.52 T0.65 L162.0
②시트간스펙충돌,MJU58941308,미래/썬텍/이젠터,,,,,,미래:Φ6.35 T0.65 L98.0 | 이젠터:Φ6.35 T0.65 L101.0 | 이젠터:Φ6.35 T0.65 L101.0 | 썬텍:Φ6.35 T0.65 L100.0 | 썬텍:Φ6.35 T0.65 L100.0 | 썬텍:Φ6.35 T0.65 L100.0 | 썬텍:Φ6.35 T0.55 L100.0
②시트간스펙충돌,MJU58941309,미래/썬텍/이젠터,,,,,,미래:Φ6.35 T0.65 L117.0 | 미래:Φ6.35 T0.65 L117.0 | 이젠터:Φ6.35 T0.65 L119.0 | 이젠터:Φ6.35 T0.65 L119.0 | 썬텍:Φ6.35 T0.65 L118.0 | 썬텍:Φ6.35 T0.65 L118.0 | 썬텍:Φ6.35 T0.65 L118.0 | 썬텍:Φ6.35 T0.55 L118.0
②시트간스펙충돌,MJU58941311,미래/썬텍/이젠터,,,,,,미래:Φ12.7 T0.75 L290.0 | 이젠터:Φ12.7 T0.75 L289.0 | 썬텍:Φ12.7 T0.75 L292.0 | 썬텍:Φ12.7 T0.75 L292.0 | 썬텍:Φ12.7 T0.75 L292.0 | 썬텍:Φ12.7 T0.6 L292.0
②시트간스펙충돌,MJU64927120,미래/중앙,,,,,,미래:Φ6.35 T0.65 L78.0 | 미래:Φ6.35 T0.65 L74.0 | 중앙:Φ6.35 T0.65 L78.0
②시트간스펙충돌,MJU64927208,미래/이젠터,,,,,,미래:Φ12.7 T0.75 L513.0 | 이젠터:Φ12.7 T0.75 L515.0
②시트간스펙충돌,MJU62732605,미래/중앙,,,,,,미래:Φ6.35 T0.7 L135.0 | 미래:Φ6.35 T0.7 L138.0 | 중앙:Φ6.35 T0.7 L137.0 | 중앙:Φ6.35 T0.65 L137.0 | 중앙:Φ6.35 T0.7 L135.0
②시트간스펙충돌,MJU64959102,미래/중앙,,,,,,미래:Φ9.52 T0.65 L153.0 | 미래:Φ9.52 T0.65 L153.0 | 미래:Φ9.52 T0.65 L153.0 | 중앙:Φ9.52 T0.65 L156.0
②시트간스펙충돌,MJU64959103,미래/중앙,,,,,,미래:Φ9.52 T0.65 L102.0 | 미래:Φ9.52 T0.65 L102.0 | 미래:Φ9.52 T0.65 L104.0 | 중앙:Φ9.52 T0.65 L104.0
②시트간스펙충돌,MJU64959104,미래/중앙,,,,,,미래:Φ9.52 T0.65 L176.0 | 미래:Φ9.52 T0.65 L176.0 | 미래:Φ9.52 T0.65 L179.0 | 중앙:Φ9.52 T0.65 L178.0
②시트간스펙충돌,MJU64706601,미래/이젠터/중앙,,,,,,미래:Φ12.7 T0.75 L65.0 | 중앙:Φ12.7 T0.75 L65.0 | 중앙:Φ12.7 T0.75 L65.0 | 중앙:Φ12.7 T0.75 L65.0 | 중앙:Φ12.7 T0.75 L65.0 | 중앙:Φ12.7 T0.75 L65.0 | 중앙:Φ12.7 T0.75 L65.0 | 이젠터:Φ12.7 T0.75 L67.0
②시트간스펙충돌,MJU64466501,미래,,,,,,미래:Φ9.52 T0.65 L42.0 | 미래:Φ9.52 T0.65 L43.0
②시트간스펙충돌,MJU65520102,미래,,,,,,미래:Φ6.35 T0.65 L186.0 | 미래:Φ6.35 T0.65 L187.0
②시트간스펙충돌,MJU66366801,미래/중앙,,,,,,미래:Φ15.88 T0.95 L455.0 | 미래:Φ15.88 T0.95 L455.0 | 중앙:Φ15.88 T0.95 L456.0
②시트간스펙충돌,MJU65587603,명진/미래,,,,,,미래:Φ4.76 T0.65 L133.0 | 명진:Φ4.76 T0.65 L132.0 | 명진:Φ4.76 T0.65 L132.0
②시트간스펙충돌,MJU62672406,미래/중앙,,,,,,미래:Φ6.35 T0.65 L68.0 | 중앙:Φ6.35 T0.65 L69.0
②시트간스펙충돌,MJU63001002,MTS/미래,,,,,,미래:Φ15.88 T0.95 L408.0 | 미래:Φ15.88 T0.95 L408.0 | 미래:Φ15.88 T0.95 L408.0 | 미래:Φ15.88 T0.95 L408.0 | 미래:Φ15.88 T0.95 L408.0 | 미래:Φ15.88 T0.95 L408.0 | 미래:Φ15.88 T0.95 L408.0 | 미래:Φ15.88 T0.95 L408.0 | 미래:Φ15.88 T0.95 L307.0 | 미래:Φ15.88 T0.95 L408.0 | 미래:Φ15.88 T0.95 L408.0 | MTS:Φ15.88 T0.95 L445.0 | MTS:Φ15.88 T0.95 L445.0 | MTS:Φ15.88 T0.95 L445.0 | MTS:Φ15.88 T0.95 L445.0 | MTS:Φ15.88 T0.95 L445.0 | MTS:Φ15.88 T0.95 L445.0 | MTS:Φ15.88 T0.95 L445.0 | MTS:Φ15.88 T0.95 L445.0 | MTS:Φ15.88 T0.95 L445.0 | MTS:Φ15.88 T0.95 L445.0
②시트간스펙충돌,MJU63470904,MTS/미래,,,,,,미래:Φ15.88 T0.95 L307.0 | 미래:Φ15.88 T0.95 L307.0 | 미래:Φ15.88 T0.95 L307.0 | MTS:Φ15.88 T0.95 L311.0 | MTS:Φ15.88 T0.95 L311.0
②시트간스펙충돌,MJU42805302,미래,,,,,,미래:Φ15.88 T0.95 L100.0 | 미래:Φ15.88 T0.95 L100.0 | 미래:Φ15.88 T0.95 L101.0 | 미래:Φ15.88 T0.95 L101.0
②시트간스펙충돌,MJU42813101,미래,,,,,,미래:Φ12.7 T0.75 L174.0 | 미래:Φ12.7 T0.75 L174.0 | 미래:Φ12.7 T0.75 L169.0 | 미래:Φ12.7 T0.75 L169.0
②시트간스펙충돌,MJU63650908,MTS/미래,,,,,,미래:Φ12.7 T0.75 L762.0 | MTS:Φ12.7 T0.75 L772.0
②시트간스펙충돌,MJU63650909,MTS/미래,,,,,,미래:Φ12.7 T0.75 L656.0 | MTS:Φ12.7 T0.75 L654.0
②시트간스펙충돌,MJU63001003,MTS/미래,,,,,,미래:Φ15.88 T0.95 L408.0 | 미래:Φ15.88 T0.95 L408.0 | 미래:Φ15.88 T0.95 L410.0 | MTS:Φ15.88 T0.95 L445.0 | MTS:Φ15.88 T0.95 L445.0 | MTS:Φ15.88 T0.95 L445.0
②시트간스펙충돌,MJU66478901,미래/이젠터,,,,,,미래:Φ9.52 T0.65 L115.0 | 이젠터:Φ9.52 T0.65 L118.0 | 이젠터:Φ9.52 T0.65 L118.0
②시트간스펙충돌,MJU64959112,미래,,,,,,미래:Φ9.52 T0.65 L171.0 | 미래:Φ9.52 T0.65 L170.0
②시트간스펙충돌,5210A31939A,명진/미래/이젠터/중앙,,,,,,미래:Φ6.35 T0.7 L143.0 | 미래:Φ6.35 T0.7 L144.0 | 중앙:Φ6.35 T0.65 L143.0 | 중앙:Φ6.35 T0.65 L143.0 | 중앙:Φ6.35 T0.65 L143.0 | 이젠터:Φ6.35 T0.7 L147.0 | 이젠터:Φ6.35 T0.7 L144.0 | 이젠터:Φ6.35 T0.7 L143.0 | 이젠터:Φ6.35 T0.7 L143.0 | 이젠터:Φ6.35 T0.7 L145.0 | 이젠터:Φ6.35 T0.7 L143.0 | 이젠터:Φ6.35 T0.7 L145.0 | 명진:Φ6.35 T0.65 L143.0
②시트간스펙충돌,MJU66366802,미래/중앙,,,,,,미래:Φ15.88 T0.95 L162.0 | 중앙:Φ15.88 T0.95 L100.0
②시트간스펙충돌,MJU64727001,미래/이젠터/중앙,,,,,,미래:Φ6.35 T0.65 L408.0 | 중앙:Φ6.35 T0.65 L410.0 | 이젠터:Φ6.35 T0.65 L410.0
②시트간스펙충돌,MJU63000101,미래/이젠터/중앙,,,,,,미래:Φ4.76 T0.65 L50.0 | 미래:Φ4.76 T0.65 L50.0 | 미래:Φ4.76 T0.65 L50.0 | 미래:Φ4.76 T0.65 L50.0 | 미래:Φ4.76 T0.65 L50.0 | 미래:Φ4.76 T0.65 L50.0 | 중앙:Φ4.76 T0.65 L49.0 | 중앙:Φ4.76 T0.65 L49.0 | 중앙:Φ4.76 T0.65 L49.0 | 중앙:Φ4.76 T0.65 L49.0 | 중앙:Φ4.76 T0.65 L49.0 | 중앙:Φ4.76 T0.65 L49.0 | 이젠터:Φ4.76 T0.65 L51.0
②시트간스펙충돌,MJU64727101,미래/이젠터/중앙,,,,,,미래:Φ6.35 T0.65 L470.0 | 중앙:Φ6.35 T0.65 L470.0 | 이젠터:Φ6.35 T0.65 L468.0
②시트간스펙충돌,MJU64727501,미래/이젠터/중앙,,,,,,미래:Φ4.76 T0.65 L383.0 | 중앙:Φ4.76 T0.65 L383.0 | 이젠터:Φ4.76 T0.65 L382.0
②시트간스펙충돌,MJU64727002,미래/중앙,,,,,,미래:Φ6.35 T0.65 L405.0 | 중앙:Φ6.35 T0.65 L410.0
②시트간스펙충돌,MJU64727102,미래/중앙,,,,,,미래:Φ6.35 T0.65 L465.0 | 중앙:Φ6.35 T0.65 L470.0
②시트간스펙충돌,MJU64727202,미래/중앙,,,,,,미래:Φ6.35 T0.65 L531.0 | 중앙:Φ6.35 T0.65 L535.0
②시트간스펙충돌,MJU47978303,미래/썬텍,,,,,,미래:Φ6.35 T0.65 L99.0 | 미래:Φ6.35 T0.65 L100.0 | 썬텍:Φ6.35 T0.65 L99.0 | 썬텍:Φ6.35 T0.65 L99.0
②시트간스펙충돌,MJU47978304,미래/썬텍,,,,,,미래:Φ7.94 T0.65 L235.0 | 미래:Φ7.94 T0.65 L231.0 | 썬텍:Φ7.94 T0.65 L232.0 | 썬텍:Φ7.94 T0.65 L232.0 | 썬텍:Φ7.94 T0.65 L235.0 | 썬텍:Φ7.94 T0.55 L235.0
②시트간스펙충돌,MJU47979202,미래/썬텍,,,,,,미래:Φ4.76 T0.65 L174.0 | 썬텍:Φ4.76 T0.65 L166.0 | 썬텍:Φ4.76 T0.65 L172.0 | 썬텍:Φ4.76 T0.65 L172.0
②시트간스펙충돌,MJU47979203,미래/썬텍,,,,,,미래:Φ4.76 T0.65 L145.0 | 썬텍:Φ4.76 T0.65 L127.0 | 썬텍:Φ4.76 T0.65 L135.0 | 썬텍:Φ4.76 T0.65 L135.0 | 썬텍:Φ4.76 T0.65 L135.0
②시트간스펙충돌,MJU64867625,미래,,,,,,미래:Φ7.94 T0.65 L953.0 | 미래:Φ7.94 T0.55 L953.0
②시트간스펙충돌,MJU64868549,미래/이젠터/케이비,,,,,,미래:Φ6.35 T0.65 L269.0 | 미래:Φ6.35 T0.65 L265.0 | 미래:Φ6.35 T0.65 L266.0 | 이젠터:Φ6.35 T0.65 L270.0 | 케이비:Φ6.35 T0.65 L272.0
②시트간스펙충돌,MJU64868550,미래/이젠터/케이비,,,,,,미래:Φ6.35 T0.65 L126.0 | 미래:Φ6.35 T0.65 L126.0 | 이젠터:Φ6.35 T0.65 L127.0 | 케이비:Φ6.35 T0.65 L129.0
②시트간스펙충돌,MJU64794101,미래/중앙,,,,,,미래:Φ6.35 T0.65 L131.0 | 중앙:Φ6.35 T0.65 L129.0
②시트간스펙충돌,MJU63711305,미래/케이비,,,,,,미래:Φ7.0 T0.65 L86.0 | 미래:Φ7.0 T0.65 L86.0 | 미래:Φ7.0 T0.65 L86.0 | 케이비:Φ7.0 T0.65 L90.0
②시트간스펙충돌,MJU64794201,명진/미래/이젠터,,,,,,미래:Φ6.35 T0.65 L176.0 | 미래:Φ6.35 T0.65 L176.0 | 이젠터:Φ9.52 T0.65 L177.0 | 명진:Φ6.35 T0.65 L173.0
②시트간스펙충돌,MJU64794202,명진/미래/이젠터,,,,,,미래:Φ6.35 T0.65 L159.0 | 미래:Φ6.35 T0.65 L178.0 | 이젠터:Φ9.52 T0.65 L164.0 | 명진:Φ6.35 T0.65 L162.0
②시트간스펙충돌,MJU64794302,명진/미래/이젠터,,,,,,미래:Φ9.52 T0.65 L169.0 | 미래:Φ9.52 T0.65 L165.0 | 이젠터:Φ9.52 T0.65 L167.0 | 명진:Φ9.52 T0.65 L167.0
②시트간스펙충돌,DISCHARGE,미래,,,,,,미래:Φ9.52 T0.65 L697.0 | 미래:Φ9.52 T0.65 L679.0 | 미래:Φ9.52 T0.65 L1191.0 | 미래:Φ9.52 T0.65 L1209.0 | 미래:Φ9.52 T0.65 L1049.0 | 미래:Φ9.52 T0.65 L982.0 | 미래:Φ9.52 T0.65 L615.0 | 미래:Φ9.52 T0.65 L93.0 | 미래:Φ9.52 T0.65 L910.0 | 미래:Φ9.52 T0.65 L492.0 | 미래:Φ9.52 T0.65 L686.0 | 미래:Φ9.52 T0.65 L534.0 | 미래:Φ9.52 T0.65 L690.0 | 미래:Φ9.52 T0.65 L863.0 | 미래:Φ9.52 T0.65 L483.0 | 미래:Φ9.52 T0.65 L957.0 | 미래:Φ9.52 T0.65 L510.0 | 미래:Φ9.52 T0.65 L873.0 | 미래:Φ9.52 T0.65 L473.0 | 미래:Φ9.52 T0.65 L735.0 | 미래:Φ9.52 T0.65 L620.0
②시트간스펙충돌,SUCTION,미래,,,,,,미래:Φ12.7 T0.75 L909.0 | 미래:Φ6.35 T0.65 L90.0 | 미래:Φ12.7 T0.75 L883.0 | 미래:Φ6.35 T0.65 L90.0 | 미래:Φ6.35 T0.65 L90.0 | 미래:Φ12.7 T0.75 L1143.0 | 미래:Φ6.35 T0.65 L90.0 | 미래:Φ6.35 T0.65 L90.0 | 미래:Φ12.7 T0.75 L1252.0 | 미래:Φ6.35 T0.65 L90.0 | 미래:Φ6.35 T0.65 L90.0 | 미래:Φ12.7 T0.75 L1249.0 | 미래:Φ6.35 T0.65 L90.0 | 미래:Φ6.35 T0.65 L90.0 | 미래:Φ12.7 T0.75 L1552.0 | 미래:Φ6.35 T0.65 L85.0 | 미래:Φ19.05 T0.95 L1382.0 | 미래:Φ19.05 T0.95 L1162.0 | 미래:Φ6.35 T0.65 L196.0 | 미래:Φ12.7 T0.75 L1232.0 | 미래:Φ6.35 T0.65 L92.0 | 미래:Φ12.7 T0.75 L1152.0 | 미래:Φ6.35 T0.65 L92.0 | 미래:Φ12.7 T0.75 L1150.0 | 미래:Φ6.35 T0.65 L92.0 | 미래:Φ12.7 T0.75 L1234.0 | 미래:Φ6.35 T0.65 L92.0 | 미래:Φ12.7 T0.75 L1198.0 | 미래:Φ6.35 T0.65 L92.0 | 미래:Φ12.7 T0.75 L1228.0 | 미래:Φ6.35 T0.65 L92.0 | 미래:Φ12.7 T0.75 L1237.0 | 미래:Φ6.35 T0.65 L92.0 | 미래:Φ9.52 T0.65 L916.0 | 미래:Φ6.35 T0.65 L90.0 | 미래:Φ9.52 T0.65 L916.0 | 미래:Φ6.35 T0.65 L90.0 | 미래:Φ9.52 T0.65 L907.0 | 미래:Φ6.35 T0.65 L90.0
②시트간스펙충돌,SUCTION-2,미래,,,,,,미래:Φ12.7 T0.75 L460.0 | 미래:Φ6.35 T0.65 L85.0
②시트간스펙충돌,DISCHARGE-PART1,미래,,,,,,미래:Φ12.7 T0.75 L932.0 | 미래:Φ12.7 T0.75 L773.0 | 미래:Φ22.22 T1.15 L287.0
②시트간스펙충돌,DISCHARGE-PART2,미래,,,,,,미래:Φ9.52 T0.65 L182.0 | 미래:Φ22.22 T1.15 L198.0
②시트간스펙충돌,CAPILLARY,미래,,,,,,미래:Φ6.35 T0.65 L460.0 | 미래:Φ6.35 T0.65 L753.0
②시트간스펙충돌,COND-OUT,미래,,,,,,미래:Φ9.52 T0.65 L439.0 | 미래:Φ7.94 T0.65 L46.0
②시트간스펙충돌,MJU64927301,미래/이젠터,,,,,,미래:Φ6.35 T0.65 L358.0 | 미래:Φ6.35 T0.65 L358.0 | 이젠터:Φ6.35 T0.65 L356.0
②시트간스펙충돌,MJU64927302,미래/이젠터,,,,,,미래:Φ6.35 T0.65 L358.0 | 미래:Φ6.35 T0.65 L358.0 | 이젠터:Φ6.35 T0.65 L356.0
②시트간스펙충돌,5210A22172P,미래/이젠터,,,,,,미래:Φ6.35 T0.65 L112.0 | 이젠터:Φ6.35 T0.65 L189.0 | 이젠터:Φ6.35 T0.65 L189.0
②시트간스펙충돌,MJU66773002,미래/중앙,,,,,,미래:Φ9.52 T0.65 L264.0 | 중앙:Φ9.52 T0.65 L265.0
②시트간스펙충돌,MJU62993705,미래/이젠터,,,,,,미래:Φ7.0 T0.65 L119.0 | 이젠터:Φ7.0 T0.65 L122.0 | 이젠터:Φ7.0 T0.65 L122.0 | 이젠터:Φ7.0 T0.65 L122.0 | 이젠터:Φ7.0 T0.65 L122.0
②시트간스펙충돌,MJU62993710,미래/이젠터,,,,,,미래:Φ7.0 T0.65 L153.0 | 이젠터:Φ7.0 T0.65 L155.0 | 이젠터:Φ7.0 T0.65 L155.0
②시트간스펙충돌,MJU62993711,미래/이젠터,,,,,,미래:Φ7.0 T0.65 L209.0 | 이젠터:Φ7.0 T0.65 L214.0 | 이젠터:Φ7.0 T0.65 L214.0
②시트간스펙충돌,MJU63208106,미래/썬텍,,,,,,미래:Φ7.0 T0.65 L108.0 | 썬텍:Φ7.0 T0.65 L109.0 | 썬텍:Φ7.0 T0.65 L109.0
②시트간스펙충돌,MJU66510401,미래/이젠터,,,,,,미래:Φ12.7 T0.75 L114.0 | 이젠터:Φ12.7 T0.75 L120.0 | 이젠터:Φ12.7 T0.75 L120.0
②시트간스펙충돌,MJU62842320,미래/이젠터,,,,,,미래:Φ7.0 T0.65 L137.0 | 이젠터:Φ7.0 T0.65 L138.0 | 이젠터:Φ7.0 T0.65 L138.0
②시트간스펙충돌,MJU62842321,미래/이젠터,,,,,,미래:Φ7.0 T0.65 L159.0 | 이젠터:Φ7.0 T0.65 L160.0 | 이젠터:Φ7.0 T0.65 L160.0
②시트간스펙충돌,MJU30588601,미래/케이비,,,,,,미래:Φ4.76 T0.65 L118.0 | 케이비:Φ4.76 T0.65 L117.0 | 케이비:Φ9.52 T0.65 L215.0
②시트간스펙충돌,MJU30588701,미래/케이비,,,,,,미래:Φ4.76 T0.65 L80.0 | 케이비:Φ4.76 T0.65 L76.0
②시트간스펙충돌,MJU30588801,미래/케이비,,,,,,미래:Φ4.76 T0.65 L108.0 | 케이비:Φ4.76 T0.65 L110.0
②시트간스펙충돌,MJU30588901,미래/케이비,,,,,,미래:Φ4.76 T0.65 L61.0 | 케이비:Φ4.76 T0.65 L57.0 | 케이비:Φ4.76 T0.65 L43.9
②시트간스펙충돌,MJU63037001,미래/케이비,,,,,,미래:Φ12.7 T0.75 L99.0 | 케이비:Φ12.7 T0.75 L102.0
②시트간스펙충돌,MJU62360601,미래/케이비,,,,,,미래:Φ4.76 T0.65 L398.0 | 케이비:Φ4.76 T0.65 L405.0
②시트간스펙충돌,MJU62393501,미래/케이비,,,,,,미래:Φ4.76 T0.65 L387.0 | 케이비:Φ4.76 T0.65 L390.0
②시트간스펙충돌,MJU62393601,미래/케이비,,,,,,미래:Φ4.76 T0.65 L391.0 | 케이비:Φ4.76 T0.65 L390.0
②시트간스펙충돌,MJU62490101,미래/케이비,,,,,,미래:Φ4.76 T0.65 L667.0 | 케이비:Φ4.76 T0.65 L666.0
②시트간스펙충돌,MJU62490201,미래/케이비,,,,,,미래:Φ4.76 T0.65 L681.0 | 케이비:Φ4.76 T0.65 L680.0
②시트간스펙충돌,MJU62490301,미래/케이비,,,,,,미래:Φ4.76 T0.65 L671.0 | 케이비:Φ4.76 T0.65 L670.0
②시트간스펙충돌,MJU62490401,미래/케이비,,,,,,미래:Φ4.76 T0.65 L673.0 | 케이비:Φ4.76 T0.65 L672.0
②시트간스펙충돌,MJU65886301,미래/이젠터,,,,,,미래:Φ15.88 T0.95 L453.0 | 이젠터:Φ15.88 T0.95 L460.0
②시트간스펙충돌,MJU62842317,미래/이젠터,,,,,,미래:Φ7.0 T0.65 L101.0 | 이젠터:Φ7.0 T0.65 L102.0
②시트간스펙충돌,MJU62842318,미래/이젠터,,,,,,미래:Φ7.0 T0.65 L141.0 | 이젠터:Φ7.0 T0.65 L142.0
②시트간스펙충돌,MJU62348705,미래/중앙,,,,,,미래:Φ6.35 T0.65 L211.0 | 미래:Φ6.35 T0.65 L211.0 | 중앙:Φ6.35 T0.65 L177.0 | 중앙:Φ6.35 T0.65 L177.0
②시트간스펙충돌,MJU62348706,미래/중앙,,,,,,미래:Φ6.35 T0.65 L181.0 | 미래:Φ6.35 T0.65 L181.0 | 중앙:Φ6.35 T0.65 L205.0 | 중앙:Φ6.35 T0.65 L205.0
②시트간스펙충돌,MJU62348707,미래/이젠터,,,,,,미래:Φ6.35 T0.65 L210.0 | 이젠터:Φ6.35 T0.65 L204.0 | 이젠터:Φ6.35 T0.65 L204.0 | 이젠터:Φ6.35 T0.65 L204.0
②시트간스펙충돌,MJU62348708,미래/이젠터,,,,,,미래:Φ6.35 T0.65 L181.0 | 이젠터:Φ6.35 T0.65 L179.0 | 이젠터:Φ6.35 T0.65 L179.0 | 이젠터:Φ6.35 T0.65 L179.0
②시트간스펙충돌,MJU60436202,미래/이젠터,,,,,,미래:Φ12.7 T0.75 L183.0 | 이젠터:Φ12.7 T0.75 L185.0 | 이젠터:Φ12.7 T0.75 L188.0
②시트간스펙충돌,MJU64712201,미래,,,,,,미래:Φ6.35 T0.65 L257.0 | 미래:Φ6.35 T0.65 L257.0 | 미래:Φ6.35 T0.65 L257.0 | 미래:Φ6.35 T0.65 L257.0 | 미래:Φ6.35 T0.65 L257.0 | 미래:Φ6.35 T0.65 L257.0 | 미래:Φ9.52 T0.65 L257.0 | 미래:Φ9.52 T0.65 L257.0
②시트간스펙충돌,MJU64890920,MTS/미래,,,,,,미래:Φ9.52 T0.65 L77.0 | MTS:Φ9.52 T0.65 L78.0
②시트간스펙충돌,MJU47146601,미래/이젠터/케이비,,,,,,미래:Φ7.0 T0.65 L82.0 | 미래:Φ7.0 T0.65 L82.0 | 미래:Φ7.0 T0.65 L82.0 | 이젠터:Φ7.0 T0.65 L82.0 | 이젠터:Φ7.0 T0.65 L84.0 | 케이비:Φ7.0 T0.65 L82.0 | 케이비:Φ7.0 T0.65 L81.0
②시트간스펙충돌,MJU47146602,미래/이젠터/케이비,,,,,,미래:Φ7.0 T0.65 L85.0 | 미래:Φ7.0 T0.65 L85.0 | 미래:Φ7.0 T0.65 L85.0 | 이젠터:Φ7.0 T0.65 L90.0 | 이젠터:Φ7.0 T0.65 L96.0 | 케이비:Φ7.0 T0.65 L97.0 | 케이비:Φ7.0 T0.65 L97.0
②시트간스펙충돌,MJU47146603,미래/이젠터/케이비,,,,,,미래:Φ7.0 T0.65 L85.0 | 미래:Φ7.0 T0.65 L85.0 | 미래:Φ7.0 T0.65 L85.0 | 이젠터:Φ7.0 T0.65 L90.0 | 이젠터:Φ7.0 T0.65 L96.0 | 케이비:Φ7.0 T0.65 L97.0
②시트간스펙충돌,5210A30334L,미래/이젠터/중앙,,,,,,미래:Φ6.35 T0.65 L112.0 | 중앙:Φ6.35 T0.65 L112.0 | 이젠터:Φ6.35 T0.65 L114.0
②시트간스펙충돌,MJU65486405,미래,,,,,,미래:Φ12.7 T0.75 L95.0 | 미래:Φ12.7 T0.75 L95.0 | 미래:Φ9.52 T0.65 L154.0 | 미래:Φ9.52 T0.65 L154.0
②시트간스펙충돌,MJU65517901,미래,,,,,,미래:Φ9.52 T0.65 L103.0 | 미래:Φ9.52 T0.65 L103.0 | 미래:Φ9.52 T0.65 L103.0 | 미래:Φ9.52 T0.65 L100.0 | 미래:Φ9.52 T0.65 L103.0
②시트간스펙충돌,MJU65517902,미래,,,,,,미래:Φ9.52 T0.65 L121.0 | 미래:Φ9.52 T0.65 L121.0 | 미래:Φ9.52 T0.65 L121.0 | 미래:Φ9.52 T0.65 L118.0 | 미래:Φ9.52 T0.65 L121.0
②시트간스펙충돌,MJU65517903,미래,,,,,,미래:Φ9.52 T0.65 L511.0 | 미래:Φ9.52 T0.65 L511.0 | 미래:Φ9.52 T0.65 L511.0 | 미래:Φ9.52 T0.65 L510.0 | 미래:Φ9.52 T0.65 L511.0
②시트간스펙충돌,MJU65517904,미래,,,,,,미래:Φ9.52 T0.65 L223.0 | 미래:Φ9.52 T0.65 L223.0 | 미래:Φ9.52 T0.65 L223.0 | 미래:Φ9.52 T0.65 L218.0 | 미래:Φ9.52 T0.65 L223.0
②시트간스펙충돌,MJU65517905,미래,,,,,,미래:Φ9.52 T0.65 L255.0 | 미래:Φ9.52 T0.65 L255.0 | 미래:Φ9.52 T0.65 L255.0 | 미래:Φ9.52 T0.65 L253.0 | 미래:Φ9.52 T0.65 L255.0
②시트간스펙충돌,MJU65517906,미래,,,,,,미래:Φ9.52 T0.65 L447.0 | 미래:Φ9.52 T0.65 L447.0 | 미래:Φ9.52 T0.65 L447.0 | 미래:Φ9.52 T0.65 L443.0 | 미래:Φ9.52 T0.65 L447.0
②시트간스펙충돌,AJR76166401-9-1,미래,,,,,,미래:Φ9.52 T0.65 L416.0 | 미래:Φ9.52 T0.65 L414.0
②시트간스펙충돌,MJU65517908,미래,,,,,,미래:Φ9.52 T0.65 L239.0 | 미래:Φ9.52 T0.65 L239.0 | 미래:Φ9.52 T0.65 L239.0 | 미래:Φ9.52 T0.65 L235.0 | 미래:Φ9.52 T0.65 L239.0
②시트간스펙충돌,MJU65517909,미래,,,,,,미래:Φ9.52 T0.65 L158.0 | 미래:Φ9.52 T0.65 L158.0 | 미래:Φ9.52 T0.65 L158.0 | 미래:Φ9.52 T0.65 L154.0 | 미래:Φ9.52 T0.65 L158.0
②시트간스펙충돌,AJR76166401-9-2,미래,,,,,,미래:Φ9.52 T0.65 L249.0 | 미래:Φ9.52 T0.65 L246.0
②시트간스펙충돌,MJU65517911,미래,,,,,,미래:Φ9.52 T0.65 L192.0 | 미래:Φ9.52 T0.65 L192.0 | 미래:Φ9.52 T0.65 L192.0 | 미래:Φ9.52 T0.65 L185.0 | 미래:Φ9.52 T0.65 L192.0
②시트간스펙충돌,MJU65517912,미래,,,,,,미래:Φ9.52 T0.65 L179.0 | 미래:Φ9.52 T0.65 L179.0 | 미래:Φ9.52 T0.65 L179.0 | 미래:Φ9.52 T0.65 L174.0 | 미래:Φ9.52 T0.65 L179.0
②시트간스펙충돌,MJU65517913,미래,,,,,,미래:Φ9.52 T0.65 L199.0 | 미래:Φ9.52 T0.65 L199.0 | 미래:Φ9.52 T0.65 L199.0 | 미래:Φ9.52 T0.65 L195.0 | 미래:Φ9.52 T0.65 L199.0
②시트간스펙충돌,MJU65868012,미래/중앙,,,,,,미래:Φ9.52 T0.65 L200.0 | 미래:Φ9.52 T0.65 L199.0 | 중앙:Φ9.52 T0.65 L198.0
②시트간스펙충돌,MJU63406920,미래/중앙,,,,,,미래:Φ9.52 T0.65 L210.0 | 중앙:Φ9.52 T0.65 L208.0
②시트간스펙충돌,MJU64868528,미래/이젠터/중앙,,,,,,미래:Φ12.7 T0.75 L241.0 | 중앙:Φ12.7 T0.75 L240.0 | 이젠터:Φ12.7 T0.75 L240.0 | 이젠터:Φ12.7 T0.75 L240.0
②시트간스펙충돌,MJU66573301,미래,,,,,,미래:Φ9.52 T0.65 L112.0 | 미래:Φ9.52 T0.65 L112.0 | 미래:Φ15.88 T0.95 L134.0
②시트간스펙충돌,MJU66573001,미래,,,,,,미래:Φ6.35 T0.65 L277.0 | 미래:Φ6.35 T0.65 L278.0
②시트간스펙충돌,MJU66779304,미래/이젠터,,,,,,미래:Φ9.52 T0.65 L95.0 | 이젠터:Φ9.52 T0.65 L94.0 | 이젠터:Φ9.52 T0.65 L94.0
②시트간스펙충돌,MJU66889201,미래,,,,,,미래:Φ15.88 T0.95 L101.0 | 미래:Φ15.88 T0.95 L102.0
②시트간스펙충돌,MJU66792201,미래/이젠터,,,,,,미래:Φ9.52 T0.65 L365.0 | 이젠터:Φ9.52 T0.65 L366.0
②시트간스펙충돌,MJU66792301,미래/이젠터,,,,,,미래:Φ12.7 T0.75 L388.0 | 이젠터:Φ12.7 T0.75 L386.0
②시트간스펙충돌,MJU66792304,미래/이젠터,,,,,,미래:Φ12.7 T0.75 L95.0 | 이젠터:Φ12.7 T0.75 L96.0
②시트간스펙충돌,MJU66792302,미래/이젠터,,,,,,미래:Φ12.7 T0.75 L210.0 | 이젠터:Φ12.7 T0.75 L212.0
②시트간스펙충돌,MJU66792303,미래/이젠터,,,,,,미래:Φ12.7 T0.75 L155.0 | 이젠터:Φ12.7 T0.75 L157.0
②시트간스펙충돌,MJU66566901,MTS/미래,,,,,,미래:Φ15.88 T0.95 L431.0 | 미래:Φ15.88 T0.95 L431.0 | MTS:Φ15.88 T0.95 L426.0
②시트간스펙충돌,MJU66566802,미래/케이비,,,,,,미래:Φ12.7 T0.75 L471.0 | 케이비:Φ12.7 T0.75 L474.0
②시트간스펙충돌,MJU66566803,미래/케이비,,,,,,미래:Φ12.7 T0.75 L600.0 | 케이비:Φ12.7 T0.75 L606.0
②시트간스펙충돌,MJU66566911,미래/케이비,,,,,,미래:Φ15.88 T0.95 L257.0 | 케이비:Φ15.88 T0.95 L249.6
②시트간스펙충돌,MJU66779316,미래/케이비,,,,,,미래:Φ9.52 T0.65 L42.0 | 케이비:Φ9.52 T1.45 L42.0
②시트간스펙충돌,4H00901J,미래/중앙,,,,,,미래:Φ6.35 T0.65 L174.0 | 중앙:Φ6.35 T0.65 L176.0
②시트간스펙충돌,MJU64988301,MTS/미래,,,,,,미래:Φ15.88 T0.95 L433.0 | 미래:Φ15.88 T0.95 L433.0 | MTS:Φ15.88 T0.95 L425.0
②시트간스펙충돌,MJU66902601,미래,,,,,,미래:Φ15.88 T0.95 L415.0 | 미래:Φ15.88 T0.95 L420.0
②시트간스펙충돌,MJU41491201,미래/이젠터,,,,,,미래:Φ15.88 T0.95 L73.0 | 이젠터:Φ15.88 T0.95 L78.0 | 이젠터:Φ15.88 T0.95 L78.0 | 이젠터:Φ15.88 T0.95 L78.0 | 이젠터:Φ15.88 T0.95 L78.0 | 이젠터:Φ15.88 T0.95 L78.0
②시트간스펙충돌,MJU55250504,미래,,,,,,미래:Φ9.52 T0.65 L360.0 | 미래:Φ9.52 T0.65 L365.0
②시트간스펙충돌,MJU55250505,미래,,,,,,미래:Φ12.7 T0.75 L436.0 | 미래:Φ9.52 T0.65 L448.0 | 미래:Φ12.7 T0.75 L448.0
②시트간스펙충돌,MJU64086301,미래,,,,,,미래:Φ12.7 T0.75 L583.0 | 미래:Φ12.7 T0.75 L580.0
②시트간스펙충돌,MJU64086401,미래,,,,,,미래:Φ12.7 T0.75 L263.0 | 미래:Φ12.7 T0.75 L270.0
②시트간스펙충돌,MJU64086601,미래,,,,,,미래:Φ12.7 T0.75 L224.0 | 미래:Φ12.7 T0.75 L221.0
②시트간스펙충돌,MJU65868001,MTS/미래,,,,,,미래:Φ9.52 T0.65 L139.0 | MTS:Φ15.88 T0.95 L522.0
②시트간스펙충돌,MJU66479901,미래/썬텍/케이비,,,,,,미래:Φ15.88 T0.95 L245.0 | 케이비:Φ15.88 T0.95 L252.0 | 썬텍:Φ15.88 T0.95 L248.0
②시트간스펙충돌,MJU66479801,미래/썬텍/케이비,,,,,,미래:Φ15.88 T0.95 L328.0 | 케이비:Φ15.88 T0.95 L334.0 | 썬텍:Φ15.88 T0.95 L330.0 | 썬텍:Φ15.88 T0.95 L330.0
②시트간스펙충돌,MJU66479802,미래/썬텍,,,,,,미래:Φ15.88 T0.95 L364.0 | 썬텍:Φ15.88 T0.95 L366.0 | 썬텍:Φ15.88 T0.95 L362.0
②시트간스펙충돌,MJU66478801,미래/이젠터,,,,,,미래:Φ12.7 T0.75 L204.0 | 이젠터:Φ12.7 T0.75 L206.0 | 이젠터:Φ12.7 T0.75 L206.0
②시트간스펙충돌,MJU66894825,미래/이젠터,,,,,,미래:Φ9.52 T0.65 L66.0 | 미래:Φ9.52 T0.65 L69.0 | 미래:Φ9.52 T0.65 L66.0 | 이젠터:Φ9.52 T0.65 L71.0 | 이젠터:Φ9.52 T0.65 L71.0
②시트간스펙충돌,MJU66894824,미래/이젠터,,,,,,미래:Φ9.52 T0.65 L64.0 | 미래:Φ9.52 T0.65 L64.0 | 미래:Φ9.52 T0.65 L64.0 | 이젠터:Φ9.52 T0.65 L67.0 | 이젠터:Φ9.52 T0.65 L67.0
②시트간스펙충돌,MJU66913801,미래/이젠터/케이비,,,,,,미래:Φ6.35 T0.65 L60.0 | 이젠터:Φ6.35 T0.65 L61.0 | 케이비:Φ6.35 T0.65 L59.0 | 케이비:Φ6.35 T0.65 L60.0 | 케이비:Φ6.35 T0.65 L63.0
②시트간스펙충돌,T-C01834715,미래,,,,,,미래:Φ7.0 T0.65 L180.0 | 미래:Φ12.7 T0.75 L249.0
②시트간스펙충돌,MJU41254401,미래/중앙,,,,,,미래:Φ7.0 T0.65 L172.0 | 중앙:Φ6.35 T0.65 L170.0
②시트간스펙충돌,MJU41254402,미래/중앙,,,,,,미래:Φ7.0 T0.65 L151.0 | 중앙:Φ6.35 T0.65 L150.0
②시트간스펙충돌,MJU41254403,미래/중앙,,,,,,미래:Φ7.0 T0.65 L181.0 | 중앙:Φ6.35 T0.65 L176.0
②시트간스펙충돌,MJU41254404,미래/중앙,,,,,,미래:Φ7.0 T0.65 L155.0 | 중앙:Φ6.35 T0.65 L155.0
②시트간스펙충돌,MJU62811801,미래/이젠터,,,,,,미래:Φ12.7 T0.75 L215.0 | 이젠터:Φ12.7 T0.75 L437.0 | 이젠터:Φ12.7 T0.75 L437.0 | 이젠터:Φ12.7 T0.75 L437.0 | 이젠터:Φ12.7 T0.75 L437.0
②시트간스펙충돌,MJU62915001,미래/이젠터,,,,,,미래:Φ15.88 T0.95 L64.0 | 이젠터:Φ15.88 T0.95 L65.0 | 이젠터:Φ15.88 T0.95 L65.0 | 이젠터:Φ15.88 T0.95 L65.0 | 이젠터:Φ15.88 T0.95 L65.0
②시트간스펙충돌,MJU62915002,미래/이젠터,,,,,,미래:Φ15.88 T0.95 L172.0 | 이젠터:Φ15.88 T0.95 L168.0 | 이젠터:Φ15.88 T0.95 L168.0 | 이젠터:Φ15.88 T0.95 L168.0
②시트간스펙충돌,MJU66967701,미래,,,,,,미래:Φ9.52 T0.65 L130.0 | 미래:Φ9.52 T0.65 L130.0 | 미래:Φ9.52 T0.65 L132.0
②시트간스펙충돌,MJU66965201,미래,,,,,,미래:Φ9.52 T0.65 L519.0 | 미래:Φ9.52 T0.65 L519.0 | 미래:Φ9.52 T0.65 L521.0
②시트간스펙충돌,MJU66964701,미래,,,,,,미래:Φ9.52 T0.65 L423.0 | 미래:Φ9.52 T0.65 L423.0 | 미래:Φ9.52 T0.65 L423.0 | 미래:Φ9.52 T0.65 L425.0
②시트간스펙충돌,MJU65486429,미래/이젠터,,,,,,미래:Φ9.52 T0.65 L154.0 | 미래:Φ9.52 T0.65 L156.0 | 미래:Φ9.52 T0.65 L156.0 | 이젠터:Φ9.52 T0.65 L158.0
②시트간스펙충돌,MJU65486430,미래,,,,,,미래:Φ9.52 T0.65 L66.0 | 미래:Φ9.52 T0.65 L68.0 | 미래:Φ9.52 T0.65 L66.0 | 미래:Φ9.52 T0.65 L66.0
②시트간스펙충돌,MJU66959201,미래/이젠터,,,,,,미래:Φ12.7 T0.75 L230.0 | 미래:Φ12.7 T0.75 L231.0 | 이젠터:Φ12.7 T0.75 L232.0
②시트간스펙충돌,MJU66959202,미래,,,,,,미래:Φ12.7 T0.75 L233.0 | 미래:Φ12.7 T0.75 L235.0 | 미래:Φ12.7 T0.75 L235.0
②시트간스펙충돌,MJU66959604,미래/이젠터,,,,,,미래:Φ9.52 T0.65 L195.0 | 미래:Φ9.52 T0.65 L201.0 | 미래:Φ9.52 T0.65 L195.0 | 이젠터:Φ9.52 T0.65 L203.0
②시트간스펙충돌,MJU66961001,미래,,,,,,미래:Φ6.35 T0.65 L312.0 | 미래:Φ6.35 T0.65 L312.0 | 미래:Φ6.35 T0.65 L314.0
②시트간스펙충돌,MJU66928303,미래/이젠터,,,,,,미래:Φ12.7 T0.75 L498.0 | 미래:Φ12.7 T0.75 L498.0 | 이젠터:Φ12.7 T0.75 L500.0
②시트간스펙충돌,MJU66928305,미래/이젠터,,,,,,미래:Φ12.7 T0.75 L279.0 | 미래:Φ12.7 T0.75 L279.0 | 이젠터:Φ12.7 T0.75 L283.0
②시트간스펙충돌,MJU66928307,미래/이젠터,,,,,,미래:Φ12.7 T0.75 L251.0 | 이젠터:Φ12.7 T0.75 L253.0
②시트간스펙충돌,MJU66899501,미래/케이비,,,,,,미래:Φ5.0 T0.65 L248.0 | 케이비:Φ5.0 T0.65 L255.0
②시트간스펙충돌,MJU66900101,미래/케이비,,,,,,미래:Φ5.0 T0.65 L244.0 | 케이비:Φ5.0 T0.65 L240.0
②시트간스펙충돌,MJU41625901,미래/중앙,,,,,,미래:Φ6.35 T0.65 L117.0 | 중앙:Φ6.35 T0.65 L116.0 | 중앙:Φ6.35 T0.65 L116.0
②시트간스펙충돌,MJU41625903,미래/중앙,,,,,,미래:Φ6.35 T0.65 L142.0 | 중앙:Φ6.35 T0.65 L135.0
②시트간스펙충돌,MJU41625904,미래/중앙,,,,,,미래:Φ6.35 T0.65 L159.0 | 중앙:Φ6.35 T0.65 L152.0
②시트간스펙충돌,MJU61884401,미래/중앙,,,,,,미래:Φ6.35 T0.65 L177.0 | 중앙:Φ6.35 T0.65 L171.0
②시트간스펙충돌,MJU61884402,미래/중앙,,,,,,미래:Φ6.35 T0.65 L216.0 | 중앙:Φ6.35 T0.65 L210.0
②시트간스펙충돌,MJU66958504,미래/이젠터,,,,,,미래:Φ12.7 T0.75 L482.0 | 미래:Φ12.7 T0.75 L482.0 | 이젠터:Φ12.7 T0.75 L482.0 | 이젠터:Φ12.7 T0.75 L478.0
②시트간스펙충돌,MJU66958507,미래/이젠터,,,,,,미래:Φ12.7 T0.75 L243.0 | 미래:Φ12.7 T0.75 L243.0 | 이젠터:Φ12.7 T0.75 L245.0 | 이젠터:Φ12.7 T0.75 L243.0
②시트간스펙충돌,MJU41495901,미래/이젠터,,,,,,미래:Φ15.88 T0.95 L72.0 | 이젠터:Φ15.88 T0.95 L74.0
②시트간스펙충돌,MJU41496102,미래/이젠터,,,,,,미래:Φ15.88 T0.95 L74.0 | 이젠터:Φ15.88 T0.95 L76.0
②시트간스펙충돌,MJU66958506,미래/이젠터,,,,,,미래:Φ12.7 T0.75 L291.0 | 이젠터:Φ12.7 T0.75 L293.0 | 이젠터:Φ12.7 T0.75 L293.0
②시트간스펙충돌,MJU61722101,미래/케이비,,,,,,미래:Φ4.76 T0.65 L100.0 | 케이비:Φ4.76 T0.65 L102.0
②시트간스펙충돌,MJU61380501,미래/케이비,,,,,,미래:Φ4.76 T0.65 L953.0 | 케이비:Φ4.76 T0.65 L955.0
②시트간스펙충돌,MJU61380201,미래/케이비,,,,,,미래:Φ4.76 T0.65 L743.0 | 케이비:Φ4.76 T0.65 L744.0
②시트간스펙충돌,MJU61382801,미래/케이비,,,,,,미래:Φ4.76 T0.65 L1103.0 | 케이비:Φ4.76 T0.65 L1115.0
②시트간스펙충돌,MJU61382901,미래/케이비,,,,,,미래:Φ4.76 T0.65 L1363.0 | 케이비:Φ4.76 T0.65 L1365.0
②시트간스펙충돌,MJU63125203,미래/케이비,,,,,,미래:Φ12.7 T0.75 L134.0 | 케이비:Φ12.7 T0.75 L135.0
②시트간스펙충돌,MJU47978305,미래/썬텍,,,,,,미래:Φ6.35 T0.65 L154.0 | 썬텍:Φ6.35 T0.65 L155.0 | 썬텍:Φ6.35 T0.55 L155.0
②시트간스펙충돌,5210A22950A,미래/이젠터,,,,,,미래:Φ6.35 T0.65 L171.0 | 이젠터:Φ6.35 T0.7 L173.0
②시트간스펙충돌,MJU66954303,미래/케이비,,,,,,미래:Φ7.94 T0.65 L119.0 | 케이비:Φ7.94 T0.65 L99.0
②시트간스펙충돌,MJU66954610,미래/이젠터,,,,,,미래:Φ6.35 T0.65 L167.0 | 이젠터:Φ6.35 T0.65 L169.0
②시트간스펙충돌,MJU66929501,미래/이젠터,,,,,,미래:Φ12.7 T0.6 L290.0 | 이젠터:Φ12.7 T0.6 L289.0 | 이젠터:Φ12.7 T0.6 L289.0
②시트간스펙충돌,MJU66929502,미래/이젠터,,,,,,미래:Φ6.35 T0.55 L100.0 | 이젠터:Φ6.35 T0.55 L101.0
②시트간스펙충돌,MJU66929503,미래/이젠터,,,,,,미래:Φ6.35 T0.55 L117.0 | 이젠터:Φ6.35 T0.55 L119.0
②시트간스펙충돌,MJU64959137,미래,,,,,,미래:Φ9.52 T0.55 L170.0 | 미래:Φ9.52 T0.55 L171.0
②시트간스펙충돌,MJU64959134,미래,,,,,,미래:Φ9.52 T0.55 L170.0 | 미래:Φ9.52 T0.55 L171.0
②시트간스펙충돌,MJU63691214,미래,,,,,,미래:Φ6.35 T0.55 L160.0 | 미래:Φ6.35 T0.55 L162.0
②시트간스펙충돌,MJU64868529,미래/이젠터,,,,,,미래:Φ12.7 T0.75 L1050.0 | 미래:Φ12.7 T0.75 L1050.0 | 이젠터:Φ12.7 T0.75 L1057.0
②시트간스펙충돌,MJU64868527,미래/이젠터/중앙,,,,,,미래:Φ6.35 T0.65 L95.0 | 미래:Φ6.35 T0.65 L95.0 | 중앙:Φ6.35 T0.65 L93.0 | 이젠터:Φ6.35 T0.65 L99.0 | 이젠터:Φ6.35 T0.65 L99.0 | 이젠터:Φ6.35 T0.65 L99.0 | 이젠터:Φ6.35 T0.65 L99.0
②시트간스펙충돌,MJU63669615,미래/중앙,,,,,,미래:Φ6.35 T0.55 L60.0 | 미래:Φ6.35 T0.55 L60.0 | 중앙:Φ6.35 T0.55 L61.0
②시트간스펙충돌,MJU63669531,미래/중앙,,,,,,미래:Φ6.35 T0.55 L95.0 | 미래:Φ6.35 T0.55 L95.0 | 중앙:Φ6.35 T0.55 L96.0
②시트간스펙충돌,MJU64856613,미래/이젠터,,,,,,미래:Φ9.52 T0.65 L193.0 | 이젠터:Φ9.52 T0.65 L196.0
②시트간스펙충돌,MJU63429401,미래/케이비,,,,,,미래:Φ7.0 T0.65 L115.0 | 케이비:Φ7.0 T0.65 L113.0
②시트간스펙충돌,MJU63429403,미래/케이비,,,,,,미래:Φ7.0 T0.65 L92.0 | 케이비:Φ7.0 T0.65 L93.0
②시트간스펙충돌,MJU64930003,미래/케이비,,,,,,미래:Φ9.52 T0.65 L635.0 | 케이비:Φ9.52 T0.65 L632.0
②시트간스펙충돌,MJU66902803,미래/케이비,,,,,,미래:Φ6.35 T0.65 L650.0 | 케이비:Φ6.35 T0.65 L511.0 | 케이비:Φ6.35 T0.65 L650.0
②시트간스펙충돌,MJU62770402,미래/중앙,,,,,,미래:Φ12.7 T0.75 L141.0 | 중앙:Φ12.7 T0.75 L138.0
②시트간스펙충돌,MJU42937801,중앙,,,,,,중앙:Φ9.52 T0.65 L50.0 | 중앙:Φ9.52 T0.65 L53.0 | 중앙:Φ9.52 T0.65 L53.0 | 중앙:Φ9.52 T0.65 L50.0
②시트간스펙충돌,MJU62078701,명진/중앙,,,,,,중앙:Φ4.76 T0.65 L266.0 | 중앙:Φ4.76 T0.65 L266.0 | 명진:Φ4.76 T0.65 L269.0
②시트간스펙충돌,MJU62078802,명진/중앙,,,,,,중앙:Φ4.76 T0.65 L262.0 | 명진:Φ4.76 T0.65 L265.0
②시트간스펙충돌,5210A22520B,MTS/이젠터/중앙/케이비,,,,,,중앙:Φ6.35 T0.9 L67.0 | 중앙:Φ6.35 T0.9 L67.0 | 중앙:Φ6.35 T0.9 L67.0 | 중앙:Φ6.35 T0.9 L67.0 | 중앙:Φ6.35 T0.9 L67.0 | 중앙:Φ6.35 T0.9 L67.0 | 이젠터:Φ6.35 T0.65 L65.0 | 케이비:Φ6.35 T0.9 L70.0 | MTS:Φ6.35 T0.9 L72.0
②시트간스펙충돌,MJU62972201,중앙,,,,,,중앙:Φ6.35 T0.65 L90.0 | 중앙:Φ6.35 T0.65 L95.0
②시트간스펙충돌,MJU62972301,중앙,,,,,,중앙:Φ6.35 T0.65 L85.0 | 중앙:Φ6.35 T0.65 L111.0
②시트간스펙충돌,MJU60436406,중앙/케이비,,,,,,중앙:Φ12.7 T0.75 L113.0 | 케이비:Φ12.7 T0.75 L118.0 | 케이비:Φ12.7 T0.75 L113.0 | 케이비:Φ12.7 T0.75 L115.0
②시트간스펙충돌,MJU63308305,중앙,,,,,,중앙:Φ6.35 T0.65 L185.0 | 중앙:Φ6.35 T0.65 L227.0
②시트간스펙충돌,MJU36542611,중앙,,,,,,중앙:Φ4.76 T0.65 L300.0 | 중앙:Φ4.76 T0.65 L327.0
②시트간스펙충돌,MJU36542612,명진/중앙,,,,,,중앙:Φ4.76 T0.65 L327.0 | 중앙:Φ4.76 T0.65 L300.0 | 명진:Φ4.76 T0.65 L331.0
②시트간스펙충돌,5210A30536F,이젠터/중앙,,,,,,중앙:Φ6.35 T0.65 L271.0 | 이젠터:Φ6.35 T0.65 L273.0 | 이젠터:Φ6.35 T0.65 L273.0
②시트간스펙충돌,5210A30536G,이젠터/중앙,,,,,,중앙:Φ6.35 T0.65 L277.0 | 이젠터:Φ6.35 T0.65 L279.0 | 이젠터:Φ6.35 T0.65 L279.0
②시트간스펙충돌,5210A30536H,이젠터/중앙,,,,,,중앙:Φ6.35 T0.65 L451.0 | 이젠터:Φ6.35 T0.65 L449.0 | 이젠터:Φ6.35 T0.65 L449.0
②시트간스펙충돌,MJU63037903,MTS/중앙,,,,,,중앙:Φ7.94 T0.65 L166.0 | 중앙:Φ7.94 T0.65 L166.0 | 중앙:Φ7.94 T0.65 L166.0 | MTS:Φ7.94 T0.65 L174.0
②시트간스펙충돌,MJU42064507,중앙,,,,,,중앙:Φ6.35 T0.65 L282.0 | 중앙:Φ6.35 T0.65 L283.0
②시트간스펙충돌,MJU42064509,중앙,,,,,,중앙:Φ6.35 T0.65 L197.0 | 중앙:Φ6.35 T0.65 L199.0
②시트간스펙충돌,MJU42132502,중앙,,,,,,중앙:Φ4.76 T0.65 L94.0 | 중앙:Φ4.76 T0.65 L96.0 | 중앙:Φ4.76 T0.65 L96.0
②시트간스펙충돌,MJU42132503,중앙,,,,,,중앙:Φ4.76 T0.65 L89.0 | 중앙:Φ4.76 T0.65 L87.0 | 중앙:Φ4.76 T0.65 L87.0
②시트간스펙충돌,MJU64049101,이젠터/중앙,,,,,,중앙:Φ6.35 T0.65 L328.0 | 이젠터:Φ6.35 T0.65 L232.0 | 이젠터:Φ6.35 T0.65 L232.0
②시트간스펙충돌,MJU64049201,이젠터/중앙,,,,,,중앙:Φ6.35 T0.65 L86.0 | 이젠터:Φ6.35 T0.65 L84.0 | 이젠터:Φ6.35 T0.65 L84.0
②시트간스펙충돌,MJU62842322,이젠터/중앙,,,,,,중앙:Φ12.7 T0.75 L122.0 | 중앙:Φ12.7 T0.75 L120.0 | 이젠터:Φ12.7 T0.75 L125.0
②시트간스펙충돌,MJU62842302,이젠터/중앙,,,,,,중앙:Φ12.7 T0.75 L99.0 | 중앙:Φ12.7 T0.75 L99.0 | 이젠터:Φ12.7 T0.75 L102.0
②시트간스펙충돌,5210A23937A,이젠터/중앙,,,,,,중앙:Φ6.35 T0.65 L160.0 | 중앙:Φ6.35 T0.65 L163.0 | 중앙:Φ6.35 T0.65 L162.0 | 이젠터:Φ6.35 T0.65 L156.0
②시트간스펙충돌,MJU62671602,중앙,,,,,,중앙:Φ9.52 T0.65 L188.0 | 중앙:Φ9.52 T0.65 L190.0
②시트간스펙충돌,MJU62671608,중앙,,,,,,중앙:Φ6.35 T0.65 L83.0 | 중앙:Φ6.35 T0.65 L90.0
②시트간스펙충돌,MJU64671101,이젠터/중앙,,,,,,중앙:Φ9.52 T0.65 L89.0 | 중앙:Φ9.52 T0.65 L89.0 | 중앙:Φ9.52 T0.65 L89.0 | 중앙:Φ9.52 T0.65 L89.0 | 중앙:Φ9.52 T0.65 L89.0 | 중앙:Φ9.52 T0.65 L89.0 | 중앙:Φ9.52 T0.65 L88.0 | 중앙:Φ9.52 T0.65 L88.0 | 중앙:Φ9.52 T0.65 L88.0 | 이젠터:Φ9.52 T0.65 L89.0
②시트간스펙충돌,MJU64671103,이젠터/중앙,,,,,,중앙:Φ9.52 T0.65 L143.0 | 중앙:Φ9.52 T0.65 L143.0 | 중앙:Φ9.52 T0.65 L143.0 | 중앙:Φ9.52 T0.65 L143.0 | 중앙:Φ9.52 T0.65 L144.0 | 중앙:Φ9.52 T0.65 L144.0 | 중앙:Φ9.52 T0.65 L144.0 | 이젠터:Φ9.52 T0.65 L144.0
②시트간스펙충돌,MJU64671104,이젠터/중앙,,,,,,중앙:Φ9.52 T0.65 L200.0 | 중앙:Φ9.52 T0.65 L200.0 | 중앙:Φ9.52 T0.65 L200.0 | 중앙:Φ9.52 T0.65 L200.0 | 중앙:Φ9.52 T0.65 L201.0 | 중앙:Φ9.52 T0.65 L201.0 | 중앙:Φ9.52 T0.65 L201.0 | 이젠터:Φ9.52 T0.65 L204.0
②시트간스펙충돌,MJU64671105,이젠터/중앙,,,,,,중앙:Φ9.52 T0.65 L292.0 | 중앙:Φ9.52 T0.65 L292.0 | 중앙:Φ9.52 T0.65 L292.0 | 중앙:Φ9.52 T0.65 L292.0 | 중앙:Φ9.52 T0.65 L292.0 | 중앙:Φ9.52 T0.65 L292.0 | 중앙:Φ9.52 T0.65 L292.0 | 중앙:Φ9.52 T0.65 L292.0 | 이젠터:Φ9.52 T0.65 L288.0
②시트간스펙충돌,MJU64671106,이젠터/중앙,,,,,,중앙:Φ9.52 T0.65 L244.0 | 중앙:Φ9.52 T0.65 L244.0 | 중앙:Φ9.52 T0.65 L244.0 | 이젠터:Φ9.52 T0.65 L249.0
②시트간스펙충돌,MJU64671107,이젠터/중앙,,,,,,중앙:Φ9.52 T0.65 L342.0 | 중앙:Φ9.52 T0.65 L342.0 | 중앙:Φ9.52 T0.65 L342.0 | 중앙:Φ9.52 T0.65 L342.0 | 이젠터:Φ9.52 T0.65 L336.0
②시트간스펙충돌,MJU64671108,이젠터/중앙,,,,,,중앙:Φ9.52 T0.65 L200.0 | 중앙:Φ9.52 T0.65 L200.0 | 중앙:Φ9.52 T0.65 L200.0 | 이젠터:Φ9.52 T0.65 L204.0
②시트간스펙충돌,MJU64671109,이젠터/중앙,,,,,,중앙:Φ9.52 T0.65 L305.0 | 중앙:Φ9.52 T0.65 L305.0 | 중앙:Φ9.52 T0.65 L305.0 | 중앙:Φ9.52 T0.65 L305.0 | 중앙:Φ9.52 T0.65 L305.0 | 중앙:Φ9.52 T0.65 L305.0 | 중앙:Φ9.52 T0.65 L305.0 | 중앙:Φ9.52 T0.65 L305.0 | 중앙:Φ9.52 T0.65 L305.0 | 중앙:Φ9.52 T0.65 L305.0 | 이젠터:Φ9.52 T0.65 L304.0
②시트간스펙충돌,MJU64708001,중앙,,,,,,중앙:Φ12.7 T0.75 L223.0 | 중앙:Φ12.7 T0.75 L219.0 | 중앙:Φ12.7 T0.75 L223.0 | 중앙:Φ12.7 T0.75 L219.0 | 중앙:Φ12.7 T0.75 L223.0 | 중앙:Φ12.7 T0.75 L219.0
②시트간스펙충돌,MJU64707301,이젠터/중앙,,,,,,중앙:Φ9.52 T0.65 L242.0 | 중앙:Φ9.52 T0.65 L242.0 | 중앙:Φ9.52 T0.65 L242.0 | 이젠터:Φ9.52 T0.65 L248.0
②시트간스펙충돌,MJU62987402,중앙/케이비,,,,,,중앙:Φ6.35 T0.9 L76.0 | 중앙:Φ6.35 T0.9 L76.0 | 케이비:Φ6.35 T0.65 L215.0
②시트간스펙충돌,MJU64875412,이젠터/중앙,,,,,,중앙:Φ6.35 T0.65 L157.0 | 이젠터:Φ6.35 T0.65 L120.0
②시트간스펙충돌,MJU64875417,이젠터/중앙,,,,,,중앙:Φ6.35 T0.65 L120.0 | 이젠터:Φ6.35 T0.65 L157.0
②시트간스펙충돌,MJU63318409,중앙,,,,,,중앙:Φ6.35 T0.9 L480.0 | 중앙:Φ6.35 T0.9 L480.0 | 중앙:Φ6.35 T0.9 L470.0 | 중앙:Φ6.35 T0.9 L470.0
②시트간스펙충돌,MJU64870520,중앙/케이비,,,,,,중앙:Φ5.0 T0.65 L88.0 | 중앙:Φ5.0 T0.65 L88.0 | 케이비:Φ5.0 T0.65 L90.0
②시트간스펙충돌,MJU41489501,중앙,,,,,,중앙:Φ6.35 T0.9 L332.0 | 중앙:Φ6.35 T0.9 L330.0
②시트간스펙충돌,MJU65207201,중앙/케이비,,,,,,중앙:Φ6.35 T0.9 L305.0 | 케이비:Φ6.35 T0.9 L322.0
②시트간스펙충돌,MJU65207202,중앙/케이비,,,,,,중앙:Φ6.35 T0.9 L355.0 | 케이비:Φ6.35 T0.9 L366.0
②시트간스펙충돌,MJU65207301,중앙/케이비,,,,,,중앙:Φ9.52 T1.45 L154.0 | 케이비:Φ9.52 T1.45 L157.0
②시트간스펙충돌,MJU65626702,중앙,,,,,,중앙:Φ9.52 T0.65 L140.0 | 중앙:Φ9.52 T0.65 L136.0
②시트간스펙충돌,MJU65626704,중앙,,,,,,중앙:Φ9.52 T0.65 L148.0 | 중앙:Φ9.52 T0.65 L157.0
②시트간스펙충돌,MJU65626705,중앙,,,,,,중앙:Φ9.52 T0.65 L63.0 | 중앙:Φ9.52 T0.65 L64.0
②시트간스펙충돌,MJU64226602,이젠터/중앙,,,,,,중앙:Φ9.52 T0.65 L88.0 | 이젠터:Φ9.52 T0.65 L89.0 | 이젠터:Φ9.52 T0.65 L89.0 | 이젠터:Φ9.52 T0.65 L89.0
②시트간스펙충돌,MJU63406917,중앙/케이비,,,,,,중앙:Φ6.35 T0.65 L216.0 | 케이비:Φ6.35 T0.65 L215.0
②시트간스펙충돌,MJU63057005,중앙,,,,,,중앙:Φ6.35 T0.65 L193.0 | 중앙:Φ6.35 T0.65 L196.0
②시트간스펙충돌,MJU64093709,명진/중앙,,,,,,중앙:Φ4.76 T0.65 L374.0 | 명진:Φ4.76 T0.65 L372.0
②시트간스펙충돌,MJU66870601,이젠터/중앙/케이비,,,,,,중앙:Φ9.52 T0.65 L420.0 | 이젠터:Φ9.52 T0.65 L428.0 | 케이비:Φ9.52 T0.65 L425.0
②시트간스펙충돌,MJU64226610,중앙,,,,,,중앙:Φ9.52 T0.65 L106.0 | 중앙:Φ9.52 T0.65 L107.0
②시트간스펙충돌,MJU63669511,중앙,,,,,,중앙:Φ9.52 T0.65 L137.0 | 중앙:Φ9.52 T0.65 L137.0 | 중앙:Φ9.52 T0.55 L137.0
②시트간스펙충돌,MJU63669606,중앙,,,,,,중앙:Φ9.52 T0.65 L88.0 | 중앙:Φ9.52 T0.65 L88.0 | 중앙:Φ9.52 T0.55 L88.0
②시트간스펙충돌,MJU63687708,중앙,,,,,,중앙:Φ9.52 T0.65 L161.0 | 중앙:Φ9.52 T0.65 L161.0 | 중앙:Φ9.52 T0.55 L161.0
②시트간스펙충돌,MJU63156703,중앙/케이비,,,,,,중앙:Φ9.52 T0.65 L315.0 | 케이비:Φ9.52 T0.65 L317.0
②시트간스펙충돌,MJU63209804,중앙/케이비,,,,,,중앙:Φ12.7 T0.75 L711.0 | 케이비:Φ12.7 T0.75 L718.0
②시트간스펙충돌,MJU66874101,이젠터/중앙,,,,,,중앙:Φ9.52 T0.65 L426.0 | 이젠터:Φ9.52 T0.65 L433.0
②시트간스펙충돌,MJU66479501,썬텍/중앙,,,,,,중앙:Φ9.52 T0.65 L205.0 | 중앙:Φ9.52 T0.65 L203.0 | 썬텍:Φ9.52 T0.65 L203.0 | 썬텍:Φ9.52 T0.65 L203.0 | 썬텍:Φ9.52 T0.65 L203.0
②시트간스펙충돌,MJU66479701,썬텍/중앙,,,,,,중앙:Φ9.52 T0.65 L170.0 | 썬텍:Φ9.52 T0.65 L171.0
②시트간스펙충돌,MJU65846915,이젠터/중앙,,,,,,중앙:Φ9.52 T0.65 L110.0 | 이젠터:Φ9.52 T0.65 L111.0 | 이젠터:Φ9.52 T0.65 L112.0
②시트간스펙충돌,MJU66479401,썬텍/중앙,,,,,,중앙:Φ9.52 T0.65 L273.0 | 썬텍:Φ9.52 T0.65 L268.0 | 썬텍:Φ9.52 T0.65 L267.0 | 썬텍:Φ9.52 T0.65 L268.0
②시트간스펙충돌,MJU66479601,썬텍/중앙,,,,,,중앙:Φ9.52 T0.65 L115.0 | 썬텍:Φ9.52 T0.65 L114.0 | 썬텍:Φ9.52 T0.65 L114.0 | 썬텍:Φ9.52 T0.65 L114.0
②시트간스펙충돌,MJU64429227,중앙,,,,,,중앙:Φ5.0 T0.65 L467.0 | 중앙:Φ5.0 T0.65 L167.0
②시트간스펙충돌,MJU62614301,중앙,,,,,,중앙:Φ6.35 T0.65 L400.0 | 중앙:Φ6.35 T0.65 L402.0 | 중앙:Φ6.35 T0.65 L401.0
②시트간스펙충돌,MJU66936607,중앙,,,,,,중앙:Φ6.35 T0.65 L244.0 | 중앙:Φ9.52 T0.65 L143.0 | 중앙:Φ9.52 T0.65 L164.0 | 중앙:Φ9.52 T0.55 L143.0 | 중앙:Φ9.52 T0.55 L164.0
②시트간스펙충돌,MJU61949501,중앙/케이비,,,,,,중앙:Φ5.0 T0.65 L287.0 | 케이비:Φ5.0 T0.65 L289.0
②시트간스펙충돌,MJU61949502,중앙/케이비,,,,,,중앙:Φ5.0 T0.65 L296.0 | 케이비:Φ5.0 T0.65 L301.0
②시트간스펙충돌,MJU66968101,중앙,,,,,,중앙:Φ6.35 T0.65 L195.0 | 중앙:Φ6.35 T0.365 L195.0 | 중앙:Φ6.35 T0.65 L195.0
②시트간스펙충돌,MJU66965301,중앙,,,,,,중앙:Φ9.52 T0.65 L338.0 | 중앙:Φ9.52 T0.65 L338.0 | 중앙:Φ9.52 T0.65 L338.0 | 중앙:Φ9.52 T0.55 L338.0
②시트간스펙충돌,MJU64671114,중앙/케이비,,,,,,중앙:Φ9.52 T0.55 L107.0 | 케이비:Φ9.52 T0.55 L109.0
②시트간스펙충돌,MJU64671115,중앙/케이비,,,,,,중앙:Φ9.52 T0.55 L153.0 | 케이비:Φ9.52 T0.55 L144.0
②시트간스펙충돌,MJU64671116,중앙/케이비,,,,,,중앙:Φ9.52 T0.55 L198.0 | 케이비:Φ9.52 T0.55 L262.0
②시트간스펙충돌,MJU64671117,중앙/케이비,,,,,,중앙:Φ9.52 T0.55 L292.0 | 케이비:Φ9.52 T0.55 L367.0 | 케이비:Φ9.52 T0.55 L289.0
②시트간스펙충돌,MJU64671118,중앙/케이비,,,,,,중앙:Φ9.52 T0.55 L305.0 | 케이비:Φ9.52 T0.55 L406.0 | 케이비:Φ9.52 T0.55 L367.0
②시트간스펙충돌,MJU66571310,중앙/케이비,,,,,,중앙:Φ9.52 T0.55 L347.0 | 케이비:Φ9.52 T0.55 L503.0
②시트간스펙충돌,MJU66571311,중앙/케이비,,,,,,중앙:Φ9.52 T0.55 L446.0 | 케이비:Φ9.52 T0.55 L219.0
②시트간스펙충돌,MJU64329103,중앙/케이비,,,,,,중앙:Φ5.0 T0.65 L110.0 | 케이비:Φ5.0 T0.65 L112.0
②시트간스펙충돌,MJU64329104,중앙/케이비,,,,,,중앙:Φ5.0 T0.65 L111.0 | 케이비:Φ5.0 T0.65 L116.0
②시트간스펙충돌,MJU64329105,중앙/케이비,,,,,,중앙:Φ5.0 T0.65 L114.0 | 케이비:Φ5.0 T0.65 L120.0
②시트간스펙충돌,MJU64329106,중앙/케이비,,,,,,중앙:Φ5.0 T0.65 L119.0 | 케이비:Φ5.0 T0.65 L126.0
②시트간스펙충돌,MJU64329109,중앙/케이비,,,,,,중앙:Φ5.0 T0.65 L109.0 | 케이비:Φ5.0 T0.65 L113.0
②시트간스펙충돌,5210A30050Y,중앙/케이비,,,,,,중앙:Φ7.94 T0.65 L54.0 | 케이비:Φ7.94 T0.65 L53.0
②시트간스펙충돌,MJU64856607,이젠터/중앙,,,,,,중앙:Φ6.35 T0.65 L288.0 | 이젠터:Φ6.35 T0.65 L290.0
②시트간스펙충돌,MJU64856608,이젠터/중앙,,,,,,중앙:Φ6.35 T0.65 L288.0 | 이젠터:Φ6.35 T0.65 L290.0
②시트간스펙충돌,MJU64856609,이젠터/중앙,,,,,,중앙:Φ6.35 T0.65 L162.0 | 이젠터:Φ6.35 T0.65 L164.0
②시트간스펙충돌,MJU64856610,이젠터/중앙,,,,,,중앙:Φ6.35 T0.65 L246.0 | 이젠터:Φ6.35 T0.65 L248.0
②시트간스펙충돌,MJU64856611,이젠터/중앙,,,,,,중앙:Φ6.35 T0.65 L246.0 | 이젠터:Φ6.35 T0.65 L248.0
②시트간스펙충돌,MJU64856612,이젠터/중앙,,,,,,중앙:Φ6.35 T0.65 L162.0 | 이젠터:Φ6.35 T0.65 L164.0
②시트간스펙충돌,MJU66502909,중앙/케이비,,,,,,중앙:Φ9.52 T0.55 L423.0 | 케이비:Φ9.52 T0.55 L482.0
②시트간스펙충돌,MJU63669541,중앙,,,,,,중앙:Φ9.52 T0.55 L141.0 | 중앙:Φ9.52 T0.55 L114.0
②시트간스펙충돌,MJU63652002,이젠터,,,,,,이젠터:Φ15.88 T0.95 L363.0 | 이젠터:Φ15.88 T0.95 L367.0
②시트간스펙충돌,MJU63651901,이젠터,,,,,,이젠터:Φ12.7 T0.75 L107.0 | 이젠터:Φ12.7 T0.75 L109.0 | 이젠터:Φ12.7 T0.75 L109.0
②시트간스펙충돌,MJU62672401,이젠터,,,,,,이젠터:Φ7.0 T0.65 L57.0 | 이젠터:Φ7.0 T0.65 L59.0 | 이젠터:Φ7.0 T0.65 L59.0 | 이젠터:Φ7.0 T0.65 L59.0 | 이젠터:Φ7.0 T0.65 L59.0 | 이젠터:Φ7.0 T0.65 L57.0 | 이젠터:Φ7.0 T0.65 L57.0 | 이젠터:Φ7.0 T0.65 L59.0 | 이젠터:Φ7.0 T0.65 L59.0 | 이젠터:Φ7.0 T0.65 L59.0 | 이젠터:Φ7.0 T0.65 L58.0 | 이젠터:Φ7.0 T0.65 L59.0 | 이젠터:Φ7.0 T0.65 L59.0 | 이젠터:Φ7.0 T0.65 L59.0 | 이젠터:Φ7.0 T0.65 L59.0 | 이젠터:Φ7.0 T0.65 L59.0 | 이젠터:Φ7.0 T0.65 L59.0 | 이젠터:Φ7.0 T0.65 L59.0 | 이젠터:Φ7.0 T0.65 L57.0 | 이젠터:Φ7.0 T0.65 L57.0 | 이젠터:Φ7.0 T0.65 L59.0
②시트간스펙충돌,5210A20706W,이젠터,,,,,,이젠터:Φ6.35 T0.65 L167.0 | 이젠터:Φ6.35 T0.65 L169.0
②시트간스펙충돌,5210A20706V,이젠터,,,,,,이젠터:Φ6.35 T0.65 L167.0 | 이젠터:Φ6.35 T0.65 L169.0
②시트간스펙충돌,5210A20706X,이젠터,,,,,,이젠터:Φ6.35 T0.65 L214.0 | 이젠터:Φ6.35 T0.65 L216.0
②시트간스펙충돌,MJU41838723,이젠터,,,,,,이젠터:Φ15.88 T0.95 L154.0 | 이젠터:Φ15.88 T0.95 L154.0 | 이젠터:Φ15.88 T0.95 L156.0
②시트간스펙충돌,4H00049,이젠터,,,,,,이젠터:Φ6.35 T0.7 L112.0 | 이젠터:Φ6.35 T0.7 L114.0 | 이젠터:Φ6.35 T0.7 L112.0
②시트간스펙충돌,MJU62837201,이젠터,,,,,,이젠터:Φ15.88 T0.95 L535.0 | 이젠터:Φ15.88 T0.95 L588.0
②시트간스펙충돌,MJU62837001,이젠터,,,,,,이젠터:Φ9.52 T0.65 L53.0 | 이젠터:Φ9.52 T0.65 L53.0 | 이젠터:Φ9.52 T0.65 L53.0 | 이젠터:Φ9.52 T0.65 L53.0 | 이젠터:Φ9.52 T0.65 L53.0 | 이젠터:Φ9.52 T0.65 L53.0 | 이젠터:Φ9.52 T0.65 L53.0 | 이젠터:Φ9.52 T0.65 L53.0 | 이젠터:Φ9.52 T0.65 L53.0 | 이젠터:Φ7.94 T0.65 L610.0
②시트간스펙충돌,MJU62914601,이젠터,,,,,,이젠터:Φ9.52 T0.65 L432.0 | 이젠터:Φ9.52 T0.65 L439.0
②시트간스펙충돌,MJU62837202,이젠터,,,,,,이젠터:Φ15.88 T0.95 L547.0 | 이젠터:Φ15.88 T0.95 L547.0 | 이젠터:Φ15.88 T0.95 L551.0
②시트간스펙충돌,MJU62914602,이젠터,,,,,,이젠터:Φ9.52 T0.65 L349.0 | 이젠터:Φ9.52 T0.65 L349.0 | 이젠터:Φ9.52 T0.65 L362.0
②시트간스펙충돌,MJU47584903,이젠터,,,,,,이젠터:Φ15.88 T0.95 L202.0 | 이젠터:Φ15.88 T0.95 L204.0
②시트간스펙충돌,5210A22026S,이젠터/케이비,,,,,,이젠터:Φ6.35 T0.65 L192.0 | 케이비:Φ6.35 T0.65 L190.0
②시트간스펙충돌,MJU41839026,이젠터,,,,,,이젠터:Φ15.88 T0.95 L620.0 | 이젠터:Φ15.88 T0.95 L624.0
②시트간스펙충돌,5210A24677G,이젠터,,,,,,이젠터:Φ7.0 T0.65 L58.0 | 이젠터:Φ7.0 T0.65 L58.0 | 이젠터:Φ7.0 T0.65 L58.0 | 이젠터:Φ7.0 T0.65 L55.0 | 이젠터:Φ7.0 T0.65 L58.0
②시트간스펙충돌,MJU62993602,이젠터,,,,,,이젠터:Φ7.0 T0.65 L130.0 | 이젠터:Φ7.0 T0.65 L130.0 | 이젠터:Φ7.0 T0.65 L134.0
②시트간스펙충돌,MJU62993603,이젠터,,,,,,이젠터:Φ7.0 T0.65 L97.0 | 이젠터:Φ7.0 T0.65 L97.0 | 이젠터:Φ7.0 T0.65 L99.0 | 이젠터:Φ7.0 T0.65 L99.0 | 이젠터:Φ7.0 T0.65 L99.0
②시트간스펙충돌,MJU62993606,이젠터,,,,,,이젠터:Φ7.0 T0.65 L136.0 | 이젠터:Φ7.0 T0.65 L136.0 | 이젠터:Φ7.0 T0.65 L139.0 | 이젠터:Φ7.0 T0.65 L139.0 | 이젠터:Φ7.0 T0.65 L139.0
②시트간스펙충돌,MJU62921209,이젠터,,,,,,이젠터:Φ4.76 T0.65 L142.0 | 이젠터:Φ4.76 T0.65 L142.0 | 이젠터:Φ4.76 T0.65 L147.0 | 이젠터:Φ4.76 T0.65 L147.0 | 이젠터:Φ4.76 T0.65 L142.0
②시트간스펙충돌,MJU64408010,이젠터,,,,,,이젠터:Φ6.35 T0.65 L161.0 | 이젠터:Φ6.35 T0.65 L161.0 | 이젠터:Φ6.35 T0.65 L161.0 | 이젠터:Φ6.35 T0.65 L161.0 | 이젠터:Φ6.35 T0.65 L161.0 | 이젠터:Φ6.35 T0.65 L164.0
②시트간스펙충돌,MJU64926102,이젠터,,,,,,이젠터:Φ12.7 T0.75 L247.0 | 이젠터:Φ12.7 T0.75 L246.0
②시트간스펙충돌,MJU42282712,명진/이젠터,,,,,,이젠터:Φ4.76 T0.65 L435.0 | 이젠터:Φ4.76 T0.65 L435.0 | 명진:Φ4.76 T0.65 L433.0
②시트간스펙충돌,MJU64186601,이젠터,,,,,,이젠터:Φ6.35 T0.65 L118.0 | 이젠터:Φ6.35 T0.65 L118.0 | 이젠터:Φ6.35 T0.55 L118.0 | 이젠터:Φ6.35 T0.65 L118.0 | 이젠터:Φ6.35 T0.65 L118.0 | 이젠터:Φ6.35 T0.65 L119.0 | 이젠터:Φ6.35 T0.65 L119.0 | 이젠터:Φ6.35 T0.65 L118.0
②시트간스펙충돌,MJU64186621,이젠터,,,,,,이젠터:Φ6.35 T0.65 L118.0 | 이젠터:Φ6.35 T0.65 L118.0 | 이젠터:Φ6.35 T0.55 L118.0 | 이젠터:Φ6.35 T0.65 L118.0 | 이젠터:Φ6.35 T0.65 L118.0 | 이젠터:Φ6.35 T0.65 L119.0 | 이젠터:Φ6.35 T0.65 L119.0
②시트간스펙충돌,MJU61858126,이젠터,,,,,,이젠터:Φ4.76 T0.65 L96.0 | 이젠터:Φ4.76 T0.65 L96.0 | 이젠터:Φ4.76 T0.65 L96.0 | 이젠터:Φ4.76 T0.65 L96.0 | 이젠터:Φ4.76 T0.65 L96.0 | 이젠터:Φ4.76 T0.65 L97.0 | 이젠터:Φ4.76 T0.65 L98.0 | 이젠터:Φ4.76 T0.65 L98.0 | 이젠터:Φ4.76 T0.65 L96.0
②시트간스펙충돌,MJU61858127,이젠터,,,,,,이젠터:Φ4.76 T0.65 L102.0 | 이젠터:Φ4.76 T0.65 L102.0 | 이젠터:Φ4.76 T0.65 L102.0 | 이젠터:Φ4.76 T0.65 L102.0 | 이젠터:Φ4.76 T0.65 L102.0 | 이젠터:Φ4.76 T0.65 L103.0 | 이젠터:Φ4.76 T0.65 L103.0 | 이젠터:Φ4.76 T0.65 L103.0
②시트간스펙충돌,MJU61858128,이젠터,,,,,,이젠터:Φ4.76 T0.65 L124.0 | 이젠터:Φ4.76 T0.65 L124.0 | 이젠터:Φ4.76 T0.65 L124.0 | 이젠터:Φ4.76 T0.65 L124.0 | 이젠터:Φ4.76 T0.65 L124.0 | 이젠터:Φ4.76 T0.65 L125.0 | 이젠터:Φ4.76 T0.65 L125.0 | 이젠터:Φ4.76 T0.65 L125.0
②시트간스펙충돌,MJU64189404,이젠터,,,,,,이젠터:Φ12.7 T0.75 L377.0 | 이젠터:Φ12.7 T0.75 L377.0 | 이젠터:Φ12.7 T0.6 L377.0 | 이젠터:Φ12.7 T0.75 L377.0 | 이젠터:Φ12.7 T0.75 L377.0 | 이젠터:Φ12.7 T0.75 L378.0 | 이젠터:Φ12.7 T0.75 L377.0
②시트간스펙충돌,MJU64927406,이젠터,,,,,,이젠터:Φ12.7 T0.75 L299.0 | 이젠터:Φ12.7 T0.75 L297.0
②시트간스펙충돌,MJU65789501,이젠터,,,,,,이젠터:Φ6.35 T0.65 L66.0 | 이젠터:Φ6.35 T0.65 L66.0 | 이젠터:Φ6.35 T0.65 L64.0
②시트간스펙충돌,MJU65846908,이젠터,,,,,,이젠터:Φ9.52 T0.65 L214.0 | 이젠터:Φ9.52 T0.65 L213.0
②시트간스펙충돌,MJU63748401,이젠터,,,,,,이젠터:Φ12.7 T0.75 L123.0 | 이젠터:Φ12.7 T0.75 L124.0 | 이젠터:Φ12.7 T0.75 L124.0 | 이젠터:Φ12.7 T0.65 L124.0
②시트간스펙충돌,MJU65868006,MTS/이젠터,,,,,,이젠터:Φ12.7 T0.75 L359.0 | MTS:Φ12.7 T0.75 L349.0
②시트간스펙충돌,MJU38274204,이젠터/케이비,,,,,,이젠터:Φ7.0 T0.65 L98.0 | 이젠터:Φ7.0 T0.65 L98.0 | 케이비:Φ7.0 T0.65 L95.0
②시트간스펙충돌,MJU38274201,이젠터/케이비,,,,,,이젠터:Φ7.0 T0.65 L94.0 | 이젠터:Φ7.0 T0.65 L94.0 | 케이비:Φ7.0 T0.65 L93.0
②시트간스펙충돌,MJU38274203,이젠터/케이비,,,,,,이젠터:Φ7.0 T0.65 L98.0 | 케이비:Φ7.0 T0.65 L95.0
②시트간스펙충돌,MJU38274202,이젠터/케이비,,,,,,이젠터:Φ7.0 T0.65 L98.0 | 이젠터:Φ7.0 T0.65 L98.0 | 케이비:Φ7.0 T0.65 L99.0
②시트간스펙충돌,MJU66479201,이젠터/케이비,,,,,,이젠터:Φ12.7 T0.75 L128.0 | 이젠터:Φ12.7 T0.75 L129.0 | 이젠터:Φ12.7 T0.75 L129.0 | 케이비:Φ12.7 T0.75 L128.0
②시트간스펙충돌,MJU66567101,이젠터,,,,,,이젠터:Φ7.0 T0.65 L100.0 | 이젠터:Φ7.0 T0.65 L102.0
②시트간스펙충돌,MJU66792502,이젠터,,,,,,이젠터:Φ7.0 T0.65 L75.0 | 이젠터:Φ7.0 T0.65 L74.0
②시트간스펙충돌,MJU66806101,이젠터/케이비,,,,,,이젠터:Φ12.7 T0.75 L62.0 | 케이비:Φ12.7 T0.8 L62.0 | 케이비:Φ12.7 T0.75 L62.0
②시트간스펙충돌,MJU66806105,이젠터/케이비,,,,,,이젠터:Φ15.88 T0.95 L488.0 | 케이비:Φ15.88 T0.95 L492.0
②시트간스펙충돌,MJU66366304,명진/이젠터,,,,,,이젠터:Φ6.35 T0.65 L76.0 | 명진:Φ6.35 T0.65 L75.0 | 명진:Φ6.35 T0.65 L75.0
②시트간스펙충돌,MJU66366305,명진/이젠터,,,,,,이젠터:Φ6.35 T0.65 L86.0 | 명진:Φ6.35 T0.65 L85.0 | 명진:Φ6.35 T0.65 L85.0
②시트간스펙충돌,MJU66779319,이젠터/케이비,,,,,,이젠터:Φ9.52 T0.65 L68.0 | 이젠터:Φ9.52 T0.65 L69.0 | 이젠터:Φ9.52 T0.65 L69.0 | 이젠터:Φ9.52 T0.65 L69.0 | 이젠터:Φ9.52 T0.65 L69.0 | 이젠터:Φ9.52 T0.65 L69.0 | 케이비:Φ9.52 T0.65 L67.0
②시트간스펙충돌,MJU66779320,이젠터,,,,,,이젠터:Φ9.52 T0.65 L80.0 | 이젠터:Φ9.52 T0.65 L81.0
②시트간스펙충돌,MJU65846924,이젠터,,,,,,이젠터:Φ9.52 T0.65 L217.0 | 이젠터:Φ9.52 T0.65 L224.0
②시트간스펙충돌,MJU65846926,이젠터,,,,,,이젠터:Φ9.52 T0.65 L285.0 | 이젠터:Φ9.52 T0.65 L292.0
②시트간스펙충돌,MJU65846928,이젠터,,,,,,이젠터:Φ9.52 T0.65 L196.0 | 이젠터:Φ9.52 T0.65 L198.0 | 이젠터:Φ9.52 T0.65 L198.0
②시트간스펙충돌,MJU65846930,이젠터,,,,,,이젠터:Φ9.52 T0.65 L88.0 | 이젠터:Φ9.52 T0.65 L89.0
②시트간스펙충돌,MJU65846931,이젠터,,,,,,이젠터:Φ9.52 T0.65 L109.0 | 이젠터:Φ9.52 T0.65 L111.0 | 이젠터:Φ9.52 T0.65 L111.0
②시트간스펙충돌,MJU63160502,이젠터,,,,,,이젠터:Φ9.52 T0.65 L60.0 | 이젠터:Φ9.52 T0.65 L56.0 | 이젠터:Φ9.52 T0.65 L56.0
②시트간스펙충돌,MJU64027007,이젠터,,,,,,이젠터:Φ12.7 T0.75 L293.0 | 이젠터:Φ12.7 T0.75 L272.0
②시트간스펙충돌,MJU63160507,이젠터,,,,,,이젠터:Φ9.52 T0.65 L110.0 | 이젠터:Φ9.52 T0.65 L105.0
②시트간스펙충돌,MJU64773404,이젠터,,,,,,이젠터:Φ7.0 T0.65 L71.0 | 이젠터:Φ12.7 T0.75 L289.0
②시트간스펙충돌,MJU66913701,이젠터,,,,,,이젠터:Φ12.7 T0.75 L122.0 | 이젠터:Φ12.7 T0.75 L106.0
②시트간스펙충돌,MJU66958505,이젠터,,,,,,이젠터:Φ12.7 T0.75 L313.0 | 이젠터:Φ12.7 T0.75 L313.0 | 이젠터:Φ12.7 T0.75 L312.0
②시트간스펙충돌,MJU66958503,이젠터,,,,,,이젠터:Φ12.7 T0.75 L166.0 | 이젠터:Φ12.7 T0.75 L166.0 | 이젠터:Φ12.7 T0.75 L167.0
②시트간스펙충돌,MJU66958403,이젠터,,,,,,이젠터:Φ12.7 T0.75 L239.0 | 이젠터:Φ12.7 T0.75 L239.0 | 이젠터:Φ12.7 T0.75 L240.0 | 이젠터:Φ12.7 T0.75 L240.0
②시트간스펙충돌,T-U24A-DIS-CONNECTOR,이젠터,,,,,,이젠터:Φ9.52 T0.65 L249.0 | 이젠터:Φ12.7 T0.75 L940.0
②시트간스펙충돌,MJU66913702,이젠터,,,,,,이젠터:Φ12.7 T0.75 L196.0 | 이젠터:Φ12.7 T0.75 L203.0
②시트간스펙충돌,MJU66928304,이젠터,,,,,,이젠터:Φ9.52 T0.65 L325.0 | 이젠터:Φ9.52 T0.65 L325.0 | 이젠터:Φ9.52 T0.65 L307.0
②시트간스펙충돌,MJU47147501,이젠터/케이비,,,,,,이젠터:Φ12.7 T0.75 L376.0 | 케이비:Φ12.7 T0.75 L379.0
②시트간스펙충돌,MJU66954707,이젠터,,,,,,이젠터:Φ9.52 T0.65 L183.0 | 이젠터:Φ9.52 T0.65 L157.0
②시트간스펙충돌,MJU66954705,이젠터,,,,,,이젠터:Φ9.52 T0.65 L147.0 | 이젠터:Φ9.52 T0.65 L148.0
②시트간스펙충돌,MJU66954704,이젠터,,,,,,이젠터:Φ9.52 T0.65 L240.0 | 이젠터:Φ9.52 T0.65 L214.0
②시트간스펙충돌,MJU66954607,이젠터,,,,,,이젠터:Φ9.52 T0.65 L424.0 | 이젠터:Φ9.52 T0.65 L421.0
②시트간스펙충돌,MJU66954605,이젠터,,,,,,이젠터:Φ9.52 T0.65 L290.0 | 이젠터:Φ9.52 T0.65 L293.0
②시트간스펙충돌,MJU66927901,이젠터/케이비,,,,,,이젠터:Φ7.0 T0.65 L150.0 | 이젠터:Φ7.0 T0.65 L150.0 | 케이비:Φ7.0 T0.65 L152.0 | 케이비:Φ7.0 T0.65 L152.0
②시트간스펙충돌,MJU66927902,이젠터/케이비,,,,,,이젠터:Φ7.0 T0.65 L150.0 | 이젠터:Φ7.0 T0.65 L150.0 | 케이비:Φ7.0 T0.65 L152.0 | 케이비:Φ7.0 T0.65 L152.0
②시트간스펙충돌,MJU66927903,이젠터/케이비,,,,,,이젠터:Φ7.0 T0.65 L131.0 | 이젠터:Φ7.0 T0.65 L131.0 | 케이비:Φ7.0 T0.65 L132.0 | 케이비:Φ7.0 T0.65 L132.0
②시트간스펙충돌,MJU66927905,이젠터/케이비,,,,,,이젠터:Φ7.0 T0.65 L179.0 | 이젠터:Φ7.0 T0.65 L179.0 | 케이비:Φ7.0 T0.65 L185.0 | 케이비:Φ7.0 T0.65 L185.0
②시트간스펙충돌,MJU66894810,썬텍/이젠터,,,,,,이젠터:Φ9.52 T0.65 L65.0 | 썬텍:Φ9.52 T0.65 L62.0 | 썬텍:Φ9.52 T0.65 L62.0
②시트간스펙충돌,MJU66779315,썬텍/이젠터,,,,,,이젠터:Φ9.52 T0.65 L50.0 | 썬텍:Φ9.52 T0.65 L49.0 | 썬텍:Φ9.52 T0.65 L49.0
②시트간스펙충돌,MJU66997102,이젠터/케이비,,,,,,이젠터:Φ9.52 T0.65 L75.0 | 케이비:Φ9.52 T0.65 L74.0
②시트간스펙충돌,MJU66997103,썬텍/이젠터,,,,,,이젠터:Φ9.52 T0.65 L176.0 | 썬텍:Φ9.52 T0.65 L171.0
②시트간스펙충돌,MJU66997105,썬텍/이젠터,,,,,,이젠터:Φ9.52 T0.65 L165.0 | 썬텍:Φ9.52 T0.65 L147.0
②시트간스펙충돌,MJU66997108,썬텍/이젠터,,,,,,이젠터:Φ9.52 T0.65 L196.0 | 썬텍:Φ9.52 T0.65 L186.0
②시트간스펙충돌,MJU60436237,MTS/이젠터,,,,,,이젠터:Φ12.7 T0.75 L560.0 | MTS:Φ12.7 T0.75 L552.0 | MTS:Φ12.7 T0.75 L549.0
②시트간스펙충돌,MJU63612312,MTS/이젠터,,,,,,이젠터:Φ12.7 T0.75 L684.0 | MTS:Φ12.7 T0.75 L678.0
②시트간스펙충돌,MJU67039501,이젠터/케이비,,,,,,이젠터:Φ9.52 T0.65 L111.0 | 케이비:Φ9.52 T0.65 L109.0
②시트간스펙충돌,MJU67039502,이젠터/케이비,,,,,,이젠터:Φ9.52 T0.65 L433.0 | 케이비:Φ9.52 T0.65 L438.0
②시트간스펙충돌,MJU64868572,이젠터/케이비,,,,,,이젠터:Φ9.52 T0.65 L181.0 | 케이비:Φ9.52 T0.65 L182.0
②시트간스펙충돌,MJU00697402,썬텍/이젠터,,,,,,이젠터:Φ15.88 T0.75 L1082.0 | 썬텍:Φ15.88 T0.75 L1094.0 | 썬텍:Φ15.88 T0.75 L1094.0
②시트간스펙충돌,MJU00697502,썬텍/이젠터,,,,,,이젠터:Φ7.0 T0.55 L137.0 | 이젠터:Φ7.0 T0.55 L137.0 | 썬텍:Φ7.0 T0.55 L133.0 | 썬텍:Φ7.0 T0.55 L133.0 | 썬텍:Φ7.0 T0.55 L133.0
②시트간스펙충돌,MJU00753001,썬텍/이젠터,,,,,,이젠터:Φ15.88 T0.95 L286.2 | 썬텍:Φ15.88 T0.95 L291.0
②시트간스펙충돌,MJU00752901,썬텍/이젠터,,,,,,이젠터:Φ12.7 T0.75 L133.05 | 썬텍:Φ12.7 T0.75 L131.0
②시트간스펙충돌,MJU66998801,명진,,,,,,명진:Φ4.76 T0.65 L124.0 | 명진:Φ4.76 T0.65 L122.0
②시트간스펙충돌,MJU66998802,명진,,,,,,명진:Φ4.76 T0.65 L405.0 | 명진:Φ4.76 T0.65 L400.0
②시트간스펙충돌,MJU66998803,명진,,,,,,명진:Φ4.76 T0.65 L405.0 | 명진:Φ4.76 T0.65 L400.0
②시트간스펙충돌,MJU66998804,명진,,,,,,명진:Φ4.76 T0.65 L405.0 | 명진:Φ4.76 T0.65 L400.0
②시트간스펙충돌,MJU66998805,명진,,,,,,명진:Φ4.76 T0.65 L305.0 | 명진:Φ4.76 T0.65 L300.0
②시트간스펙충돌,MJU66998806,명진,,,,,,명진:Φ4.76 T0.65 L405.0 | 명진:Φ4.76 T0.65 L400.0
②시트간스펙충돌,MJU66998807,명진,,,,,,명진:Φ4.76 T0.65 L305.0 | 명진:Φ4.76 T0.65 L300.0
②시트간스펙충돌,MJU66845501,명진/케이비,,,,,,명진:Φ4.76 T0.65 L104.0 | 명진:Φ4.76 T0.65 L104.0 | 명진:Φ4.76 T0.65 L103.0 | 케이비:Φ4.76 T0.65 L102.0
②시트간스펙충돌,MJU66845502,명진/케이비,,,,,,명진:Φ4.76 T0.65 L231.0 | 명진:Φ4.76 T0.65 L231.0 | 명진:Φ4.76 T0.65 L231.0 | 케이비:Φ4.76 T0.65 L242.0
②시트간스펙충돌,MJU64857001,명진/케이비,,,,,,명진:Φ6.35 T0.65 L248.0 | 케이비:Φ6.35 T0.65 L250.0
②시트간스펙충돌,MJU63751101,명진/케이비,,,,,,명진:Φ4.76 T0.65 L327.0 | 케이비:Φ4.76 T0.65 L342.0
②시트간스펙충돌,MJU64857101,명진/케이비,,,,,,명진:Φ4.76 T0.65 L486.0 | 케이비:Φ4.76 T0.65 L492.0
②시트간스펙충돌,MJU64857201,명진/케이비,,,,,,명진:Φ4.76 T0.65 L658.0 | 케이비:Φ4.76 T0.65 L668.0
②시트간스펙충돌,MJU64906801,명진/케이비,,,,,,명진:Φ6.35 T0.65 L384.0 | 케이비:Φ6.35 T0.65 L392.0
②시트간스펙충돌,MJU64856801,명진/케이비,,,,,,명진:Φ6.35 T0.65 L300.0 | 케이비:Φ6.35 T0.65 L306.0
②시트간스펙충돌,MJU66845510,명진/케이비,,,,,,명진:Φ4.76 T0.65 L1206.0 | 케이비:Φ4.76 T0.65 L1212.0
②시트간스펙충돌,MJU65146132,명진/케이비,,,,,,명진:Φ4.76 T0.65 L230.0 | 케이비:Φ4.76 T0.65 L237.0 | 케이비:Φ4.76 T0.65 L240.0
②시트간스펙충돌,MJU65146134,명진/케이비,,,,,,명진:Φ4.76 T0.65 L173.0 | 명진:Φ4.76 T0.65 L173.0 | 케이비:Φ4.76 T0.65 L179.0 | 케이비:Φ4.76 T0.65 L183.0
②시트간스펙충돌,MJU65146135,명진/케이비,,,,,,명진:Φ4.76 T0.65 L69.0 | 명진:Φ4.76 T0.65 L69.0 | 명진:Φ4.76 T0.65 L69.0 | 명진:Φ4.76 T0.65 L69.0 | 명진:Φ4.76 T0.65 L69.0 | 명진:Φ4.76 T0.65 L69.0 | 명진:Φ4.76 T0.65 L69.0 | 케이비:Φ4.76 T0.65 L72.0 | 케이비:Φ4.76 T0.65 L76.0
②시트간스펙충돌,MJU62788805,명진/케이비,,,,,,명진:Φ4.76 T0.65 L825.0 | 케이비:Φ4.76 T0.65 L820.0
②시트간스펙충돌,MJU62788807,명진/케이비,,,,,,명진:Φ4.76 T0.65 L825.0 | 케이비:Φ4.76 T0.65 L820.0
②시트간스펙충돌,MJU62788809,명진/케이비,,,,,,명진:Φ4.76 T0.65 L825.0 | 케이비:Φ4.76 T0.65 L820.0
②시트간스펙충돌,MJU62788806,명진/케이비,,,,,,명진:Φ4.76 T0.65 L825.0 | 케이비:Φ4.76 T0.65 L820.0
②시트간스펙충돌,MJU62788808,명진/케이비,,,,,,명진:Φ4.76 T0.65 L825.0 | 케이비:Φ4.76 T0.65 L820.0
②시트간스펙충돌,MJU62788810,명진/케이비,,,,,,명진:Φ4.76 T0.65 L825.0 | 케이비:Φ4.76 T0.65 L820.0
②시트간스펙충돌,MJU65030909,명진/케이비,,,,,,명진:Φ4.0 T0.6 L1100.0 | 케이비:Φ4.0 T0.6 L1434.0
②시트간스펙충돌,MJU65030910,명진/케이비,,,,,,명진:Φ4.0 T0.6 L1100.0 | 케이비:Φ4.0 T0.6 L1525.0
②시트간스펙충돌,MJU65030911,명진/케이비,,,,,,명진:Φ4.0 T0.6 L1615.0 | 케이비:Φ4.0 T0.6 L1614.0
②시트간스펙충돌,MJU63509916,케이비,,,,,,케이비:Φ5.0 T0.65 L102.0 | 케이비:Φ5.0 T0.65 L104.0
②시트간스펙충돌,MJU63509917,케이비,,,,,,케이비:Φ5.0 T0.65 L95.0 | 케이비:Φ5.0 T0.65 L96.0
②시트간스펙충돌,MJU63509918,케이비,,,,,,케이비:Φ5.0 T0.65 L87.0 | 케이비:Φ5.0 T0.65 L90.0
②시트간스펙충돌,MJU63509919,케이비,,,,,,케이비:Φ5.0 T0.65 L85.0 | 케이비:Φ5.0 T0.65 L88.0
②시트간스펙충돌,MJU63509920,케이비,,,,,,케이비:Φ5.0 T0.65 L87.0 | 케이비:Φ5.0 T0.65 L86.0
②시트간스펙충돌,MJU64067601,썬텍/케이비,,,,,,케이비:Φ7.0 T0.65 L125.0 | 썬텍:Φ7.0 T0.65 L124.0 | 썬텍:Φ7.0 T0.65 L124.0 | 썬텍:Φ7.0 T0.65 L124.0 | 썬텍:Φ7.0 T0.65 L124.0 | 썬텍:Φ7.0 T0.65 L124.0 | 썬텍:Φ7.0 T0.65 L124.0 | 썬텍:Φ7.0 T0.65 L124.0 | 썬텍:Φ7.0 T0.65 L124.0
②시트간스펙충돌,MJU64067605,썬텍/케이비,,,,,,케이비:Φ7.0 T0.65 L90.0 | 썬텍:Φ7.0 T0.65 L91.0 | 썬텍:Φ7.0 T0.65 L91.0 | 썬텍:Φ7.0 T0.65 L91.0 | 썬텍:Φ7.0 T0.65 L91.0 | 썬텍:Φ7.0 T0.65 L91.0 | 썬텍:Φ7.0 T0.65 L91.0 | 썬텍:Φ7.0 T0.65 L91.0 | 썬텍:Φ7.0 T0.65 L91.0
②시트간스펙충돌,5210A23376A,MTS/케이비,,,,,,케이비:Φ9.52 T1.45 L70.0 | 케이비:Φ9.52 T1.45 L70.0 | 케이비:Φ9.52 T1.45 L66.0 | MTS:Φ9.52 T1.45 L68.0
②시트간스펙충돌,MJU63713901,케이비,,,,,,케이비:Φ6.35 T0.9 L78.0 | 케이비:Φ6.35 T0.9 L75.0 | 케이비:Φ6.35 T0.9 L75.0 | 케이비:Φ6.35 T0.9 L78.0 | 케이비:Φ6.35 T0.9 L78.0
②시트간스펙충돌,MJU42911802,MTS/케이비,,,,,,케이비:Φ9.52 T1.45 L40.0 | MTS:Φ19.05 T0.95 L391.0
②시트간스펙충돌,MJU61940701,케이비,,,,,,케이비:Φ9.52 T0.65 L85.0 | 케이비:Φ9.52 T0.65 L85.0 | 케이비:Φ9.52 T0.65 L83.0
②시트간스펙충돌,MJU62390701,케이비,,,,,,케이비:Φ15.88 T0.95 L214.0 | 케이비:Φ15.88 T0.95 L215.0
②시트간스펙충돌,MJU64431914,케이비,,,,,,케이비:Φ4.76 T0.7 L293.0 | 케이비:Φ4.76 T0.65 L294.0 | 케이비:Φ4.76 T0.65 L292.0 | 케이비:Φ4.76 T0.65 L292.0
②시트간스펙충돌,MJU64431915,케이비,,,,,,케이비:Φ4.76 T0.7 L281.0 | 케이비:Φ4.76 T0.65 L281.0 | 케이비:Φ4.76 T0.65 L280.0
②시트간스펙충돌,MJU64431916,케이비,,,,,,케이비:Φ4.76 T0.7 L239.0 | 케이비:Φ4.76 T0.65 L239.0 | 케이비:Φ4.76 T0.65 L235.0 | 케이비:Φ4.76 T0.65 L238.0
②시트간스펙충돌,MJU64867636,케이비,,,,,,케이비:Φ7.94 T0.55 L973.0 | 케이비:Φ7.94 T0.55 L998.0 | 케이비:Φ7.94 T0.55 L998.0
②시트간스펙충돌,MJU64287009,케이비,,,,,,케이비:Φ9.52 T0.65 L48.0 | 케이비:Φ9.52 T0.65 L48.0 | 케이비:Φ9.52 T0.65 L50.0 | 케이비:Φ9.52 T0.65 L48.0 | 케이비:Φ9.52 T0.65 L50.0 | 케이비:Φ9.52 T0.65 L50.0 | 케이비:Φ9.52 T0.65 L50.0 | 케이비:Φ9.52 T0.65 L49.0
②시트간스펙충돌,5210A26795A,케이비,,,,,,케이비:Φ6.35 T0.65 L110.0 | 케이비:Φ6.35 T0.65 L90.0
②시트간스펙충돌,5210A26795B,케이비,,,,,,케이비:Φ6.35 T0.65 L97.0 | 케이비:Φ6.35 T0.65 L87.0
②시트간스펙충돌,5210A26795C,케이비,,,,,,케이비:Φ6.35 T0.65 L78.0 | 케이비:Φ6.35 T0.65 L83.0
②시트간스펙충돌,5210A26795D,케이비,,,,,,케이비:Φ6.35 T0.65 L90.0 | 케이비:Φ6.35 T0.65 L106.0
②시트간스펙충돌,5210A26795E,케이비,,,,,,케이비:Φ6.35 T0.65 L98.0 | 케이비:Φ6.35 T0.65 L110.0
②시트간스펙충돌,5210A26795F,케이비,,,,,,케이비:Φ6.35 T0.65 L106.0 | 케이비:Φ6.35 T0.65 L120.0
②시트간스펙충돌,MJU60436413,케이비,,,,,,케이비:Φ12.7 T0.75 L113.0 | 케이비:Φ12.7 T0.75 L115.0
②시트간스펙충돌,MJU62921203,케이비,,,,,,케이비:Φ4.76 T0.65 L324.0 | 케이비:Φ4.76 T0.65 L340.0
②시트간스펙충돌,MJU62921204,케이비,,,,,,케이비:Φ4.76 T0.65 L377.0 | 케이비:Φ4.76 T0.65 L380.0
②시트간스펙충돌,MJU62922201,케이비,,,,,,케이비:Φ6.35 T0.65 L127.0 | 케이비:Φ6.35 T0.65 L130.0
②시트간스펙충돌,MJU66480602,케이비,,,,,,케이비:Φ9.52 T1.45 L432.0 | 케이비:Φ9.52 T1.45 L410.0
②시트간스펙충돌,MJU66480703,케이비,,,,,,케이비:Φ9.52 T1.45 L121.0 | 케이비:Φ9.52 T1.45 L122.0
②시트간스펙충돌,MJU66746801,케이비,,,,,,케이비:Φ9.52 T1.45 L156.0 | 케이비:Φ9.52 T1.45 L158.0
②시트간스펙충돌,MJU66746901,케이비,,,,,,케이비:Φ9.52 T1.45 L545.0 | 케이비:Φ9.52 T1.45 L552.0
②시트간스펙충돌,MJU66928209,케이비,,,,,,케이비:Φ9.52 T0.65 L932.0 | 케이비:Φ9.52 T0.65 L927.0 | 케이비:Φ9.52 T0.65 L989.0
②시트간스펙충돌,T-U36A.PIPE01,케이비,,,,,,케이비:Φ7.0 T0.65 L266.0 | 케이비:Φ12.7 T0.75 L220.0
②시트간스펙충돌,MJU64867634,케이비,,,,,,케이비:Φ7.94 T0.55 L977.0 | 케이비:Φ7.94 T0.55 L972.0
②시트간스펙충돌,T-C01843982,케이비,,,,,,케이비:Φ15.88 T0.95 L228.0 | 케이비:Φ15.88 T0.95 L358.0
②시트간스펙충돌,MJU62792304,케이비,,,,,,케이비:Φ15.88 T0.95 L247.0 | 케이비:Φ15.88 T0.98 L247.0 | 케이비:Φ15.88 T0.95 L247.0 | 케이비:Φ15.88 T0.95 L249.0
②시트간스펙충돌,MJU62792003,케이비,,,,,,케이비:Φ12.7 T0.75 L376.0 | 케이비:Φ12.7 T0.75 L376.0 | 케이비:Φ12.7 T0.75 L362.0
②시트간스펙충돌,MJU62287008,케이비,,,,,,케이비:Φ15.77 T0.95 L368.0 | 케이비:Φ15.88 T0.95 L369.0 | 케이비:Φ15.88 T0.95 L368.0 | 케이비:Φ15.88 T0.95 L269.0
②시트간스펙충돌,MJU64987001,케이비,,,,,,케이비:Φ7.94 T0.65 L127.0 | 케이비:Φ7.94 T0.65 L130.0 | 케이비:Φ9.52 T0.65 L182.0
②시트간스펙충돌,MJU64987003,케이비,,,,,,케이비:Φ9.52 T0.65 L176.0 | 케이비:Φ9.52 T0.65 L452.0
②시트간스펙충돌,MJU63908201,케이비,,,,,,케이비:Φ6.35 T0.65 L1083.0 | 케이비:Φ6.35 T0.65 L1085.0 | 케이비:Φ6.35 T0.65 L1092.0
②시트간스펙충돌,MJU63947901,케이비,,,,,,케이비:Φ6.35 T0.65 L1183.0 | 케이비:Φ6.35 T0.65 L1156.0 | 케이비:Φ6.35 T0.65 L1188.0
②시트간스펙충돌,MJU66932515,케이비,,,,,,케이비:Φ9.52 T0.65 L115.0 | 케이비:Φ9.52 T0.65 L85.0 | 케이비:Φ9.52 T0.65 L88.0 | 케이비:Φ9.52 T0.65 L88.0
②시트간스펙충돌,MJU66932516,케이비,,,,,,케이비:Φ9.52 T0.65 L137.0 | 케이비:Φ9.52 T0.65 L187.0 | 케이비:Φ9.52 T0.65 L189.0
②시트간스펙충돌,MJU63407212,케이비,,,,,,케이비:Φ5.0 T0.65 L127.0 | 케이비:Φ5.0 T0.65 L140.0
②시트간스펙충돌,MJU66572001,썬텍/케이비,,,,,,케이비:Φ19.05 T0.95 L81.0 | 썬텍:Φ19.05 T0.95 L80.0 | 썬텍:Φ19.05 T0.95 L80.0
②시트간스펙충돌,MJU63407306,케이비,,,,,,케이비:Φ6.35 T0.85 L61.0 | 케이비:Φ6.35 T0.9 L67.0
②시트간스펙충돌,MJU66548901,케이비,,,,,,케이비:Φ6.35 T0.85 L234.0 | 케이비:Φ6.35 T0.85 L61.0
②시트간스펙충돌,MJU66997107,썬텍/케이비,,,,,,케이비:Φ9.52 T0.65 L228.0 | 썬텍:Φ9.52 T0.65 L229.0
②시트간스펙충돌,MJU66932046,썬텍/케이비,,,,,,케이비:Φ6.35 T0.9 L68.0 | 썬텍:Φ6.35 T0.9 L66.0 | 썬텍:Φ6.35 T0.9 L66.0
②시트간스펙충돌,L-TUBE,MTS,,,,,,MTS:Φ19.05 T0.95 L518.0 | MTS:Φ19.05 T0.95 L332.0 | MTS:Φ19.05 T0.95 L365.0 | MTS:Φ19.05 T0.95 L831.0 | MTS:Φ15.88 T0.95 L417.0 | MTS:Φ19.05 T0.95 L442.20000000000005 | MTS:Φ19.05 T0.95 L770.0 | MTS:Φ15.88 T0.95 L452.0 | MTS:Φ15.88 T0.95 L415.0 | MTS:Φ15.88 T0.95 L343.0 | MTS:Φ12.7 T0.75 L493.0 | MTS:Φ19.05 T0.95 L540.0 | MTS:Φ12.7 T0.75 L347.0 | MTS:Φ15.88 T0.95 L452.0 | MTS:Φ15.88 T0.95 L415.0 | MTS:Φ19.05 T0.95 L528.0 | MTS:Φ19.05 T0.95 L508.0 | MTS:Φ19.05 T0.95 L508.0 | MTS:Φ19.05 T0.95 L1025.0 | MTS:Φ12.7 T0.75 L380.0 | MTS:Φ12.7 T0.75 L489.0 | MTS:Φ15.88 T0.95 L447.0 | MTS:Φ19.05 T0.95 L50.0 | MTS:Φ19.05 T0.95 L528.0 | MTS:Φ15.88 T0.95 L723.0 | MTS:Φ15.88 T0.95 L50.0 | MTS:Φ15.88 T0.95 L50.0 | MTS:Φ15.88 T0.95 L50.0 | MTS:Φ15.88 T0.95 L50.0 | MTS:Φ15.88 T0.95 L50.0 | MTS:Φ15.88 T0.95 L50.0 | MTS:Φ15.88 T0.95 L50.0 | MTS:Φ15.88 T0.95 L50.0 | MTS:Φ15.88 T0.95 L50.0 | MTS:Φ15.88 T0.95 L50.0 | MTS:Φ15.88 T0.95 L50.0 | MTS:Φ22.22 T1.15 L586.0 | MTS:Φ22.22 T1.15 L635.0 | MTS:Φ15.88 T0.95 L199.0 | MTS:Φ12.7 T0.75 L790.0 | MTS:Φ15.88 T0.95 L392.0 | MTS:Φ12.7 T0.75 L590.0 | MTS:Φ9.52 T0.65 L810.0 | MTS:Φ19.05 T0.95 L45.0 | MTS:Φ15.88 T0.95 L1059.0 | MTS:Φ19.05 T0.95 L713.0 | MTS:Φ15.88 T0.95 L532.0 | MTS:Φ15.88 T0.95 L519.0 | MTS:Φ15.88 T0.95 L670.0 | MTS:Φ15.88 T0.95 L670.0 | MTS:Φ15.88 T0.95 L743.0 | MTS:Φ15.88 T0.95 L625.0 | MTS:Φ19.05 T0.95 L768.0 | MTS:Φ19.05 T0.95 L768.0 | MTS:Φ19.05 T0.95 L768.0 | MTS:Φ19.05 T0.95 L768.0 | MTS:Φ12.7 T0.75 L740.0 | MTS:Φ12.7 T0.75 L740.0 | MTS:Φ12.7 T0.75 L445.0 | MTS:Φ15.88 T0.95 L453.0 | MTS:Φ12.7 T0.75 L415.0 | MTS:Φ15.88 T0.95 L354.0 | MTS:Φ15.88 T0.95 L417.0 | MTS:Φ15.88 T0.95 L453.0 | MTS:Φ15.88 T0.95 L432.0 | MTS:Φ12.7 T0.75 L740.0 | MTS:Φ12.7 T0.75 L740.0 | MTS:Φ15.88 T0.95 L452.0 | MTS:Φ12.7 T0.75 L487.0 | MTS:Φ19.05 T0.95 L789.0 | MTS:Φ15.88 T0.95 L447.0 | MTS:Φ15.88 T0.95 L447.0 | MTS:Φ19.05 T0.95 L770.0 | MTS:Φ15.88 T0.95 L447.0 | MTS:Φ15.88 T0.95 L452.0 | MTS:Φ15.88 T0.95 L50.0 | MTS:Φ15.88 T0.95 L50.0
②시트간스펙충돌,S-TUBE,MTS,,,,,,MTS:Φ19.05 T0.95 L283.0 | MTS:Φ19.05 T0.95 L140.0 | MTS:Φ15.88 T0.95 L53.0 | MTS:Φ19.05 T0.95 L53.0 | MTS:Φ19.05 T0.95 L538.6 | MTS:Φ19.05 T0.95 L771.6 | MTS:Φ15.88 T0.95 L53.0 | MTS:Φ19.05 T0.95 L53.0 | MTS:Φ15.88 T0.95 L53.0 | MTS:Φ15.88 T0.95 L53.0 | MTS:Φ15.88 T0.95 L53.0 | MTS:Φ15.88 T0.95 L447.0 | MTS:Φ15.88 T0.95 L325.0 | MTS:Φ15.88 T0.95 L53.0 | MTS:Φ15.88 T0.95 L53.0 | MTS:Φ15.88 T0.95 L53.0 | MTS:Φ15.88 T0.95 L53.0 | MTS:Φ15.88 T0.95 L53.0 | MTS:Φ15.88 T0.95 L53.0 | MTS:Φ15.88 T0.95 L53.0 | MTS:Φ15.88 T0.95 L53.0 | MTS:Φ15.88 T0.95 L53.0 | MTS:Φ15.88 T0.95 L53.0 | MTS:Φ15.88 T0.95 L53.0 | MTS:Φ15.88 T0.95 L53.0 | MTS:Φ9.52 T1.45 L40.0 | MTS:Φ34.92 T1.3 L170.0 | MTS:Φ15.88 T0.95 L53.0 | MTS:Φ12.7 T0.75 L551.0 | MTS:Φ15.88 T0.95 L53.0 | MTS:Φ12.7 T0.75 L427.0 | MTS:Φ15.88 T0.95 L53.0 | MTS:Φ12.7 T0.75 L573.0 | MTS:Φ19.05 T0.95 L50.0 | MTS:Φ12.7 T0.75 L150.0 | MTS:Φ19.05 T0.95 L336.0 | MTS:Φ12.7 T0.75 L194.0 | MTS:Φ15.88 T0.95 L52.0 | MTS:Φ15.88 T0.95 L53.0 | MTS:Φ19.05 T0.95 L740.0 | MTS:Φ15.88 T0.95 L53.0 | MTS:Φ15.88 T0.95 L53.0 | MTS:Φ12.7 T0.75 L53.0 | MTS:Φ15.88 T0.95 L53.0 | MTS:Φ15.88 T0.95 L53.0 | MTS:Φ15.88 T0.95 L53.0 | MTS:Φ15.88 T0.95 L53.0 | MTS:Φ12.7 T0.75 L280.0 | MTS:Φ15.88 T0.95 L53.0 | MTS:Φ19.05 T0.95 L53.0 | MTS:Φ15.88 T0.95 L53.0 | MTS:Φ15.88 T0.95 L53.0 | MTS:Φ15.88 T0.95 L53.0 | MTS:Φ15.88 T0.95 L53.0
②시트간스펙충돌,MJU61937001,MTS,,,,,,MTS:Φ15.88 T0.95 L35.0 | MTS:Φ15.88 T0.95 L415.0
②시트간스펙충돌,MJU31086903,MTS,,,,,,MTS:Φ15.88 T0.95 L770.0 | MTS:Φ15.88 T0.95 L417.0 | MTS:Φ15.88 T0.95 L418.0
②시트간스펙충돌,5210A25929D,MTS,,,,,,MTS:Φ15.88 T0.95 L1502.5 | MTS:Φ15.88 T0.95 L691.0 | MTS:Φ15.88 T0.95 L693.0
②시트간스펙충돌,5210A25929H,MTS,,,,,,MTS:Φ15.88 T0.95 L381.70000000000005 | MTS:Φ15.88 T0.95 L691.0 | MTS:Φ15.88 T0.95 L693.0
②시트간스펙충돌,5210A22153C,MTS,,,,,,MTS:Φ19.05 T0.95 L516.0 | MTS:Φ19.05 T0.95 L520.0
②시트간스펙충돌,5210A23655A,MTS,,,,,,MTS:Φ25.4 T1.2 L440.0 | MTS:Φ25.4 T1.2 L445.0
②시트간스펙충돌,5210A23655B,MTS,,,,,,MTS:Φ25.4 T1.2 L440.0 | MTS:Φ25.4 T1.2 L317.0
②시트간스펙충돌,5210A25401B,MTS,,,,,,MTS:Φ19.05 T0.95 L620.0 | MTS:Φ19.05 T0.95 L630.0
②시트간스펙충돌,5210A24673B,MTS,,,,,,MTS:Φ19.05 T0.95 L383.0 | MTS:Φ19.05 T0.95 L353.0 | MTS:Φ12.7 T0.75 L68.0
②시트간스펙충돌,MJU42403117,MTS,,,,,,MTS:Φ15.88 T0.95 L51.0 | MTS:Φ15.88 T0.95 L53.0
②시트간스펙충돌,5210A23584A,MTS,,,,,,MTS:Φ12.7 T0.75 L562.0 | MTS:Φ12.7 T0.75 L558.0
②시트간스펙충돌,5210A23581A,MTS,,,,,,MTS:Φ15.88 T0.95 L244.0 | MTS:Φ15.88 T0.95 L360.0
②시트간스펙충돌,MJU62916401,MTS,,,,,,MTS:Φ12.7 T0.75 L329.0 | MTS:Φ12.7 T0.75 L329.0 | MTS:Φ12.7 T0.75 L329.0 | MTS:Φ12.7 T0.75 L329.0 | MTS:Φ12.7 T0.75 L329.0 | MTS:Φ12.7 T0.75 L329.0 | MTS:Φ12.7 T0.75 L329.0 | MTS:Φ12.7 T0.75 L329.0 | MTS:Φ12.7 T0.75 L328.0
②시트간스펙충돌,MJU61865213,MTS,,,,,,MTS:Φ12.7 T0.75 L677.0 | MTS:Φ12.7 T0.75 L652.0
②시트간스펙충돌,MJU61865215,MTS,,,,,,MTS:Φ12.7 T0.75 L590.0 | MTS:Φ12.7 T0.75 L590.0 | MTS:Φ12.7 T0.75 L571.0 | MTS:Φ12.7 T0.75 L590.0 | MTS:Φ12.7 T0.75 L592.0
②시트간스펙충돌,MJU39869701,MTS,,,,,,MTS:Φ15.88 T0.95 L871.0 | MTS:Φ15.88 T0.95 L890.0
②시트간스펙충돌,MJU39869801,MTS,,,,,,MTS:Φ12.7 T0.75 L125.0 | MTS:Φ12.7 T0.75 L122.0
②시트간스펙충돌,TUBE,MTS,,,,,,MTS:Φ15.88 T0.95 L1247.0 | MTS:Φ19.05 T0.95 L785.0 | MTS:Φ15.88 T0.95 L1247.0 | MTS:Φ19.05 T0.95 L785.0
②시트간스펙충돌,MJU64407601,MTS,,,,,,MTS:Φ15.88 T0.95 L178.0 | MTS:Φ15.88 T0.95 L178.0 | MTS:Φ15.88 T0.95 L170.0
②시트간스펙충돌,MJU64407701,MTS,,,,,,MTS:Φ15.88 T0.95 L240.0 | MTS:Φ15.88 T0.95 L240.0 | MTS:Φ15.88 T0.95 L232.0
②시트간스펙충돌,MJU64866702,MTS,,,,,,MTS:Φ12.7 T0.75 L60.0 | MTS:Φ12.7 T0.75 L62.0 | MTS:Φ12.7 T0.75 L60.0 | MTS:Φ12.7 T0.75 L60.0
②시트간스펙충돌,MJU64866709,MTS,,,,,,MTS:Φ15.88 T0.95 L399.0 | MTS:Φ9.52 T0.65 L399.0 | MTS:Φ15.88 T0.95 L399.0 | MTS:Φ15.88 T0.95 L399.0
②시트간스펙충돌,MJU63031904,MTS,,,,,,MTS:Φ15.88 T0.95 L673.0 | MTS:Φ15.88 T0.95 L691.0
②시트간스펙충돌,MJU61848906,MTS,,,,,,MTS:Φ15.88 T0.95 L310.0 | MTS:Φ15.88 T0.95 L313.0
②시트간스펙충돌,5210A23656B,MTS,,,,,,MTS:Φ22.22 T1.15 L488.0 | MTS:Φ22.22 T1.15 L483.0 | MTS:Φ22.22 T1.15 L485.0 | MTS:Φ22.22 T1.15 L485.0
②시트간스펙충돌,5210A23656C,MTS,,,,,,MTS:Φ22.22 T1.15 L488.0 | MTS:Φ22.22 T1.15 L483.0 | MTS:Φ22.22 T1.15 L493.0 | MTS:Φ22.22 T1.15 L493.0 | MTS:Φ22.22 T1.15 L493.0 | MTS:Φ22.22 T1.15 L498.0 | MTS:Φ22.22 T1.15 L498.0 | MTS:Φ22.22 T1.15 L498.0 | MTS:Φ22.22 T1.15 L498.0
②시트간스펙충돌,MJU63016814,MTS,,,,,,MTS:Φ28.0 T1.15 L515.0 | MTS:Φ28.0 T1.15 L529.0
②시트간스펙충돌,MJU65187805,MTS,,,,,,MTS:Φ12.7 T0.75 L567.0 | MTS:Φ12.7 T0.75 L605.0
③ERP無코드,MJU6503304,대원,0.00624, ,6.35,0.65,60.0,ERP미등록
③ERP無코드,MJUI65587802,대원,0.10039, ,15.88,0.95,252.0,ERP미등록
③ERP無코드,MJU64711801-1,미래,0.04939, ,9.52,0.65,305.0,ERP미등록
③ERP無코드,MJU64711901-1,미래,0.01441, ,9.52,0.65,89.0,ERP미등록
③ERP無코드,MJU64712001-1,미래,0.06623, ,9.52,0.65,409.0,ERP미등록
③ERP無코드,MJU64712101-1,미래,0.03595, ,9.52,0.65,222.0,ERP미등록
③ERP無코드,MJU64712301-1,미래,0.02664, ,6.35,0.65,256.0,ERP미등록
③ERP無코드,5210A30050J(S.V.C),미래,0.0052, ,6.35,0.65,50.0,ERP미등록
③ERP無코드,MJU64064527,미래,0.05702, ,6.35,0.65,137.0,ERP미등록
③ERP無코드,5210A22558B(S.V.C),미래,0.03784, ,15.88,0.95,95.0,ERP미등록
③ERP無코드,5210AP4026Y(S.V.C),미래,0.00998, ,7.94,0.65,75.0,ERP미등록
③ERP無코드,MJU61882401(S.V.C),미래,0.01888, ,12.7,0.75,75.0,ERP미등록
③ERP無코드,MJU61882414(S.V.C),미래,0.0151, ,12.7,0.75,60.0,ERP미등록
③ERP無코드,MJU61882501(S.V.C),미래,0.06041, ,12.7,0.75,240.0,ERP미등록
③ERP無코드,MJU61882801(S.V.C),미래,0.04959, ,12.7,0.75,197.0,ERP미등록
③ERP無코드,MJU61882901(S.V.C),미래,0.03423, ,12.7,0.75,136.0,ERP미등록
③ERP無코드,MJU61883001(S.V.C),미래,0.03298, ,12.7,0.75,131.0,ERP미등록
③ERP無코드,MJU64873001(S.V.C),미래,0.02866, ,9.52,0.65,177.0,ERP미등록
③ERP無코드,MJU64873002(S.V.C),미래,0.0353, ,9.52,0.65,218.0,ERP미등록
③ERP無코드,MJU64873003(S.V.C),미래,0.03433, ,9.52,0.65,212.0,ERP미등록
③ERP無코드,MJU64873007(S.V.C),미래,0.08663, ,9.52,0.65,535.0,ERP미등록
③ERP無코드,MJU64873009(S.V.C),미래,0.01004, ,9.52,0.65,62.0,ERP미등록
③ERP無코드,MJU64669307(S.V.C),미래,0.02105, ,9.52,0.65,130.0,ERP미등록
③ERP無코드,DISCHARGE,미래,0.11286, ,9.52,0.65,697.0,ERP미등록
③ERP無코드,SUCTION,미래,0.22881, ,12.7,0.75,909.0,ERP미등록
③ERP無코드,SUCTION-1,미래,0.11, ,12.7,0.75,437.0,ERP미등록
③ERP無코드,SUCTION-2,미래,0.11579, ,12.7,0.75,460.0,ERP미등록
③ERP無코드,DISCHARGE-PART1,미래,0.2346, ,12.7,0.75,932.0,ERP미등록
③ERP無코드,DISCHARGE-PART2,미래,0.02947, ,9.52,0.65,182.0,ERP미등록
③ERP無코드,DISCHARGE-PART3,미래,0.02947, ,9.52,0.65,182.0,ERP미등록
③ERP無코드,CAPILLARY,미래,0.04787, ,6.35,0.65,460.0,ERP미등록
③ERP無코드,SUCTION-PART1,미래,1.19939, ,34.92,1.4,910.0,ERP미등록
③ERP無코드,SUCTION-PART5,미래,0.13473, ,28.58,1.2,146.0,ERP미등록
③ERP無코드,COND-OUT,미래,0.07109, ,9.52,0.65,439.0,ERP미등록
③ERP無코드,MJU62842616,미래,0.02643, ,7.0,0.65,114.0,ERP미등록
③ERP無코드,T-88PATH-MANI-TUBE5-1,미래,0.01739, ,7.0,0.65,150.0,ERP미등록
③ERP無코드,T-C01834720,미래,0.02203, ,7.0,0.65,190.0,ERP미등록
③ERP無코드,T-C01896114,미래,0.13181, ,9.52,0.65,814.0,ERP미등록
③ERP無코드,T-C01895611,미래,0.10623, ,12.7,0.75,422.0,ERP미등록
③ERP無코드,MJU61956410,미래,0.0051, ,6.35,0.65,49.0,ERP미등록
③ERP無코드,MJU62514617,미래,0.00604, ,6.35,0.65,58.0,ERP미등록
③ERP無코드,T-C01895459,미래,0.05963, ,6.35,0.65,573.0,ERP미등록
③ERP無코드,T-C01895181,미래,0.04703, ,6.35,0.65,452.0,ERP미등록
③ERP無코드,T-C01890593,미래,0.03913, ,6.35,0.65,376.0,ERP미등록
③ERP無코드,T-C01895456,미래,0.03975, ,6.35,0.65,382.0,ERP미등록
③ERP無코드,T-C01895106,미래,0.03184, ,6.35,0.65,306.0,ERP미등록
③ERP無코드,MJU64872317,미래,0.04971, ,9.52,0.65,307.0,ERP미등록
③ERP無코드,MJU65032003,미래,0.01394, ,6.35,0.65,134.0,ERP미등록
③ERP無코드,T-C01834716,미래,0.02562, ,7.0,0.65,221.0,ERP미등록
③ERP無코드,T-C01834715,미래,0.02087, ,7.0,0.65,180.0,ERP미등록
③ERP無코드,MJU63687714,미래,0.01634, ,6.35,0.65,157.0,ERP미등록
③ERP無코드,MJU63687712,미래,0.00989, ,6.35,0.65,95.0,ERP미등록
③ERP無코드,MJU63669610,미래,0.00604, ,6.35,0.65,58.0,ERP미등록
③ERP無코드,MJU63669515,미래,0.00978, ,6.35,0.65,94.0,ERP미등록
③ERP無코드,MJU6940501,미래,0.00826, ,9.52,0.65,51.0,ERP미등록
③ERP無코드,T-U60A-SUC-CONNECTOR2,미래,0.0239, ,15.88,0.95,60.0,ERP미등록
③ERP無코드,T-CO1921607,미래,0.04356, ,9.52,0.65,269.0,ERP미등록
③ERP無코드,MJU66837103,미래,0.00842, ,9.52,0.65,52.0,ERP미등록
③ERP無코드,MJU66837102,미래,0.02737, ,9.52,0.65,169.0,ERP미등록
③ERP無코드,T-U24A-SUC-CONNECTOR-GMCC,미래,0.23611, ,12.7,0.75,938.0,ERP미등록
③ERP無코드,T-U24A-DIS-CONNECTOR-GMCC,미래,0.04048, ,9.52,0.65,250.0,ERP미등록
③ERP無코드,T-CO1914597,미래,0.11472, ,7.94,0.65,862.0,ERP미등록
③ERP無코드,MJU66946801,미래,0.02235, ,9.52,0.65,138.0,ERP미등록
③ERP無코드,MJU63369615,미래,0.00538, ,6.35,0.55,60.0,ERP미등록
③ERP無코드,MJU63369631,미래,0.00851, ,6.35,0.55,95.0,ERP미등록
③ERP無코드,4H03163C,중앙,0.00437, ,6.35,0.65,42.0,ERP미등록
③ERP無코드,5210A26735B-1,중앙,0.01085, ,9.52,0.65,67.0,ERP미등록
③ERP無코드,4H03163B,중앙,0.00375, ,6.35,0.65,36.0,ERP미등록
③ERP無코드,MJU42378901,중앙,0.00759, ,7.94,0.65,57.0,ERP미등록
③ERP無코드,MJU48957501,중앙,0.00759, ,7.94,0.65,57.0,ERP미등록
③ERP無코드,MJU62987401,중앙,0.00791, ,6.35,0.65,76.0,ERP미등록
③ERP無코드,MJU62971601,중앙,0.02747, ,6.35,0.65,264.0,ERP미등록
③ERP無코드,MJU62971901,중앙,0.02102, ,6.35,0.65,202.0,ERP미등록
③ERP無코드,MJU62972301,중앙,0.00884, ,6.35,0.65,85.0,ERP미등록
③ERP無코드,MJU62972401,중앙,0.0154, ,6.35,0.65,148.0,ERP미등록
③ERP無코드,MJU62821606,중앙,0.03303, ,9.52,0.65,204.0,ERP미등록
③ERP無코드,MJU63019101,중앙,0.0128, ,6.35,0.65,123.0,ERP미등록
③ERP無코드,MJU63308301,중앙,0.03091, ,6.35,0.65,297.0,ERP미등록
③ERP無코드,MJU63308303,중앙,0.03538, ,6.35,0.65,340.0,ERP미등록
③ERP無코드,MJU42064501(S.V.C),중앙,0.02747, ,6.35,0.65,264.0,ERP미등록
③ERP無코드,MJU42064502(S.V.C),중앙,0.02799, ,6.35,0.65,269.0,ERP미등록
③ERP無코드,MJU42064503(S.V.C),중앙,0.02747, ,6.35,0.65,264.0,ERP미등록
③ERP無코드,MJU42064505(S.V.C),중앙,0.00999, ,6.35,0.65,96.0,ERP미등록
③ERP無코드,MJU42064506(S.V.C),중앙,0.01103, ,6.35,0.65,106.0,ERP미등록
③ERP無코드,MJU42064512(S.V.C),중앙,0.02664, ,6.35,0.65,256.0,ERP미등록
③ERP無코드,MJU31378608,중앙,0.01457, ,9.52,0.65,90.0,ERP미등록
③ERP無코드,5210A20691C,중앙,0.0231, ,6.35,0.65,222.0,ERP미등록
③ERP無코드,5210A20691D,중앙,0.02081, ,6.35,0.65,200.0,ERP미등록
③ERP無코드,5210A20741C,중앙,0.04089, ,6.35,0.65,393.0,ERP미등록
③ERP無코드,5210A20694B,중앙,0.04318, ,6.35,0.65,415.0,ERP미등록
③ERP無코드,5210A23957F,중앙,0.01186, ,6.35,0.65,114.0,ERP미등록
③ERP無코드,MJU63500801,중앙,0.03704, ,6.35,0.65,356.0,ERP미등록
③ERP無코드,MJU60436408,중앙,0.01696, ,4.76,0.65,226.0,ERP미등록
③ERP無코드,MJU62972501,중앙,0.01759, ,6.35,0.65,169.0,ERP미등록
③ERP無코드,MJU64276701,중앙,0.09715, ,7.94,0.65,730.0,ERP미등록
③ERP無코드,MJUI64468201,중앙,0.04081, ,9.52,0.65,252.0,ERP미등록
③ERP無코드,MJU64166918,중앙,0.18751, ,9.52,0.65,1158.0,ERP미등록
③ERP無코드,5210A30050E,중앙,0.01166, ,9.52,0.65,72.0,ERP미등록
③ERP無코드,5210A31181F,중앙,0.01295, ,9.52,0.65,80.0,ERP미등록
③ERP無코드,MJU64408006-1,중앙,0.12204, ,7.94,0.65,917.0,ERP미등록
③ERP無코드,MJU64768801-1,중앙,0.03028, ,9.52,0.65,187.0,ERP미등록
③ERP無코드,5210A21069A(S.V.C),중앙,0.03508, ,5.0,0.7,415.0,ERP미등록
③ERP無코드,5210A21069B(S.V.C),중앙,0.02156, ,5.0,0.7,255.0,ERP미등록
③ERP無코드,5210A21069C(S.V.C),중앙,0.02156, ,5.0,0.7,255.0,ERP미등록
③ERP無코드,5210A21070A(S.V.C),중앙,0.00871, ,5.0,0.7,103.0,ERP미등록
③ERP無코드,5210A31939A(S.V.C),중앙,0.01488, ,6.35,0.65,143.0,ERP미등록
③ERP無코드,5210A31891B(S.V.C),중앙,0.01134, ,6.35,0.65,109.0,ERP미등록
③ERP無코드,5210A30668D(S.V.C),중앙,0.00812, ,6.35,0.65,78.0,ERP미등록
③ERP無코드,MJU62853103,중앙,0.00656, ,6.35,0.65,63.0,ERP미등록
③ERP無코드,5211A31546A,중앙,0.0181, ,7.94,0.65,136.0,ERP미등록
③ERP無코드,T-C01868082,중앙,0.01053, ,9.52,0.65,65.0,ERP미등록
③ERP無코드,T-C01846072,중앙,0.03741, ,9.52,0.65,231.0,ERP미등록
③ERP無코드,T-C01846181,중앙,0.01846, ,9.52,0.65,114.0,ERP미등록
③ERP無코드,MJU66886909,중앙,0.00651, ,5.0,0.65,82.0,ERP미등록
③ERP無코드,AJR77225303-1-1,중앙,0.03034, ,9.52,0.55,219.0,ERP미등록
③ERP無코드,AJR77225303-1-2,중앙,0.04753, ,9.52,0.55,343.0,ERP미등록
③ERP無코드,T-CO1867164,중앙,0.15254, ,12.7,0.75,606.0,ERP미등록
③ERP無코드,5210AP3952J,이젠터,0.10648, ,12.7,0.75,423.0,ERP미등록
③ERP無코드,5210AP3953K,이젠터,0.06368, ,12.7,0.75,253.0,ERP미등록
③ERP無코드,5210AP21266G,이젠터,0.01668, ,9.52,0.65,103.0,ERP미등록
③ERP無코드,5210A30540A,이젠터,0.01998, ,6.35,0.65,192.0,ERP미등록
③ERP無코드,5210A30572C,이젠터,0.01061, ,6.35,0.65,102.0,ERP미등록
③ERP無코드,5210A30572D,이젠터,0.01384, ,6.35,0.65,133.0,ERP미등록
③ERP無코드,5210A30541A,이젠터,0.01446, ,6.35,0.65,139.0,ERP미등록
③ERP無코드,5210A00016C,이젠터,0.03046, ,12.7,0.75,121.0,ERP미등록
③ERP無코드,5210A30657R,이젠터,0.02348, ,9.52,0.65,145.0,ERP미등록
③ERP無코드,MJU62079506,이젠터,0.01873, ,6.35,0.65,180.0,ERP미등록
③ERP無코드,MJU62079507,이젠터,0.0153, ,6.35,0.65,147.0,ERP미등록
③ERP無코드,4H00049,이젠터,0.01244, ,6.35,0.7,112.0,ERP미등록
③ERP無코드,MJU63355501,이젠터,0.01207, ,6.35,0.65,116.0,ERP미등록
③ERP無코드,MJU63390101,이젠터,0.01842, ,6.35,0.65,177.0,ERP미등록
③ERP無코드,MJU63390102,이젠터,0.02133, ,6.35,0.65,205.0,ERP미등록
③ERP無코드,MJU63390103,이젠터,0.03049, ,6.35,0.65,293.0,ERP미등록
③ERP無코드,MJU63390104,이젠터,0.03236, ,6.35,0.65,311.0,ERP미등록
③ERP無코드,MJU63390105,이젠터,0.03559, ,6.35,0.65,342.0,ERP미등록
③ERP無코드,MJU63390106,이젠터,0.04058, ,6.35,0.65,390.0,ERP미등록
③ERP無코드,MJU63390107,이젠터,0.02288, ,4.76,0.65,305.0,ERP미등록
③ERP無코드,MJU63390108,이젠터,0.01176, ,6.35,0.65,113.0,ERP미등록
③ERP無코드,MJU66471101,이젠터,0.26456, ,12.7,0.75,1051.0,ERP미등록
③ERP無코드,MJU66777001,이젠터,0.05603, ,9.52,0.65,346.0,ERP미등록
③ERP無코드,MJU65868529,이젠터,0.26607, ,12.7,0.75,1057.0,ERP미등록
③ERP無코드,MJU66493606,이젠터,0.07703, ,12.7,0.75,306.0,ERP미등록
③ERP無코드,MJU66494102,이젠터,0.06671, ,9.52,0.65,412.0,ERP미등록
③ERP無코드,T-U24A-DIS-CONNECTOR,이젠터,0.04032, ,9.52,0.65,249.0,ERP미등록
③ERP無코드,MJU64286516,이젠터,0.04469, ,9.52,0.65,276.0,ERP미등록
③ERP無코드,MJU64286612,이젠터,0.14247, ,12.7,0.75,566.0,ERP미등록
③ERP無코드,T-CO1895611,이젠터,0.10799, ,12.7,0.75,429.0,ERP미등록
③ERP無코드,T-U36A-SUS-CONNECTOR-GMCC,이젠터,0.10509, ,9.52,0.65,649.0,ERP미등록
③ERP無코드,T-U36A-DIS-CONNECTOR-GMCC,이젠터,0.23583, ,15.88,0.95,592.0,ERP미등록
③ERP無코드,MJU63058013,이젠터,0.09339, ,12.7,0.75,371.0,ERP미등록
③ERP無코드,T-CO1961692,이젠터,0.02063, ,7.0,0.65,178.0,ERP미등록
③ERP無코드,T-CO1961663,이젠터,0.01658, ,7.0,0.65,143.0,ERP미등록
③ERP無코드,T-CO1911344,이젠터,0.01136, ,7.0,0.65,98.0,ERP미등록
③ERP無코드,T-CO1945894,이젠터,0.01461, ,7.0,0.65,126.0,ERP미등록
③ERP無코드,T-CO1911336,이젠터,0.01345, ,7.0,0.65,116.0,ERP미등록
③ERP無코드,T-CO1880440,이젠터,0.0238, ,9.52,0.65,147.0,ERP미등록
③ERP無코드,T-CO1877008,이젠터,0.02591, ,9.52,0.65,160.0,ERP미등록
③ERP無코드,T-CO1876404,이젠터,0.03773, ,9.52,0.65,233.0,ERP미등록
③ERP無코드,T-CO1876403,이젠터,0.03125, ,9.52,0.65,193.0,ERP미등록
③ERP無코드,T-CO1876399,이젠터,0.03368, ,9.52,0.65,208.0,ERP미등록
③ERP無코드,T-CO1876398,이젠터,0.03287, ,9.52,0.65,203.0,ERP미등록
③ERP無코드,T-C01918007,이젠터,0.0102, ,9.52,0.65,63.0,ERP미등록
③ERP無코드,T-C01971129,이젠터,0.02283, ,9.52,0.65,141.0,ERP미등록
③ERP無코드,T-C01972597,이젠터,0.02542, ,9.52,0.65,157.0,ERP미등록
③ERP無코드,T-C01876399,이젠터,0.03384, ,9.52,0.65,209.0,ERP미등록
③ERP無코드,T-C01876398,이젠터,0.03093, ,9.52,0.65,191.0,ERP미등록
③ERP無코드,MJU66856802,이젠터,0.07643, ,9.52,0.65,472.0,ERP미등록
③ERP無코드,MJU64433804,이젠터,0.22388, ,15.88,0.95,562.0,ERP미등록
③ERP無코드,MJU64433805,이젠터,0.23662, ,15.88,0.95,594.0,ERP미등록
③ERP無코드,MJU66829504,이젠터,0.01675, ,6.35,0.55,187.0,ERP미등록
③ERP無코드,MJU607012501,이젠터,0.12461, ,15.88,0.75,391.0,ERP미등록
③ERP無코드,MJU77146601,이젠터,0.01901, ,7.0,0.65,82.0,ERP미등록
③ERP無코드,MJU77146602,이젠터,0.01043, ,7.0,0.65,90.0,ERP미등록
③ERP無코드,MJU77146603,이젠터,0.01185, ,7.0,0.75,90.0,ERP미등록
③ERP無코드,MJU6160507,이젠터,0.01716, ,9.52,0.65,106.0,ERP미등록
③ERP無코드,MJU66889901-1,명진,0.01478, ,4.0,0.6,258.0,ERP미등록
③ERP無코드,MJU66890001-1,명진,0.01438, ,4.0,0.6,251.0,ERP미등록
③ERP無코드,MJU62968801-19-1,명진,0.00968, ,4.0,0.6,169.0,ERP미등록
③ERP無코드,T-C01807012,케이비,0.18882, ,12.7,0.75,750.0,ERP미등록
③ERP無코드,T-C01806248,케이비,0.19234, ,12.7,0.75,764.0,ERP미등록
③ERP無코드,T-C01830747,케이비,0.08765, ,15.88,0.95,220.0,ERP미등록
③ERP無코드,T-C01830757,케이비,0.01586, ,12.7,0.75,63.0,ERP미등록
③ERP無코드,T-C01830759,케이비,0.29005, ,15.88,0.95,728.0,ERP미등록
③ERP無코드,T-C01830760,케이비,0.15483, ,12.7,0.75,615.0,ERP미등록
③ERP無코드,MJU65010303,케이비,0.04567, ,9.52,0.65,282.0,ERP미등록
③ERP無코드,T-U36A.PIPE01,케이비,0.03084, ,7.0,0.65,266.0,ERP미등록
③ERP無코드,MJU65010502,케이비,0.01193, ,4.76,0.65,159.0,ERP미등록
③ERP無코드,MJU65010503,케이비,0.01268, ,4.76,0.65,169.0,ERP미등록
③ERP無코드,MJU65010504,케이비,0.00953, ,4.76,0.65,127.0,ERP미등록
③ERP無코드,MJU65010505,케이비,0.01126, ,4.76,0.65,150.0,ERP미등록
③ERP無코드,T-C01818315,케이비,0.13419, ,12.7,0.75,533.0,ERP미등록
③ERP無코드,T-C01818268,케이비,0.27769, ,15.88,0.95,697.0,ERP미등록
③ERP無코드,T-C01818261,케이비,0.07968, ,15.88,0.95,200.0,ERP미등록
③ERP無코드,T-U36A.PIPE03,케이비,0.18168, ,15.88,0.95,456.0,ERP미등록
③ERP無코드,T-U36A.PIPE07,케이비,0.10478, ,15.88,0.95,263.0,ERP미등록
③ERP無코드,T-U36A.PIPE08,케이비,0.11873, ,15.88,0.95,298.0,ERP미등록
③ERP無코드,T-MJU66567002,케이비,0.16534, ,15.88,0.95,415.0,ERP미등록
③ERP無코드,T-MJU65010301,케이비,0.01862, ,9.52,0.65,115.0,ERP미등록
③ERP無코드,T-MJU65010302,케이비,0.03531, ,9.52,0.65,218.0,ERP미등록
③ERP無코드,T-C01848780,케이비,0.07804, ,12.7,0.75,310.0,ERP미등록
③ERP無코드,T-C01825706,케이비,0.07074, ,12.7,0.75,281.0,ERP미등록
③ERP無코드,T-C01825692,케이비,0.15181, ,12.7,0.75,603.0,ERP미등록
③ERP無코드,MJU61131915,케이비,0.02056, ,4.76,0.65,274.0,ERP미등록
③ERP無코드,PIPE5,케이비,0.00719, ,7.94,0.65,54.0,ERP미등록
③ERP無코드,PIPE6,케이비,0.03714, ,7.94,0.65,279.0,ERP미등록
③ERP無코드,T-C01843982,케이비,0.09084, ,15.88,0.95,228.0,ERP미등록
③ERP無코드,T-C01840288,케이비,0.10956, ,15.88,0.95,275.0,ERP미등록
③ERP無코드,T-C01844172,케이비,0.11952, ,15.88,0.95,300.0,ERP미등록
③ERP無코드,MJU66779325,케이비,0.01074, ,9.52,0.65,66.3,ERP미등록
③ERP無코드,MJU66779324,케이비,0.00972, ,9.52,0.65,60.0,ERP미등록
③ERP無코드,MJU63616505,케이비,0.0281, ,6.35,0.65,270.0,ERP미등록
③ERP無코드,T-C01882126,케이비,0.1462, ,9.52,0.7,843.0,ERP미등록
③ERP無코드,T-C01882171,케이비,0.1188, ,9.52,0.7,685.0,ERP미등록
③ERP無코드,MJU66856805,케이비,0.00972, ,9.52,0.65,60.0,ERP미등록
③ERP無코드,MJU66856806,케이비,0.00676, ,6.35,0.65,65.0,ERP미등록
③ERP無코드,MJU66856807,케이비,0.01749, ,9.52,0.65,108.0,ERP미등록
③ERP無코드,MJU66856809,케이비,0.02071, ,6.35,0.65,199.0,ERP미등록
③ERP無코드,MJU66868627,케이비,0.02591, ,9.52,0.65,160.0,ERP미등록
③ERP無코드,MJU66868624,케이비,0.02467, ,12.7,0.75,98.0,ERP미등록
③ERP無코드,MJU66508006,케이비,0.1863, ,12.7,0.75,740.0,ERP미등록
③ERP無코드,T-CO1911428,케이비,0.00893, ,7.0,0.65,77.0,ERP미등록
③ERP無코드,MJU63156816,케이비,0.12487, ,12.7,0.75,496.0,ERP미등록
③ERP無코드,T-U18A-SUC1-1,케이비,0.06143, ,12.7,0.75,244.0,ERP미등록
③ERP無코드,MJU63209818,케이비,0.11984, ,12.7,0.75,476.0,ERP미등록
③ERP無코드,MJU007888201,케이비,0.00881, ,7.0,0.65,76.0,ERP미등록
③ERP無코드,MJU007883001,케이비,0.02238, ,6.35,0.65,215.0,ERP미등록
③ERP無코드,L-TUBE,MTS,0.25016, ,19.05,0.95,518.0,ERP미등록
③ERP無코드,S-TUBE,MTS,0.13667, ,19.05,0.95,283.0,ERP미등록
③ERP無코드,5210A25929H,MTS,0.15205, ,15.88,0.95,381.70000000000005,ERP미등록
③ERP無코드,MJU55257301,MTS,0.30195, ,15.88,0.95,758.0,ERP미등록
③ERP無코드,MJU55257302,MTS,0.24579, ,15.88,0.95,617.0,ERP미등록
③ERP無코드,MJU55256702,MTS,0.0256, ,19.05,0.95,53.0,ERP미등록
③ERP無코드,5210AP3950M,MTS,0.06015, ,15.88,0.95,151.0,ERP미등록
③ERP無코드,5210A276900C,MTS,0.54958, ,19.05,0.95,1138.0,ERP미등록
③ERP無코드,5210A21244N,MTS,0.32506, ,15.88,0.95,816.0,ERP미등록
③ERP無코드,5210A21244F,MTS,0.16532, ,15.88,0.95,415.0,ERP미등록
③ERP無코드,5210A23581A,MTS,0.0972, ,15.88,0.95,244.0,ERP미등록
③ERP無코드,5210A25790B,MTS,0.49316, ,15.88,0.95,1238.0,ERP미등록
③ERP無코드,2510A25790A,MTS,0.45891, ,15.88,0.95,1152.0,ERP미등록
③ERP無코드,5210A25790C,MTS,0.49316, ,15.88,0.95,1238.0,ERP미등록
③ERP無코드,5210A25790D,MTS,0.45891, ,15.88,0.95,1152.0,ERP미등록
③ERP無코드,5210A25639A,MTS,0.29362, ,19.05,0.95,608.0,ERP미등록
③ERP無코드,5998A20002H-2,MTS,0.03506, ,15.88,0.95,88.0,ERP미등록
③ERP無코드,5998A20002H-3,MTS,0.09242, ,15.88,0.95,232.0,ERP미등록
③ERP無코드,5998A20002H-4,MTS,0.03021, ,12.7,0.75,120.0,ERP미등록
③ERP無코드,MJU31419001,MTS,0.13467, ,12.7,0.75,535.0,ERP미등록
③ERP無코드,MJU31417501,MTS,0.39158, ,15.88,0.95,983.0,ERP미등록
③ERP無코드,TUBE,MTS,0.49675, ,15.88,0.95,1247.0,ERP미등록
③ERP無코드,MJU47063901(SVC),MTS,0.38161, ,12.7,0.75,758.0,ERP미등록
③ERP無코드,MJU42911801,MTS,0.00518, ,9.52,0.65,32.0,ERP미등록
③ERP無코드,MJU42403118,MTS,0.32307, ,15.88,0.95,811.0,ERP미등록
③ERP無코드,MJU63052501,MTS,0.47404, ,15.88,0.95,1190.0,ERP미등록
③ERP無코드,5210A21400B,MTS,0.06343, ,12.7,0.75,252.0,ERP미등록
③ERP無코드,MJU63087301,MTS,0.41588, ,15.88,0.95,1044.0,ERP미등록
③ERP無코드,MJU63087401,MTS,0.06343, ,12.7,0.75,252.0,ERP미등록
③ERP無코드,MAA63264602-01,MTS,0.23101, ,19.05,1.2,384.0,ERP미등록
③ERP無코드,MAA63264602-02,MTS,0.02286, ,19.05,1.2,38.0,ERP미등록
③ERP無코드,MJU66006801,MTS,0.0365, ,12.7,0.75,145.0,ERP미등록
③ERP無코드,MJU65167103,MTS,0.00881, ,12.7,0.75,35.0,ERP미등록
③ERP無코드,MJU65167104,MTS,0.11034, ,15.88,0.95,277.0,ERP미등록
③ERP無코드,MJU66290604,MTS,0.06217, ,12.7,0.75,247.0,ERP미등록
③ERP無코드,MJU66290606,MTS,0.02517, ,12.7,0.75,100.0,ERP미등록
③ERP無코드,MJU66928315,MTS,0.06175, ,15.88,0.95,155.0,ERP미등록
③ERP無코드,MJU66928402,MTS,0.09361, ,15.88,0.95,235.0,ERP미등록
③ERP無코드,MJU63641023,썬텍,0.01814, ,9.52,0.65,112.0,ERP미등록
③ERP無코드,MJU55479901,썬텍,0.09881, ,15.88,0.95,248.0,ERP미등록
