node,name,cs_soyo,bom_soyo,ratio,direction,weld_item,last_prod,active,top_parent,cs_detail,cs_upd,bom_upd,newer
5211A11604A,"Tube Assembly, Connector",0.0072,0.0105,0.686,CS<BOM,RAC30599301-1,2026-05-28,1,,6.35φ×5·9.52φ×1,2022-03-16,2023-08-17,BOM최신
5211A20459J-SUB,은납-SUB,0.0015,0.0,,CS>BOM,RAC30599327,2026-07-02,1,5211A20459J,12.7φ×1,2026-07-01,2026-07-01,CS최신
5211A21806A,"Tube Assembly, Evaporator (Out)",0.0058,0.007,0.829,CS<BOM,RAC30599301-1,2026-01-12,1,,5.0φ×1·6.35φ×3·9.52φ×1,2022-12-01,2024-07-08,BOM최신
5211A21813B,"Tube Assembly, Manifold",0.0075,0.009,0.833,CS<BOM,RAC30599301-1,2026-04-09,1,,5.0φ×6·9.52φ×1,2022-03-15,2023-08-17,BOM최신
5211A23366A,"Tube Assembly, Manifold",0.0051,0.0,,CS>BOM,RAC30599327,2025-05-21,1,,9.52φ×1·9.52φ×2·12.7φ×1,2026-07-28,2025-05-28,CS최신
ADM73210516,Exchanger Assembly,0.0241,0.0172,1.401,CS>BOM,RAC30599330,2026-07-31,1,,9.52φ×1·15.88φ×1·28.0φ×1·28.0φ×1·28.0φ×1,2025-10-02,2025-10-02,BOM최신
AJJ72912201,Supporter Assembly,0.0012,0.0059,0.203,CS<BOM,RAC30599301-1,2025-03-14,1,,7.94φ×1,2026-07-01,2020-12-28,CS최신
AJJ75358444,Supporter Assembly,0.0051,0.0,,CS>BOM,RAC30599301-1,2026-06-11,1,,6.35φ×2·9.52φ×1·12.7φ×1,2024-03-22,2025-06-18,BOM최신
AJJ75698803,Supporter Assembly,0.0103,0.0018,5.722,CS>BOM,RAC30599301-1,2025-11-04,1,,15.88φ×1·31.75φ×1,2026-07-02,2024-07-17,CS최신
AJJ75838626,Supporter Assembly,0.0063,0.0051,1.235,CS>BOM,RAC30599328,2026-08-02,1,,6.35φ×2·9.52φ×1·9.52φ×1·12.7φ×1,2026-05-15,2026-06-30,BOM최신
AJJ76559010,Supporter Assembly,0.0099,0.0087,1.138,CS>BOM,RAC30599301-1,2025-11-06,1,,6.35φ×1·9.52φ×1·19.05φ×1·22.0φ×1,2024-01-04,2025-02-01,BOM최신
AJJ76559011,Supporter Assembly,0.0102,0.0117,0.872,CS<BOM,RAC30599301-1,2025-11-06,1,,6.35φ×1·12.7φ×1·19.05φ×1·22.0φ×1,2024-01-04,2025-02-01,BOM최신
AJR30004702,"Tube Assembly, Manifold(Indoor)",0.003,0.0012,2.5,CS>BOM,RAC30599327,2026-07-31,1,,9.52φ×1·15.88φ×1,2025-10-24,2025-09-04,CS최신
AJR30004702-SUB,은납-SUB,0.0036,0.0018,2.0,CS>BOM,RAC30599327-1,2026-07-30,1,AJR30004702,15.88φ×1·15.88φ×1,2025-09-11,2025-09-11,BOM최신
AJR30007603-SUB,은납-SUB,0.0024,0.0012,2.0,CS>BOM,RAC30599327-1,2026-07-22,1,AJR30007603,9.52φ×1·9.52φ×1,2025-09-11,2025-09-11,CS최신
AJR30008101-S6-2,사내 SUB,0.0105,0.0,,CS>BOM,RAC30599301-1,2025-11-28,1,AJR30008101,4.76φ×10,2025-08-05,2025-09-26,BOM최신
AJR30009001-SUB,은납-SUB,0.0024,0.0012,2.0,CS>BOM,RAC30599327-1,2025-08-19,1,AJR30009001,9.52φ×1·9.52φ×1,2025-09-11,2025-09-11,BOM최신
AJR30009401-SUB,은납-SUB,0.0012,0.0024,0.5,CS<BOM,RAC30599327,2025-09-18,1,AJR30009401,9.52φ×1,2025-05-20,2025-10-01,BOM최신
AJR30009402-고주파,AJR30009402-고주파 SUB,0.0084,0.0,,CS>BOM,RAC30599301-1,2025-10-14,1,AJR30009402,4.76φ×8,2025-05-20,2025-09-26,BOM최신
AJR30012009,"Tube Assembly,Reverse",0.0426,0.0492,0.866,CS<BOM,RAC30599301-1,2026-07-29,1,,6.35φ×4·9.52φ×1·22.0φ×2·28.0φ×4,2026-07-23,2025-05-15,CS최신
AJR30012009-SOCKET,Socket 은납 Sub,0.0024,0.0012,2.0,CS>BOM,RAC30599327-1,2026-07-29,1,AJR30012009,9.52φ×1·9.52φ×1,2025-09-10,2025-09-10,BOM최신
AJR30012010-SOCKET,Socket 은납 Sub,0.0024,0.0012,2.0,CS>BOM,RAC30599327-1,2026-07-29,1,AJR30012010,9.52φ×1·9.52φ×1,2025-09-10,2025-09-10,BOM최신
AJR30012011,"Tube Assembly,Reverse",0.0426,0.0576,0.74,CS<BOM,RAC30599301-1,2026-07-29,1,,6.35φ×4·9.52φ×1·22.0φ×2·28.0φ×4,2026-07-23,2025-07-28,CS최신
AJR30012011-SOCKET,Socket 은납 Sub,0.0024,0.0012,2.0,CS>BOM,RAC30599327-1,2026-07-29,1,AJR30012011,9.52φ×1·9.52φ×1,2025-09-10,2025-09-10,BOM최신
AJR30027702-SUB,고주파-SUB,0.0071,0.0,,CS>BOM,RAC30599301-1,2026-07-31,1,AJR30027702-SUB1,28.0φ×1,2026-08-04,2026-07-08,CS최신
AJR30028411,Tube Assembly,0.0126,0.0146,0.863,CS<BOM,RAC30599327,2026-03-24,1,,22.0φ×1·22.0φ×2,2025-07-28,2025-07-28,BOM최신
AJR30029802,"Tube Assembly,Manifold(Outdoor)",0.0168,0.0198,0.848,CS<BOM,RAC30599301-1,2025-06-24,1,,6.35φ×1·7.94φ×13,2024-02-05,2020-12-28,CS최신
AJR30030101,"Tube Assembly,Manifold(Indoor)",0.0156,0.0186,0.839,CS<BOM,RAC30599301-1,2026-07-20,1,,6.35φ×2·9.52φ×11,2024-02-05,2020-12-28,CS최신
AJR30031804,"Tube Assembly, Connector",0.0042,0.0066,0.636,CS<BOM,RAC30599301-1,2025-10-02,1,,6.35φ×2·15.88φ×1,2021-11-29,2023-08-17,BOM최신
AJR30069701-저압,AJR30069701-SUB,0.0024,0.0012,2.0,CS>BOM,RAC30599327,2026-07-13,1,AJR30069701,9.52φ×1·9.52φ×1,2025-04-28,2025-04-28,CS최신
AJR30073601,Tube Assembly Evaporator,0.006,0.0048,1.25,CS>BOM,RAC30599327,2026-07-29,1,,9.52φ×1·9.52φ×4,2025-09-25,2025-09-25,BOM최신
AJR30073601-은납,AJR30073601-은납,0.0024,0.0012,2.0,CS>BOM,RAC30599327-1,2025-11-13,1,AJR30073601,9.52φ×1·9.52φ×1,2025-09-08,2025-09-08,CS최신
AJR30073602-은납,은납 SUB,0.0024,0.0012,2.0,CS>BOM,RAC30599327-1,2026-02-06,1,AJR30073602,9.52φ×1·9.52φ×1,2025-09-08,2025-09-08,BOM최신
AJR30073604-은납,AJR30073604-은납,0.0024,0.0012,2.0,CS>BOM,RAC30599327-1,2025-09-16,1,AJR30073604,9.52φ×1·9.52φ×1,2025-09-11,2026-06-14,BOM최신
AJR30077901-은납,AJR30077901-SUB,0.0015,0.0,,CS>BOM,RAC30599327,2026-07-21,1,AJR30077901,12.7φ×1,2025-04-13,2025-11-26,BOM최신
AJR30086101,"Tube Assembly, Expansion",0.0207,0.0171,1.211,CS>BOM,RAC30599301-1,2025-12-17,1,,12.7φ×8·15.88φ×3·19.05φ×1,2023-10-11,2024-07-08,BOM최신
AJR30086102,"Tube Assembly, Expansion",0.0207,0.0171,1.211,CS>BOM,RAC30599301-1,2026-03-12,1,,12.7φ×8·15.88φ×3·19.05φ×1,2023-10-11,2026-02-24,BOM최신
AJR30095101-SUB,은납-SUB,0.0036,0.0018,2.0,CS>BOM,RAC30599327-1,2026-07-28,1,AJR30095101,15.88φ×1·15.88φ×1,2025-09-11,2025-09-11,BOM최신
AJR30100101,"Tube Assembly, Capillary",0.0024,0.0012,2.0,CS>BOM,RAC30599327,2026-07-28,1,,6.35φ×1·9.52φ×1,2025-05-28,2025-05-31,BOM최신
AJR30100101-은납,은납-SUB,0.0024,0.0012,2.0,CS>BOM,RAC30599327-1,2026-07-27,1,AJR30100101,9.52φ×1·9.52φ×1,2025-09-10,2025-09-10,BOM최신
AJR30101601,"Tube Assembly,Manifold(Indoor)",0.0138,0.0,,CS>BOM,RAC30599327,2026-07-31,1,,6.35φ×9·9.52φ×1·15.88φ×1,2025-08-21,2026-07-02,BOM최신
AJR30102601,"Tube Assembly, Expansion",0.0378,0.0,,CS>BOM,RAC30599301-1,2026-07-13,1,,7.94φ×8·9.52φ×11·12.7φ×10,2024-01-24,2025-12-05,BOM최신
AJR30103203,"Tube Assembly, Manifold(Indoor)",0.0171,0.0,,CS>BOM,RAC30599301-1,2025-03-10,1,,6.35φ×1·7.94φ×9·15.88φ×1·19.05φ×1,2024-06-03,2025-04-30,BOM최신
AJR30105801,Tube Assembly,0.0234,0.0312,0.75,CS<BOM,RAC30599301-1,2026-07-20,1,,6.35φ×5·7.94φ×1·15.88φ×9,2024-03-21,2025-04-30,BOM최신
AJR30106101,"Tube Assembly, Expansion",0.0153,0.0165,0.927,CS<BOM,RAC30599301-1,2026-07-21,1,,4.76φ×6·7.94φ×1·9.52φ×4·12.7φ×2,2024-03-18,2024-11-22,BOM최신
AJR30107701,"Tube Assembly, Manifold(Indoor)",0.0018,0.0,,CS>BOM,RAC30599327,2026-07-28,1,,15.88φ×1,2025-05-12,2026-04-04,BOM최신
AJR30107702-은납,AJR30107702-SUB,0.0036,0.0018,2.0,CS>BOM,RAC30599327-1,2026-07-27,1,AJR30107702,15.88φ×1·15.88φ×1,2025-09-10,2025-09-10,BOM최신
AJR30123001,"Tube Assembly,Reverse",0.0751,0.0728,1.032,CS>BOM,RAC30599327,2026-07-03,1,,4.76φ×2·6.35φ×7·7.94φ×1·9.52φ×2·9.52φ×5·22.0φ×1·28.0φ×6·31.75φ×1,2025-04-12,2025-06-25,BOM최신
AJR30133302,"Tube Assembly,Connector",0.0048,0.0024,2.0,CS>BOM,RAC30599301-1,2026-07-30,1,,9.52φ×4,2025-12-18,2026-07-24,BOM최신
AJR30133603-SUB-2,Sub Assy,0.0158,0.0084,1.881,CS>BOM,RAC30599301-1,2026-07-31,1,AJR30133603,9.52φ×1·19.05φ×1·22.0φ×1·28.0φ×1,2025-12-18,2026-07-03,BOM최신
AJR30133607,"Tube Assembly,Reverse",0.0228,0.0364,0.626,CS<BOM,RAC30599301-1,2026-07-28,1,,6.35φ×3·19.05φ×2·22.0φ×3,2026-07-30,2026-07-04,CS최신
AJR30133707,"Tube Assembly,Manifold(Outdoor)",0.0141,0.0,,CS>BOM,RAC30599301-1,2026-07-30,1,,28.0φ×2,2026-07-27,2026-07-04,CS최신
AJR30359801,"Tube Assembly, Evaporator",0.0072,0.018,0.4,CS<BOM,RAC30599301-1,2026-02-10,1,,6.35φ×5·9.52φ×1,2022-02-21,2024-05-17,BOM최신
AJR30360101,"Tube Assembly,Tubing",0.0024,0.0072,0.333,CS<BOM,RAC30599301-1,2025-07-29,1,,6.35φ×2,2022-02-21,2024-07-24,BOM최신
AJR32883903,"Tube Assembly,Manifold(Indoor)",0.0114,0.0129,0.884,CS<BOM,RAC30599301-1,2026-07-21,1,,6.35φ×8·15.88φ×1,2022-03-18,2025-06-16,BOM최신
AJR32883905,"Tube Assembly,Manifold(Indoor)",0.0138,0.0156,0.885,CS<BOM,RAC30599301-1,2026-07-29,1,,6.35φ×10·15.88φ×1,2022-05-05,2025-05-08,BOM최신
AJR32883911-은납,은납 SUB,0.0036,0.0018,2.0,CS>BOM,RAC30599327-1,2026-04-30,1,AJR32883911,15.88φ×1·15.88φ×1,2025-09-10,2025-09-10,BOM최신
AJR33796512,"Tube Assembly,Capillary",0.0012,0.003,0.4,CS<BOM,RAC30599301-1,2026-07-23,1,,9.52φ×1,2021-11-02,2024-04-02,BOM최신
AJR33796513,"Tube Assembly,Capillary",0.0012,0.003,0.4,CS<BOM,RAC30599301-1,2026-07-28,1,,9.52φ×1,2021-11-02,2024-09-05,BOM최신
AJR34407805,"Tube Assembly,Manifold(Indoor)",0.0177,0.0205,0.863,CS<BOM,RAC30599301-1,2024-11-19,1,,6.35φ×9·15.88φ×1,2019-11-26,2023-08-17,BOM최신
AJR34511808,"Tube Assembly, Manifold",0.018,0.0198,0.909,CS<BOM,RAC30599301-1,2026-07-22,1,,6.35φ×9·15.88φ×4,2022-10-06,2024-06-11,BOM최신
AJR36541603,"Tube Assembly,Manifold(Indoor)",0.009,0.0108,0.833,CS<BOM,RAC30599301-1,2026-02-14,1,,6.35φ×6·15.88φ×1,2022-05-05,2024-11-19,BOM최신
AJR36852203,"Tube Assembly, Manifold",0.0061,0.0073,0.836,CS<BOM,RAC30599301-1,2026-07-15,1,,4.76φ×3·6.35φ×1·9.52φ×1,2020-11-19,2025-05-14,BOM최신
AJR36852211-은납,AJR36852211-SUB,0.003,0.0015,2.0,CS>BOM,RAC30599327-1,2025-07-22,1,AJR36852211,12.7φ×1·12.7φ×1,2025-09-10,2025-09-10,BOM최신
AJR36852701,"Tube Assembly,Capillary",0.0089,0.0063,1.413,CS>BOM,RAC30599327,2026-07-06,1,,4.76φ×5·6.35φ×1·6.35φ×1·7.94φ×1,2026-07-10,2024-07-01,CS최신
AJR37039701-은납,AJR37039701-은납/체결,0.003,0.0015,2.0,CS>BOM,RAC30599327-1,2026-07-22,1,AJR37039701,12.7φ×1·12.7φ×1,2025-09-10,2025-09-10,BOM최신
AJR37039706-은납,AJR37039706-은납/체결,0.003,0.0015,2.0,CS>BOM,RAC30599327-1,2026-07-31,1,AJR37039706,12.7φ×1·12.7φ×1,2025-09-10,2025-09-10,BOM최신
AJR37048414,"Tube Assembly,Suction(Outdoor)",0.0045,0.0,,CS>BOM,RAC30599301-1,2025-02-12,1,,6.35φ×1·19.05φ×1,2026-07-08,2023-08-30,CS최신
AJR52676202-은납,AJR52676202-SUB,0.0015,0.0,,CS>BOM,RAC30599327,2026-07-30,1,AJR52676202,12.7φ×1,2025-05-26,2025-09-11,BOM최신
AJR52676207-은납,AJR52676207-SUB,0.0033,0.0018,1.833,CS>BOM,RAC30599327-1,2026-07-30,1,AJR52676207,12.7φ×1·15.88φ×1,2025-09-11,2026-04-10,BOM최신
AJR53980903-은납,은납 SUB,0.003,0.0015,2.0,CS>BOM,RAC30599327-1,2026-07-28,1,AJR53980903,12.7φ×1·12.7φ×1,2025-09-11,2025-09-11,BOM최신
AJR72914202-은납,AJR72914202-SUB,0.003,0.0015,2.0,CS>BOM,RAC30599327-1,2026-07-20,1,AJR72914202,12.7φ×1·12.7φ×1,2025-09-10,2025-09-10,BOM최신
AJR73063201,"Tube Assembly,Discharge",0.0024,0.0,,CS>BOM,RAC30599301-1,2026-02-02,1,,6.35φ×2,2019-01-30,2020-12-28,BOM최신
AJR73063202-은납,은납 SUB,0.0036,0.0024,1.5,CS>BOM,RAC30599327-1,2026-07-27,1,AJR73063202,6.35φ×1·6.35φ×2,2025-09-11,2025-09-11,BOM최신
AJR73065501-은납,은납 SUB,0.0024,0.0012,2.0,CS>BOM,RAC30599327-1,2026-07-30,1,AJR73065501,6.35φ×1·6.35φ×1,2025-09-11,2025-09-11,BOM최신
AJR73065601-은납,은납 SUB,0.003,0.0015,2.0,CS>BOM,RAC30599327-1,2026-07-31,1,AJR73065601,12.7φ×1·12.7φ×1,2025-09-11,2025-09-11,BOM최신
AJR73069602-은납,은납 SUB,0.0024,0.0012,2.0,CS>BOM,RAC30599327-1,2026-07-20,1,AJR73069602,6.35φ×1·6.35φ×1,2025-09-11,2025-09-11,CS최신
AJR73069701-은납,은납 SUB,0.003,0.0015,2.0,CS>BOM,RAC30599327-1,2026-07-16,1,AJR73069701,12.7φ×1·12.7φ×1,2025-09-11,2025-09-11,BOM최신
AJR73324406,"Tube Assembly,Manifold(Indoor)",0.0086,0.0098,0.878,CS<BOM,RAC30599301-1,2026-06-09,1,,15.88φ×3,2019-11-23,2024-04-03,BOM최신
AJR73767818,"Tube Assembly,Reverse",0.0754,0.0742,1.016,CS>BOM,RAC30599301-1,2026-05-29,1,,6.35φ×5·7.94φ×1·9.52φ×2·15.88φ×1·22.0φ×1·28.0φ×5,2026-07-28,2024-04-25,CS최신
AJR73803007,"Tube Assembly,Connector",0.0072,0.006,1.2,CS>BOM,RAC30599327,2026-07-01,1,,9.52φ×1·9.52φ×5,2026-07-01,2026-07-01,BOM최신
AJR73952501-은납,은납 SUB,0.0036,0.0018,2.0,CS>BOM,RAC30599327-1,2026-07-31,1,AJR73952501,15.88φ×1·15.88φ×1,2025-09-10,2025-09-10,BOM최신
AJR73952503-은납,은납 SUB,0.003,0.0015,2.0,CS>BOM,RAC30599327-1,2025-10-16,1,AJR73952503,12.7φ×1·12.7φ×1,2025-09-10,2026-06-14,BOM최신
AJR73980306,"Tube Assembly,Reverse",0.0423,0.0,,CS>BOM,RAC30599301-1,2025-03-17,1,,6.35φ×6·9.52φ×9·19.05φ×1·22.0φ×5,2023-10-06,2025-02-17,BOM최신
AJR73980317,"Tube Assembly,Reverse",0.0234,0.0252,0.929,CS<BOM,RAC30599301-1,2026-06-29,1,,6.35φ×1·15.88φ×1·22.0φ×3,2019-11-24,2024-09-27,BOM최신
AJR73980318,"Tube Assembly,Reverse",0.0234,0.0252,0.929,CS<BOM,RAC30599301-1,2026-07-07,1,,6.35φ×1·15.88φ×1·22.0φ×3,2019-11-24,2025-04-21,BOM최신
AJR73980323,"Tube Assembly,Reverse",0.0387,0.0273,1.418,CS>BOM,RAC30599301-1,2026-02-23,1,,6.35φ×5·9.52φ×7·19.05φ×1·22.0φ×5,2023-10-10,2025-01-17,BOM최신
AJR73988601,"Tube Assembly, Condenser",0.0129,0.0117,1.103,CS>BOM,RAC30599301-1,2026-07-10,1,,4.76φ×2·6.35φ×8·9.52φ×1,2023-10-12,2022-10-15,CS최신
AJR74125301,"Tube Assembly,Condenser(Out)",0.0024,0.0055,0.436,CS<BOM,RAC30599301-1,2026-02-25,1,,9.52φ×2,2023-10-13,2020-12-28,CS최신
AJR74162503,"Tube Assembly,Condenser(Out)",0.0114,0.0,,CS>BOM,RAC30599301-1,2026-06-11,1,,6.35φ×6·7.94φ×1·12.7φ×2,2026-07-14,2026-07-14,CS최신
AJR74230302,"Tube Assembly,Capillary",0.0126,0.0,,CS>BOM,RAC30599301-1,2025-06-09,1,,4.76φ×12,2023-10-14,2025-05-30,BOM최신
AJR74243206,"Tube Assembly,Condenser(In)",0.0186,0.0171,1.088,CS>BOM,RAC30599301-1,2025-11-24,1,,5.0φ×10·6.35φ×2·9.52φ×1·12.7φ×3,2023-10-14,2022-03-15,CS최신
AJR74263401,"Tube Assembly, Connector",0.006,0.0,,CS>BOM,RAC30599301-1,2026-06-11,1,,9.52φ×5,2023-10-14,2025-08-30,BOM최신
AJR74263402,"Tube Assembly, Connector",0.006,0.0048,1.25,CS>BOM,RAC30599301-1,2025-07-03,1,,9.52φ×5,2023-10-14,2022-03-18,CS최신
AJR74282902,"Tube Assembly,Discharge(Outdoor)",0.0087,0.0101,0.861,CS<BOM,RAC30599301-1,2025-02-07,1,,4.76φ×2·6.35φ×3·12.7φ×2,2023-10-14,2020-12-28,CS최신
AJR74284501-은납,AJR74284501-SUB,0.0036,0.0018,2.0,CS>BOM,RAC30599327-1,2026-07-31,1,AJR74284501,15.88φ×1·15.88φ×1,2025-09-10,2025-09-10,BOM최신
AJR74284505-은납,AJR74284505-은납 SUB,0.003,0.0015,2.0,CS>BOM,RAC30599327-1,2026-06-08,1,AJR74284505,12.7φ×1·12.7φ×1,2025-09-10,2025-09-10,BOM최신
AJR74286002,"Tube Assembly,Suction(Indoor)",0.0034,0.0016,2.125,CS>BOM,RAC30599301-1,2026-07-23,1,,6.35φ×1·15.88φ×1,2023-10-14,2025-12-11,BOM최신
AJR74302403-은납,AJR74302403-은납,0.0024,0.0012,2.0,CS>BOM,RAC30599327-1,2026-07-21,1,AJR74302403,9.52φ×1·9.52φ×1,2025-09-10,2025-09-10,BOM최신
AJR74302405-은납,AJR74302405-은납,0.0024,0.0012,2.0,CS>BOM,RAC30599327-1,2026-07-31,1,AJR74302405,9.52φ×1·9.52φ×1,2025-09-10,2025-09-10,BOM최신
AJR74364809,"Tube Assembly,Expansion",0.0108,0.0126,0.857,CS<BOM,RAC30599301-1,2026-03-04,1,,9.52φ×4·12.7φ×4,2023-10-14,2022-03-15,CS최신
AJR74364901,"Tube Assembly,Manifold(Outdoor)",0.0192,0.0348,0.552,CS<BOM,RAC30599301-1,2025-03-12,1,,6.35φ×16,2026-07-14,2024-04-03,CS최신
AJR74365101,"Tube Assembly, Distributor",0.018,0.0342,0.526,CS<BOM,RAC30599301-1,2025-09-17,1,,6.35φ×15,2025-07-21,2025-07-21,BOM최신
AJR74365101-SUB,고주파 SUB,0.0147,0.0,,CS>BOM,RAC30599327,2025-09-03,1,AJR74365101,4.76φ×14,2025-07-21,2025-09-26,BOM최신
AJR74424506,"Tube Assembly,Manifold(Outdoor)",0.018,0.0138,1.304,CS>BOM,RAC30599301-1,2025-07-31,1,,6.35φ×10·12.7φ×4,2023-10-14,2024-01-28,BOM최신
AJR74524701-SOCKET,Socket 은납 Sub,0.0024,0.0012,2.0,CS>BOM,RAC30599327-1,2026-07-31,1,AJR74524701,9.52φ×1·9.52φ×1,2025-09-10,2025-09-10,BOM최신
AJR74683101,"Tube Assembly,Reverse",0.0492,0.0323,1.523,CS>BOM,RAC30599301-1,2025-02-07,1,,6.35φ×5·9.52φ×11·19.05φ×1·22.0φ×5·25.4φ×1,2023-10-16,2024-04-25,BOM최신
AJR74823001-은납,은납 SUB,0.0024,0.0012,2.0,CS>BOM,RAC30599327-1,2026-07-30,1,AJR74823001,9.52φ×1·9.52φ×1,2025-09-10,2026-06-30,BOM최신
AJR74823101-은납,은납 SUB,0.003,0.0015,2.0,CS>BOM,RAC30599327-1,2026-07-30,1,AJR74823101,12.7φ×1·12.7φ×1,2025-09-10,2025-09-10,BOM최신
AJR74823102-은납,은납-SUB,0.0036,0.0018,2.0,CS>BOM,RAC30599327-1,2026-07-30,1,AJR74823102,15.88φ×1·15.88φ×1,2025-09-10,2025-09-10,BOM최신
AJR74823103-은납,은납-SUB,0.0033,0.0018,1.833,CS>BOM,RAC30599327-1,2026-07-30,1,AJR74823103,12.7φ×1·15.88φ×1,2025-09-11,2025-09-11,BOM최신
AJR74823104-은납,은납-SUB,0.0036,0.0018,2.0,CS>BOM,RAC30599327-1,2026-07-31,1,AJR74823104,15.88φ×1·15.88φ×1,2025-09-11,2025-09-11,BOM최신
AJR74843701,"Tube Assembly,Manifold(Indoor)",0.012,0.0,,CS>BOM,RAC30599301-1,2026-06-15,1,,6.35φ×7·15.88φ×2,2026-07-02,2024-07-03,CS최신
AJR74843702,"Tube Assembly,Manifold(Indoor)",0.0186,0.0216,0.861,CS<BOM,RAC30599301-1,2026-06-15,1,,7.94φ×7·15.88φ×1·22.0φ×2,2023-08-04,2023-08-17,BOM최신
AJR74844301-은납,은납-SUB,0.0036,0.0018,2.0,CS>BOM,RAC30599327-1,2026-07-31,1,AJR74844301,15.88φ×1·15.88φ×1,2025-09-11,2025-09-11,BOM최신
AJR74844302,"Tube Assembly,Manifold(Indoor)",0.0153,0.0183,0.836,CS<BOM,RAC30599301-1,2026-07-15,1,,6.35φ×6·12.7φ×1·19.05φ×2,2022-05-01,2024-04-19,BOM최신
AJR74844311-은납,AJR74844311-SUB,0.0036,0.0018,2.0,CS>BOM,RAC30599327-1,2026-07-30,1,AJR74844311,15.88φ×1·15.88φ×1,2025-09-11,2025-09-11,BOM최신
AJR74844312,"Tube Assembly,Manifold(Indoor)",0.0228,0.0216,1.056,CS>BOM,RAC30599301-1,2026-07-31,1,,6.35φ×2·9.52φ×7·15.88φ×2·22.0φ×2,2023-10-16,2024-04-16,BOM최신
AJR74844314,"Tube Assembly,Manifold(Indoor)",0.018,0.0165,1.091,CS>BOM,RAC30599327,2026-02-13,1,,6.35φ×6·7.94φ×1·12.7φ×1·12.7φ×1·19.05φ×2,2025-09-09,2025-08-30,CS최신
AJR74844315,"Tube Assembly,Manifold(Indoor)",0.0177,0.015,1.18,CS>BOM,RAC30599327,2026-02-13,1,,6.35φ×1·6.35φ×6·9.52φ×1·12.7φ×1·19.05φ×2,2026-01-20,2026-01-20,BOM최신
AJR74844318,"Tube Assembly,Manifold(Indoor)",0.024,0.0222,1.081,CS>BOM,RAC30599327,2026-02-27,1,,7.94φ×1·9.52φ×9·15.88φ×1·15.88φ×1·22.0φ×2,2025-10-01,2025-08-30,CS최신
AJR74923002-은납,은납-SUB,0.0036,0.0018,2.0,CS>BOM,RAC30599327-1,2026-07-29,1,AJR74923002,15.88φ×1·15.88φ×1,2025-09-11,2025-09-11,BOM최신
AJR74942626-고압,AJR74942626-SUB,0.0024,0.0012,2.0,CS>BOM,RAC30599327-1,2026-07-15,1,AJR74942626,9.52φ×1·9.52φ×1,2025-09-11,2025-12-02,BOM최신
AJR74943201,"Tube Assembly,Manifold(Indoor)",0.0018,0.0026,0.692,CS<BOM,RAC30599327,2026-07-27,1,,15.88φ×1,2025-08-04,2025-08-04,BOM최신
AJR74962904,"Tube Assembly,Manifold(Indoor)",0.0012,0.0174,0.069,CS<BOM,RAC30599327,2026-07-29,1,,6.35φ×1,2025-08-05,2025-08-05,BOM최신
AJR74962904-은납,AJR74962904-은납,0.0036,0.0018,2.0,CS>BOM,RAC30599327-1,2026-07-28,1,AJR74962904,15.88φ×1·15.88φ×1,2025-09-08,2025-09-08,CS최신
AJR74962906,"Tube Assembly,Manifold(Indoor)",0.0132,0.015,0.88,CS<BOM,RAC30599301-1,2024-10-28,1,,6.35φ×11,2022-12-02,2024-06-21,BOM최신
AJR74963001-은납,AJR74963001-SUB,0.0036,0.0018,2.0,CS>BOM,RAC30599327-1,2026-07-28,1,AJR74963001,15.88φ×1·15.88φ×1,2025-09-08,2025-09-08,CS최신
AJR74963003-은납,AJR74963003-SUB,0.0033,0.0018,1.833,CS>BOM,RAC30599327-1,2026-07-28,1,AJR74963003,12.7φ×1·15.88φ×1,2025-09-11,2025-09-11,BOM최신
AJR75062911-SUB,AJR75062911-고주파,0.021,0.0,,CS>BOM,RAC30599301-1,2025-10-14,1,AJR75062911,4.76φ×20,2025-07-18,2025-09-26,BOM최신
AJR75163206,"Tube Assembly,Manifold(Indoor)",0.0027,0.0015,1.8,CS>BOM,RAC30599327,2026-07-27,1,,6.35φ×1·12.7φ×1,2026-04-04,2024-04-04,CS최신
AJR75242806,"Tube Assembly, Evaporator(In)",0.0012,0.0024,0.5,CS<BOM,RAC30599301-1,2025-05-15,1,AJR75243106,6.35φ×1,2021-09-27,2024-09-04,BOM최신
AJR75243015,"Tube Assembly, Evaporator(Out)",0.0012,0.0024,0.5,CS<BOM,RAC30599301-1,2025-05-14,1,AJR75243119,9.52φ×1,2022-01-06,2024-05-28,BOM최신
AJR75462802,"Tube Assembly,Suction",0.0159,0.0048,3.313,CS>BOM,RAC30599301-1,2026-07-31,1,,6.35φ×1·12.7φ×5·15.88φ×4,2023-12-20,2026-05-21,BOM최신
AJR75464301,"Tube Assembly,Manifold(Indoor)",0.0087,0.0102,0.853,CS<BOM,RAC30599301-1,2026-07-29,1,,6.35φ×5·7.94φ×1·12.7φ×1,2023-08-18,2024-04-02,BOM최신
AJR75544201,"Tube Assembly,Expansion",0.0105,0.0,,CS>BOM,RAC30599301-1,2026-05-08,1,,9.52φ×3·12.7φ×1·15.88φ×3,2019-05-08,2025-08-30,BOM최신
AJR75563402-은납,AJR75563402-은납,0.0015,0.0,,CS>BOM,RAC30599327,2026-07-31,1,AJR75563402,12.7φ×1,2025-05-26,2026-05-24,BOM최신
AJR75645201-SUB,AJR75645201-고주파,0.0147,0.0,,CS>BOM,RAC30599301-1,2026-07-27,1,AJR75645201,4.76φ×14,2025-06-18,2025-09-26,BOM최신
AJR75782901,"Tube Assembly,Discharge(Outdoor)",0.0036,0.0021,1.714,CS>BOM,RAC30599301-1,2026-05-29,1,,6.35φ×2·7.94φ×1,2026-07-01,2026-05-22,CS최신
AJR75786301-은납,AJR75786301-은납,0.0024,0.0012,2.0,CS>BOM,RAC30599327-1,2025-10-31,1,AJR75786301,9.52φ×1·9.52φ×1,2025-09-11,2025-09-11,BOM최신
AJR75786302-은납,AJR75786302-은납,0.0024,0.0012,2.0,CS>BOM,RAC30599327-1,2025-09-15,1,AJR75786302,9.52φ×1·9.52φ×1,2025-09-11,2025-09-11,CS최신
AJR75802613,Tube Assembly,0.024,0.0156,1.538,CS>BOM,RAC30599327,2026-07-02,1,,12.7φ×1·22.0φ×2·28.0φ×2,2025-07-28,2025-07-28,BOM최신
AJR76402407-SOCKET,Socket 은납 Sub,0.0024,0.0012,2.0,CS>BOM,RAC30599327-1,2026-06-22,1,AJR76402407,9.52φ×1·9.52φ×1,2025-09-11,2025-09-11,BOM최신
AJR76462903,판형 수배관 SUB,0.014,0.022,0.636,CS<BOM,RAC30599328,2026-04-15,1,ADM73210511,6.35φ×1·25.4φ×1·28.0φ×1,2026-07-28,2025-07-29,CS최신
AJR76562802,"Tube Assembly,Manifold(Outdoor)",0.0066,0.0057,1.158,CS>BOM,RAC30599301-1,2025-05-14,1,,19.05φ×2,2023-08-29,2024-10-02,BOM최신
AJR76663205-SUB,은납-SUB,0.003,0.0018,1.667,CS>BOM,RAC30599327-1,2026-07-30,1,AJR76663205,6.35φ×1·15.88φ×1,2025-09-10,2025-09-10,BOM최신
AJR76742301-SUB,은납-SUB,0.0036,0.0018,2.0,CS>BOM,RAC30599327-1,2026-07-08,1,AJR76742301,15.88φ×1·15.88φ×1,2025-09-10,2025-09-10,BOM최신
AJR76742306,"Tube Assembly,Manifold(Indoor)",0.021,0.0222,0.946,CS<BOM,RAC30599301-1,2026-07-21,1,,9.52φ×9·15.88φ×1·22.0φ×2,2022-05-21,2024-04-30,BOM최신
AJR76742308,"Tube Assembly,Manifold(Indoor)",0.021,0.0198,1.061,CS>BOM,RAC30599327,2026-07-07,1,,9.52φ×1·9.52φ×8·15.88φ×1·22.0φ×2,2025-06-25,2025-06-25,CS최신
AJR76742309,"Tube Assembly,Manifold(Indoor)",0.0234,0.0222,1.054,CS>BOM,RAC30599327,2026-06-22,1,,9.52φ×1·9.52φ×10·15.88φ×1·22.0φ×2,2025-07-31,2025-07-31,BOM최신
AJR77189104,"Tube Assembly,Manifold(Indoor)",0.0051,0.0081,0.63,CS<BOM,RAC30599301-1,2024-12-17,1,,6.35φ×3·12.7φ×1,2022-06-04,2024-03-21,BOM최신
AJR77224010,"Tube Assembly,Reverse",0.0124,0.0284,0.437,CS<BOM,RAC30599301-1,2026-05-13,1,,6.35φ×1·22.0φ×1·28.0φ×1,2026-02-09,2026-03-17,BOM최신
AJR77224506-S1-4,사내 SUB,0.0054,0.0072,0.75,CS<BOM,RAC30599301-1,2025-08-31,1,,9.52φ×2·12.7φ×2,2022-02-10,2026-01-20,BOM최신
AJR77225610,"Tube Assembly,Reverse",0.0418,0.056,0.746,CS<BOM,RAC30599301-1,2026-04-08,1,,6.35φ×1·9.52φ×1·22.0φ×1·28.0φ×5,2026-02-09,2026-02-09,BOM최신
AJR77263006,"Tube Assembly,Manifold(Outdoor)",0.0084,0.0,,CS>BOM,RAC30599301-1,2025-02-20,1,,22.0φ×2,2022-01-27,2024-05-10,BOM최신
MJU65551101-SUB(4),황동 커플링 SUB(4),0.0141,0.0071,1.986,CS>BOM,RAC30599327,2026-07-30,1,AJR30027701-SUB1,28.0φ×1·28.0φ×1,2025-09-29,2026-03-17,BOM최신
MJU66779316-은납,MJU66779316-SUB,0.0024,0.0012,2.0,CS>BOM,RAC30599327-1,2026-07-29,1,ADM73210510,9.52φ×1·9.52φ×1,2025-09-10,2025-09-10,BOM최신
5211A10305J-2-1,5211A10305J-2-1,0.0077,0.0141,0.546,CS<BOM,RAC30599301-1,없음,0,,4.76φ×5·6.35φ×1·9.52φ×1,2021-01-21,2020-12-30,CS최신
5211A10305J-S6-4,사내 SUB,0.0077,0.0141,0.546,CS<BOM,RAC30599301-1,없음,0,5211A10305J,4.76φ×5·6.35φ×1·9.52φ×1,2022-01-10,2024-05-28,BOM최신
5211A20230D,"Tube Assembly, Evaporator (Out)",0.0036,0.0051,0.706,CS<BOM,RAC30599301-1,없음,0,,7.94φ×2·9.52φ×1,2022-03-16,2023-03-15,BOM최신
5211A21333E,"Tube Assembly, Manifold (Indoor)",0.0084,0.0117,0.718,CS<BOM,RAC30599301-1,없음,0,,9.52φ×7,2022-03-16,2023-08-17,BOM최신
5211A21904N,"Tube Assembly,Connector",0.0012,0.0,,CS>BOM,RAC30599301-1,없음,0,,6.35φ×1,2020-09-10,2024-03-15,BOM최신
5211A29912F,5211A29912F,0.0108,0.0205,0.527,CS<BOM,RAC30599301-1,없음,0,AJR30374209,6.35φ×9,2019-01-25,2023-08-17,BOM최신
AAB73230902-0,SUB ASSY,0.0045,0.0029,1.552,CS>BOM,RAC30599301-1,없음,0,AJR74123801,6.35φ×1·19.05φ×1,2023-10-14,2020-12-28,CS최신
AAB73230902-1,SUB ASSY,0.0045,0.0029,1.552,CS>BOM,RAC30599301-1,없음,0,AJR74162602,6.35φ×1·19.05φ×1,2023-10-14,2020-12-28,CS최신
ADM72950706,Exchanger Assembly,0.0012,0.0354,0.034,CS<BOM,RAC30599301-1,없음,0,,6.35φ×1,2023-09-04,2024-04-03,BOM최신
ADM75351201,판형 열교환기,0.0012,0.0042,0.286,CS<BOM,RAC30599301-1,없음,0,,6.35φ×1,2022-10-05,2024-04-03,BOM최신
AGR30801603,,0.0024,1.0,0.002,CS<BOM,RAC30599301-1,없음,0,,9.52φ×2,2026-07-30,2026-07-28,CS최신
AGR30801604,,0.0024,1.0,0.002,CS<BOM,RAC30599301-1,없음,0,,9.52φ×2,2026-07-30,2026-07-28,CS최신
AJR30000501,"Tube Assembly, Expansion",0.0024,0.0,,CS>BOM,RAC30599328,없음,0,AJR77224801,9.52φ×2,2022-06-29,2026-07-02,BOM최신
AJR30007101-S5-1,사내 SUB,0.0228,0.0,,CS>BOM,RAC30599301-1,없음,0,AJR30007101,6.35φ×9·9.52φ×10,2021-09-29,2023-10-12,BOM최신
AJR30012001,"Tube Assembly,Reverse",0.0339,0.0351,0.966,CS<BOM,RAC30599301-1,없음,0,,6.35φ×6·9.52φ×3·12.7φ×1·19.05φ×4·22.0φ×2,2020-09-21,2023-08-17,BOM최신
AJR30012008-20-1,썬텍 SUB,0.0048,0.0,,CS>BOM,RAC30599301-1,없음,0,AJR30012008,6.35φ×2·9.52φ×2,2026-07-23,2026-07-13,CS최신
AJR30012009-20-1,썬텍 SUB,0.0057,0.0,,CS>BOM,RAC30599301-1,없음,0,AJR30012009,6.35φ×2·19.05φ×1,2026-07-23,2026-07-13,CS최신
AJR30012010-20-1,썬텍 SUB,0.0024,0.0,,CS>BOM,RAC30599301-1,없음,0,AJR30012010,6.35φ×2,2026-07-23,2026-07-13,CS최신
AJR30012011-20-1,썬텍 SUB,0.015,0.0,,CS>BOM,RAC30599301-1,없음,0,AJR30012011,6.35φ×2·22.0φ×3,2026-07-23,2026-07-13,CS최신
AJR30028404,Tube Assembly,0.0042,0.0183,0.23,CS<BOM,RAC30599301-1,없음,0,,22.0φ×1,2022-11-03,2023-08-17,BOM최신
AJR30031201-12-1,대원 SUB,0.0105,0.021,0.5,CS<BOM,RAC30599301-1,없음,0,AJR30031201,4.76φ×10,2022-12-02,2022-12-02,BOM최신
AJR30031801,"Tube Assembly,Connector",0.0042,0.0054,0.778,CS<BOM,RAC30599301-1,없음,0,,6.35φ×1·9.52φ×1·15.88φ×1,2020-09-28,2023-08-17,BOM최신
AJR30037109,"Tube Assembly,Suction(Outdoor)",0.0156,0.0144,1.083,CS>BOM,RAC30599301-1,없음,0,,6.35φ×2·7.94φ×2·9.52φ×2·22.0φ×2,2026-07-20,2026-06-22,CS최신
AJR30037110,"Tube Assembly,Suction(Outdoor)",0.0156,0.0144,1.083,CS>BOM,RAC30599301-1,없음,0,,6.35φ×2·7.94φ×2·9.52φ×2·22.0φ×2,2026-07-20,2026-06-22,CS최신
AJR30037111,"Tube Assembly,Suction(Outdoor)",0.0156,0.0144,1.083,CS>BOM,RAC30599301-1,없음,0,,6.35φ×2·7.94φ×2·9.52φ×2·22.0φ×2,2026-07-20,2026-06-22,CS최신
AJR30038301-S6-1,사내 SUB,0.003,0.0093,0.323,CS<BOM,RAC30599301-1,없음,0,AJR30038301-S6-2,12.7φ×2,2021-09-01,2023-11-14,BOM최신
AJR30040304,"Tube Assembly, Connector",0.006,0.0,,CS>BOM,RAC30599301-1,없음,0,,12.7φ×4,2026-07-21,2026-07-21,CS최신
AJR30055201-J&I,태국 SUB,0.0093,0.0123,0.756,CS<BOM,RAC30599301-1,없음,0,,6.35φ×5·12.7φ×1·15.88φ×1,2022-09-15,2023-11-09,BOM최신
AJR30055202-J&I,태국 SUB,0.0093,0.0123,0.756,CS<BOM,RAC30599301-1,없음,0,,6.35φ×5·12.7φ×1·15.88φ×1,2022-09-26,2023-11-10,BOM최신
AJR30065902,ADM75404604 내재화 SUB ASSY,0.0042,0.0054,0.778,CS<BOM,RAC30599301-1,없음,0,,6.35φ×2·15.88φ×1,2022-05-16,2024-09-27,BOM최신
AJR30069701,Eva Out,0.0024,0.0012,2.0,CS>BOM,RAC30599327,없음,0,AJR30069601,9.52φ×1·9.52φ×1,2025-04-28,2025-12-24,BOM최신
AJR30075401-3-1,이젠터 Sub,0.0024,0.0,,CS>BOM,RAC30599301-1,없음,0,AJR30075401-4-4,6.35φ×1·9.52φ×1,2025-07-17,2026-04-13,BOM최신
AJR30075401-3-2,이젠터 Sub,0.0012,0.0,,CS>BOM,RAC30599301-1,없음,0,AJR30075401-4-4,9.52φ×1,2025-07-17,2026-04-13,BOM최신
AJR30077401,Evaporator(고강도),0.0036,0.0048,0.75,CS<BOM,RAC30599301-1,없음,0,,9.52φ×3,2023-04-25,2023-08-17,BOM최신
AJR30077402,Evaporator(고강도),0.0036,0.006,0.6,CS<BOM,RAC30599301-1,없음,0,,9.52φ×3,2023-04-25,2023-04-26,BOM최신
AJR30077601-J&I,태국 SUB,0.0093,0.0105,0.886,CS<BOM,RAC30599301-1,없음,0,AJR30077601,6.35φ×5·12.7φ×1·15.88φ×1,2023-04-25,2023-11-09,BOM최신
AJR30077602-J&I,태국 SUB,0.0093,0.0108,0.861,CS<BOM,RAC30599301-1,없음,0,AJR30077602,6.35φ×5·12.7φ×1·15.88φ×1,2023-04-25,2023-11-09,BOM최신
AJR30077801-J&I-2,태국 SUB,0.0024,0.0036,0.667,CS<BOM,RAC30599301-1,없음,0,AJR30077801-J&I,6.35φ×2,2023-04-05,2023-11-09,BOM최신
AJR30077901-J&I,태국 SUB,0.0063,0.0078,0.808,CS<BOM,RAC30599301-1,없음,0,AJR30077902-SUB,6.35φ×4·12.7φ×1,2023-04-25,2025-07-17,BOM최신
AJR30078001-J&I,태국 SUB,0.0056,0.0067,0.836,CS<BOM,RAC30599301-1,없음,0,AJR30078001,4.76φ×3·6.35φ×2,2023-04-25,2023-11-09,BOM최신
AJR30079101,"Tube Assembly, Expansion",0.0153,0.0165,0.927,CS<BOM,RAC30599301-1,2024-03-20,0,,4.76φ×6·6.35φ×1·9.52φ×4·12.7φ×2,2023-11-09,2023-09-06,CS최신
AJR30079501,Tube Assembly,0.0276,0.0312,0.885,CS<BOM,RAC30599301-1,2023-12-19,0,,6.35φ×8·15.88φ×10,2023-09-06,2024-03-15,BOM최신
AJR30089622,"Tube Assembly, Manifold(Outdoor)",0.0282,1.0,0.028,CS<BOM,RAC30599301-1,없음,0,,6.35φ×20·22.0φ×1,2026-07-20,2026-07-20,CS최신
AJR30089623,"Tube Assembly, Manifold(Outdoor)",0.0282,1.0,0.028,CS<BOM,RAC30599301-1,없음,0,,6.35φ×20·22.0φ×1,2026-07-20,2026-07-20,CS최신
AJR30089624,"Tube Assembly, Manifold(Outdoor)",0.0282,1.0,0.028,CS<BOM,RAC30599301-1,없음,0,,9.52φ×20·22.0φ×1,2026-07-21,2026-07-20,CS최신
AJR30089625,"Tube Assembly, Manifold(Outdoor)",0.0311,1.0,0.031,CS<BOM,RAC30599301-1,없음,0,,9.52φ×20·28.0φ×1,2026-07-21,2026-07-20,CS최신
AJR30089626,"Tube Assembly, Manifold(Outdoor)",0.0311,1.0,0.031,CS<BOM,RAC30599301-1,없음,0,,6.35φ×2·9.52φ×18·28.0φ×1,2026-07-21,2026-07-20,CS최신
AJR30113102,,0.0174,0.0,,CS>BOM,RAC30599301-1,없음,0,,6.35φ×3·9.52φ×2·12.7φ×1·19.05φ×3,2026-07-23,2026-07-23,CS최신
AJR30125603-20-1,썬텍 SUB,0.0024,1.0,0.002,CS<BOM,RAC30599301-1,없음,0,AJR30125504,9.52φ×2,2026-07-09,2026-06-11,CS최신
AJR30133604-12-1,대원 SUB,0.0112,0.0,,CS>BOM,RAC30599301-1,없음,0,AJR30133604-SUB-1,22.0φ×1·28.0φ×1,2026-07-30,2026-07-15,CS최신
AJR30133701-STS-1,STS Sub Assy,0.0221,0.0,,CS>BOM,RAC30599301-1,없음,0,,7.94φ×1·9.52φ×10·15.88φ×1·28.0φ×1,2025-12-16,2025-12-16,BOM최신
AJR30133707-4-1,미래 SUB,0.0012,0.0,,CS>BOM,RAC30599301-1,없음,0,AJR30133707-SUB-1,7.94φ×1,2026-07-27,2026-07-15,CS최신
AJR30133707-SUB-1,Sub Assy,0.0036,0.0,,CS>BOM,RAC30599301-1,없음,0,AJR30133707,9.52φ×3,2026-07-27,2026-07-04,CS최신
AJR30133707-SUB-2,Sub Assy,0.018,0.0,,CS>BOM,RAC30599301-1,없음,0,AJR30133707,9.52φ×15,2026-07-27,2026-07-13,CS최신
AJR30133708,"Tube Assembly,Manifold(Outdoor)",0.0141,0.0,,CS>BOM,RAC30599301-1,없음,0,,28.0φ×2,2026-06-30,2026-03-19,CS최신
AJR30133708-SUB-1,Sub Assy,0.0024,0.0,,CS>BOM,RAC30599301-1,없음,0,AJR30133708,7.94φ×1·9.52φ×1,2026-06-30,2026-03-19,CS최신
AJR30133708-SUB-2,Sub Assy,0.0072,0.0,,CS>BOM,RAC30599301-1,없음,0,AJR30133708,9.52φ×6,2026-06-30,2026-03-19,CS최신
AJR30175001,"Tube Assembly, Connector",0.0051,1.0,0.005,CS<BOM,RAC30599301-1,없음,0,,12.7φ×1·15.88φ×2,2026-07-16,2026-07-08,CS최신
AJR30175201,"Tube Assembly, Evaporator(In)",0.0177,1.0,0.018,CS<BOM,RAC30599301-1,없음,0,,9.52φ×10·25.4φ×1,2026-07-16,2026-07-08,CS최신
AJR33796501,"Tube Assembly,Capillary",0.0245,0.0253,0.968,CS<BOM,RAC30599301-1,2024-06-11,0,,4.76φ×14·6.35φ×1·9.52φ×1,2020-03-24,2023-08-17,BOM최신
AJR33796512-12-1,대원 SUB,0.0012,0.0086,0.14,CS<BOM,RAC30599301-1,없음,0,AJR33796512-S1-2,6.35φ×1,2019-07-18,2025-03-21,BOM최신
AJR34511805,"Tube Assembly,Manifold(Indoor)",0.0198,0.0216,0.917,CS<BOM,RAC30599301-1,없음,0,,6.35φ×9·15.88φ×5,2022-10-15,2024-06-11,BOM최신
AJR34511807,"Tube Assembly,Manifold(Indoor)",0.0168,0.0186,0.903,CS<BOM,RAC30599301-1,없음,0,,6.35φ×8·15.88φ×4,2022-03-18,2024-06-11,BOM최신
AJR35744503,"Tube Assembly,Manifold(Indoor)",0.0126,0.0144,0.875,CS<BOM,RAC30599301-1,없음,0,,6.35φ×9·15.88φ×1,2023-02-17,2023-08-17,BOM최신
AJR36388510,"Tube Assembly,Suction(Outdoor)",0.0033,0.0022,1.5,CS>BOM,RAC30599301-1,없음,0,AJR73822507,19.05φ×1,2023-10-04,2024-06-14,BOM최신
AJR36852209-J&I,태국 SUB,0.0048,0.0063,0.762,CS<BOM,RAC30599301-1,없음,0,,6.35φ×4,2023-04-11,2023-11-09,BOM최신
AJR36852210-J&I,태국 SUB,0.0063,0.0078,0.808,CS<BOM,RAC30599301-1,없음,0,AJR36852210-은납,6.35φ×4·12.7φ×1,2023-04-06,2023-11-09,BOM최신
AJR36852706-J&I,태국 SUB,0.0055,0.008,0.688,CS<BOM,RAC30599301-1,없음,0,,4.76φ×3·6.35φ×1·9.52φ×1,2023-08-17,2023-11-09,BOM최신
AJR37105401,"Tube Assembly,Reverse",0.0177,0.0201,0.881,CS<BOM,RAC30599301-1,없음,0,,6.35φ×2·9.52φ×3·15.88φ×1·19.05φ×3,2023-09-06,2024-09-27,BOM최신
AJR52676201,"Tube Assembly,Evaporator(Out)",0.006,0.0075,0.8,CS<BOM,RAC30599301-1,없음,0,,6.35φ×5,2023-09-06,2023-09-06,BOM최신
AJR52676202-J&I,태국 SUB,0.0087,0.0117,0.744,CS<BOM,RAC30599301-1,없음,0,,6.35φ×6·12.7φ×1,2023-07-25,2023-11-09,BOM최신
AJR52676204,"Tube Assembly,Evaporator(Out)",0.006,0.0075,0.8,CS<BOM,RAC30599301-1,없음,0,,6.35φ×5,2023-09-06,2023-09-06,BOM최신
AJR52676207-J&I,태국 SUB,0.0087,0.0117,0.744,CS<BOM,RAC30599301-1,없음,0,,6.35φ×6·12.7φ×1,2023-10-04,2023-11-09,BOM최신
AJR55707001-J&I,태국 SUB,0.0092,0.0115,0.8,CS<BOM,RAC30599301-1,없음,0,AJR55707001,4.76φ×3·6.35φ×4·9.52φ×1,2023-09-08,2023-11-09,BOM최신
AJR55707008-J&I-2,태국 SUB,0.0024,0.0048,0.5,CS<BOM,RAC30599301-1,없음,0,AJR55707008-J&I,6.35φ×2,2023-04-06,2023-08-17,BOM최신
AJR55707101-J&I,태국 SUB,0.006,0.009,0.667,CS<BOM,RAC30599301-1,없음,0,,6.35φ×4·9.52φ×1,2023-08-17,2023-11-09,BOM최신
AJR72572908,"Tube Assembly,Manifold(Outdoor)",0.0381,0.0393,0.969,CS<BOM,RAC30599301-1,없음,0,,6.35φ×29·19.05φ×1,2023-09-11,2024-09-27,BOM최신
AJR72935101,AJR72935101,0.0048,0.0006,8.0,CS>BOM,RAC30599301-1,없음,0,AJJ72912201,6.35φ×4,2026-07-01,2025-02-17,CS최신
AJR72961201,"Tube Assembly,Expansion",0.0084,0.0108,0.778,CS<BOM,RAC30599301-1,없음,0,,6.35φ×2·15.88φ×1·22.0φ×1,2023-09-19,2023-09-19,BOM최신
AJR72961202,"Tube Assembly,Expansion",0.0137,0.0161,0.851,CS<BOM,RAC30599301-1,없음,0,,6.35φ×2·22.0φ×1·28.0φ×1,2023-09-19,2023-09-19,BOM최신
AJR72962401,"Tube Assembly,Solenoide",0.0111,0.0181,0.613,CS<BOM,RAC30599301-1,없음,0,AJR72946403,4.76φ×2·6.35φ×2·9.52φ×4·15.88φ×1,2023-09-19,2023-09-19,BOM최신
AJR73002902,"Tube Assembly,Manifold(Outdoor)",0.0186,0.0243,0.765,CS<BOM,RAC30599301-1,없음,0,,6.35φ×8·15.88φ×5,2023-09-19,2020-12-28,CS최신
AJR73062903,"Tube Assembly,Distributor",0.0065,0.0076,0.855,CS<BOM,RAC30599301-1,없음,0,,4.76φ×5·6.35φ×1,2021-04-14,2023-08-17,BOM최신
AJR73063202-S6-2,사내 SUB,0.0024,0.0036,0.667,CS<BOM,RAC30599301-1,없음,0,AJR73063202,6.35φ×2,2019-09-17,2024-11-05,BOM최신
AJR73123103,"Tube Assembly,Connector",0.006,0.0075,0.8,CS<BOM,RAC30599301-1,없음,0,,12.7φ×4,2023-09-22,2023-08-17,CS최신
AJR73222701,"Tube Assembly,Reverse",0.0396,0.0408,0.971,CS<BOM,RAC30599301-1,없음,0,,4.76φ×2·6.35φ×5·9.52φ×6·19.05φ×1·22.0φ×5,2019-08-23,2024-09-27,BOM최신
AJR73224001,"Tube Assembly,Expansion",0.0225,0.0348,0.647,CS<BOM,RAC30599301-1,없음,0,,4.76φ×10·6.35φ×1·9.52φ×9,2023-09-25,2023-08-17,CS최신
AJR73323802,"Tube Assembly,Expansion",0.0048,0.006,0.8,CS<BOM,RAC30599301-1,없음,0,,6.35φ×1·9.52φ×3,2022-02-21,2023-08-17,BOM최신
AJR73324403-0-2,사내 SUB,0.0012,0.0045,0.267,CS<BOM,RAC30599301-1,없음,0,,6.35φ×1,2019-04-09,2023-08-17,BOM최신
AJR73343301,AJR73343301,0.0012,0.0024,0.5,CS<BOM,RAC30599301-1,없음,0,AJR55796806,9.52φ×1,2019-04-11,2023-08-17,BOM최신
AJR73663002,AJR73663002,0.0093,0.0036,2.583,CS>BOM,RAC30599301-1,없음,0,AJR73981102,6.35φ×1·9.52φ×1·12.7φ×1·15.88φ×3,2023-10-13,2018-01-03,CS최신
AJR73663002-4-1,AJR73663002-4-1,0.0072,0.0112,0.643,CS<BOM,RAC30599301-1,없음,0,AJR73663002,6.35φ×1·12.7φ×4,2023-10-13,2020-12-28,CS최신
AJR73664901,ADM75404602 내재화 SUB ASSY,0.0012,0.0153,0.078,CS<BOM,RAC30599301-1,없음,0,ADM72950701,7.94φ×1,2025-07-22,2024-07-24,CS최신
AJR73665401,판형 SUB,0.0012,0.0024,0.5,CS<BOM,RAC30599301-1,없음,0,ADM72950701,9.52φ×1,2022-05-19,2024-09-27,BOM최신
AJR73724002,"Tube Assembly,Condenser(In)",0.0114,0.0185,0.616,CS<BOM,RAC30599301-1,없음,0,ADM72950704,25.4φ×2,2022-12-26,2023-11-10,BOM최신
AJR73724006,"Tube Assembly, Condenser(In)",0.0012,0.01,0.12,CS<BOM,RAC30599301-1,없음,0,ADM72950706,6.35φ×1,2023-09-04,2023-08-17,CS최신
AJR73724102,ADM75404603 내재화 SUB ASSY,0.0012,0.0083,0.145,CS<BOM,RAC30599301-1,없음,0,ADM72950704,6.35φ×1,2022-05-21,2023-11-10,BOM최신
AJR73767810-S1-5,사내 SUB,0.0012,0.0024,0.5,CS<BOM,RAC30599301-1,없음,0,AJR73767810,6.35φ×1,2019-07-10,2024-10-31,BOM최신
AJR73767811-S1-5,사내 SUB,0.0253,0.0266,0.951,CS<BOM,RAC30599301-1,없음,0,AJR73767811,22.0φ×1·28.0φ×3,2019-07-10,2024-09-27,BOM최신
AJR73767817-S1-5,사내 SUB,0.0253,0.0266,0.951,CS<BOM,RAC30599301-1,없음,0,AJR73767817,22.0φ×1·28.0φ×3,2019-07-10,2025-02-10,BOM최신
AJR73767821,"Tube Assembly,Reverse",0.0592,0.1333,0.444,CS<BOM,RAC30599301-1,없음,0,,6.35φ×8·9.52φ×7·15.88φ×1·22.0φ×1·28.0φ×5,2023-10-03,2024-04-25,BOM최신
AJR73768803,"Tube Assembly,Condenser(Out)",0.0078,0.0121,0.645,CS<BOM,RAC30599301-1,없음,0,,6.35φ×4·12.7φ×2,2020-09-11,2024-06-27,BOM최신
AJR73768803-S6-4,사내 SUB,0.0012,0.0055,0.218,CS<BOM,RAC30599301-1,없음,0,,9.52φ×1,2019-04-29,2023-08-17,BOM최신
AJR73822509,Tube Assembly,0.0084,0.0034,2.471,CS>BOM,RAC30599301-1,없음,0,,15.88φ×1·19.05φ×2,2023-10-04,2024-03-12,BOM최신
AJR73822512,Tube Assembly,0.0078,0.01,0.78,CS<BOM,RAC30599301-1,없음,0,,9.52φ×1·19.05φ×2,2023-10-04,2020-12-28,CS최신
AJR73822520,Tube Assembly,0.0078,0.01,0.78,CS<BOM,RAC30599301-1,없음,0,,9.52φ×1·19.05φ×2,2023-10-04,2020-12-28,CS최신
AJR73822522,Tube Assembly,0.0078,0.02,0.39,CS<BOM,RAC30599301-1,없음,0,,9.52φ×1·19.05φ×2,2023-10-04,2020-12-28,CS최신
AJR73822529,Tube Assembly,0.0078,0.02,0.39,CS<BOM,RAC30599301-1,없음,0,,9.52φ×1·19.05φ×2,2023-10-04,2020-12-28,CS최신
AJR73822530,Tube Assembly,0.0078,0.005,1.56,CS>BOM,RAC30599301-1,없음,0,,9.52φ×1·19.05φ×2,2023-10-04,2020-12-28,CS최신
AJR73822536,Tube Assembly,0.0078,0.0333,0.234,CS<BOM,RAC30599301-1,없음,0,,9.52φ×1·19.05φ×2,2023-10-05,2020-12-28,CS최신
AJR73882506,"Tube Assembly,Manifold(Outdoor)",0.0226,23.0,0.001,CS<BOM,RAC30599301-1,없음,0,,12.7φ×1·28.0φ×3,2023-10-05,2024-04-25,BOM최신
AJR73909902,AJR73909902,0.0162,0.0083,1.952,CS>BOM,RAC30599301-1,없음,0,AJR73944507,6.35φ×2·9.52φ×2·12.7φ×1·19.05φ×3,2023-10-04,2024-06-14,BOM최신
AJR73944509,"Tube Assembly,Reverse",0.015,0.0083,1.807,CS>BOM,RAC30599301-1,없음,0,AJR73822509,6.35φ×1·9.52φ×2·12.7φ×1·19.05φ×3,2023-10-04,2024-03-12,BOM최신
AJR73944516,"Tube Assembly,Reverse",0.0138,0.0109,1.266,CS>BOM,RAC30599301-1,없음,0,AJR73822520,6.35φ×1·9.52φ×1·12.7φ×1·19.05φ×3,2023-10-04,2020-12-28,CS최신
AJR73946113,"Tube Assembly,Discharge",0.0048,0.003,1.6,CS>BOM,RAC30599301-1,없음,0,,6.35φ×4,2023-10-05,2020-12-28,CS최신
AJR73964609,"Tube Assembly,Discharge(Outdoor)",0.0195,0.0167,1.168,CS>BOM,RAC30599301-1,2024-07-22,0,,4.76φ×2·6.35φ×2·9.52φ×4·12.7φ×1·15.88φ×3·19.05φ×1,2023-10-05,2024-07-18,BOM최신
AJR73964702,AJR73964702,0.0057,0.0035,1.629,CS>BOM,RAC30599301-1,없음,0,AJR74125301,4.76φ×2·6.35φ×1·9.52φ×2,2023-10-13,2026-04-05,BOM최신
AJR73964902,"Tube Assembly,Discharge(Outdoor)",0.0153,0.0194,0.789,CS<BOM,RAC30599301-1,없음,0,,4.76φ×2·6.35φ×3·9.52φ×1·12.7φ×1·15.88φ×2·19.05φ×1,2023-10-05,2020-12-28,CS최신
AJR73964905,"Tube Assembly,Discharge(Outdoor)",0.0147,0.0194,0.758,CS<BOM,RAC30599301-1,없음,0,,4.76φ×2·6.35φ×2·12.7φ×1·15.88φ×3·19.05φ×1,2023-10-05,2020-12-28,CS최신
AJR73964906,"Tube Assembly,Discharge(Outdoor)",0.0144,0.0194,0.742,CS<BOM,RAC30599301-1,없음,0,,4.76φ×2·6.35φ×2·12.7φ×2·15.88φ×2·19.05φ×1,2023-10-05,2020-12-28,CS최신
AJR73965102,"Tube Assembly,Suction(Outdoor)",0.0121,0.0153,0.791,CS<BOM,RAC30599301-1,없음,0,,6.35φ×3·31.75φ×1,2023-10-05,2023-08-17,CS최신
AJR73965701,"Tube Assembly,Expansion",0.0285,0.0358,0.796,CS<BOM,RAC30599301-1,없음,0,,6.35φ×4·9.52φ×16·12.7φ×3,2023-10-05,2016-02-03,CS최신
AJR73967516,"Tube Assembly,Suction",0.0066,0.0078,0.846,CS<BOM,RAC30599301-1,없음,0,,6.35φ×1·9.52φ×1·22.0φ×1,2022-04-09,2023-08-17,BOM최신
AJR73967517,Tube Assembly,0.0078,0.009,0.867,CS<BOM,RAC30599301-1,없음,0,,6.35φ×3·22.0φ×1,2022-03-23,2023-08-17,BOM최신
AJR73980317-S1-5,사내 SUB,0.0156,0.0168,0.929,CS<BOM,RAC30599301-1,없음,0,,6.35φ×1·15.88φ×1·22.0φ×3,2019-06-22,2023-08-17,BOM최신
AJR73980318-S1-5,사내 SUB,0.0156,0.0168,0.929,CS<BOM,RAC30599301-1,없음,0,,6.35φ×1·15.88φ×1·22.0φ×3,2019-06-27,2024-09-27,BOM최신
AJR73980319-S1-5,사내 SUB,0.0156,0.0168,0.929,CS<BOM,RAC30599301-1,없음,0,AJR73980319,6.35φ×1·15.88φ×1·22.0φ×3,2019-06-27,2025-08-15,BOM최신
AJR73980324-S1-4,사내 SUB,0.0016,0.0034,0.471,CS<BOM,RAC30599301-1,없음,0,AJR73980324-S1-5,6.35φ×1,2019-11-27,2026-02-13,BOM최신
AJR73981102,Tube Assembly,0.003,0.0052,0.577,CS<BOM,RAC30599301-1,없음,0,,6.35φ×1·15.88φ×1,2023-10-13,2020-12-28,CS최신
AJR73981104,Tube Assembly,0.0063,0.0052,1.212,CS>BOM,RAC30599301-1,없음,0,,6.35φ×1·15.88φ×1·19.05φ×1,2023-10-13,2020-12-28,CS최신
AJR73981107,Tube Assembly,0.0063,0.0051,1.235,CS>BOM,RAC30599301-1,없음,0,,6.35φ×1·15.88φ×1·19.05φ×1,2023-10-13,2020-12-28,CS최신
AJR73981108,Tube Assembly,0.0051,0.0012,4.25,CS>BOM,RAC30599301-1,없음,0,,15.88φ×1·19.05φ×1,2023-10-13,2020-12-28,CS최신
AJR74064004,"Tube Assembly,Reverse",0.021,0.0148,1.419,CS>BOM,RAC30599301-1,없음,0,,4.76φ×2·6.35φ×2·9.52φ×4·12.7φ×3·15.88φ×4,2023-10-13,2020-12-28,CS최신
AJR74206901,"Tube Assembly,Suction(Outdoor)",0.0048,0.0036,1.333,CS>BOM,RAC30599301-1,없음,0,,6.35φ×3·9.52φ×1,2023-10-14,2020-12-28,CS최신
AJR74229401,"Tube Assembly,Evaporator(Out)",0.0063,0.0012,5.25,CS>BOM,RAC30599301-1,없음,0,AJR74290701,6.35φ×3·9.52φ×1·12.7φ×1,2022-02-23,2024-04-24,BOM최신
AJR74283401,"Tube Assembly,Discharge(Outdoor)",0.0111,0.0085,1.306,CS>BOM,RAC30599301-1,없음,0,,4.76φ×2·6.35φ×5·12.7φ×2,2023-10-14,2025-02-19,BOM최신
AJR74364901-4-1,AJR74364901-4-1,0.0012,0.0,,CS>BOM,RAC30599301-1,없음,0,AJR74364901,6.35φ×1,2026-07-14,2024-04-03,CS최신
AJR74364901-4-2,AJR74364901-4-2,0.0012,0.0,,CS>BOM,RAC30599301-1,없음,0,AJR74364901,6.35φ×1,2026-07-14,2024-04-03,CS최신
AJR74364901-4-3,AJR74364901-4-3,0.0012,0.0,,CS>BOM,RAC30599301-1,없음,0,AJR74364901,6.35φ×1,2026-07-14,2024-04-03,CS최신
AJR74365002-S1-2,사내 SUB,0.0048,0.006,0.8,CS<BOM,RAC30599301-1,없음,0,AJR74365002,6.35φ×3·9.52φ×1,2019-06-17,2026-02-04,BOM최신
AJR74365003-S1-2,사내 SUB,0.0081,0.0105,0.771,CS<BOM,RAC30599301-1,없음,0,AJR74365003,6.35φ×3·9.52φ×1·19.05φ×1,2019-06-17,2023-08-17,BOM최신
AJR74365010-S1-2,사내 SUB,0.0081,0.0093,0.871,CS<BOM,RAC30599301-1,없음,0,AJR74365010-S1-4,6.35φ×3·9.52φ×1·19.05φ×1,2019-06-20,2025-01-02,BOM최신
AJR74365011-S1-2,사내 SUB,0.0081,0.0093,0.871,CS<BOM,RAC30599301-1,없음,0,AJR74365011,6.35φ×3·9.52φ×1·19.05φ×1,2019-06-20,2024-05-22,BOM최신
AJR74365101-13-1,SUB ASSY,0.0201,0.0363,0.554,CS<BOM,RAC30599301-1,없음,0,,4.76φ×2·6.35φ×15,2019-01-25,2023-08-17,BOM최신
AJR74366603,Tube Assembly,0.0063,0.0132,0.477,CS<BOM,RAC30599301-1,없음,0,,9.52φ×1·15.88φ×1·19.05φ×1,2023-10-14,2020-12-28,CS최신
AJR74366605,Tube Assembly,0.0063,0.01,0.63,CS<BOM,RAC30599301-1,없음,0,,9.52φ×1·15.88φ×1·19.05φ×1,2023-10-14,2020-12-28,CS최신
AJR74425401,"Tube Assembly,Manifold(Outdoor)",0.0225,0.0178,1.264,CS>BOM,RAC30599301-1,없음,0,,6.35φ×13·12.7φ×1·15.88φ×3,2023-10-14,2023-11-10,BOM최신
AJR74425403,"Tube Assembly,Manifold(Outdoor)",0.0183,0.0111,1.649,CS>BOM,RAC30599301-1,없음,0,,6.35φ×11·12.7φ×1·15.88φ×2,2023-10-14,2023-11-10,BOM최신
AJR74465905,1-way 표준화 제품,0.0066,0.0078,0.846,CS<BOM,RAC30599301-1,없음,0,,4.76φ×4·6.35φ×1·9.52φ×1,2020-12-28,2023-08-17,BOM최신
AJR74465906,1-way 표준화 제품,0.0066,0.0078,0.846,CS<BOM,RAC30599301-1,없음,0,,4.76φ×4·6.35φ×1·9.52φ×1,2020-12-28,2023-08-17,BOM최신
AJR74662702,"Tube Assembly,Suction",0.0141,0.0094,1.5,CS>BOM,RAC30599301-1,없음,0,,22.0φ×2·25.4φ×1,2023-10-16,2020-12-28,CS최신
AJR74683102,"Tube Assembly,Reverse",0.042,0.0323,1.3,CS>BOM,RAC30599301-1,없음,0,,6.35φ×5·9.52φ×10·19.05φ×1·22.0φ×5·25.4φ×1,2023-10-16,2024-04-25,BOM최신
AJR74803002,"Tube Assembly,Capillary",0.0171,0.0008,21.375,CS>BOM,RAC30599301-1,없음,0,,4.76φ×6·6.35φ×7·9.52φ×2,2023-10-16,2023-08-17,CS최신
AJR74803513,Condenser SUB,0.0072,0.0115,0.626,CS<BOM,RAC30599301-1,없음,0,,6.35φ×6,2020-10-13,2023-08-17,BOM최신
AJR74844101,"Tube Assembly,Manifold(Indoor)",0.0087,0.0105,0.829,CS<BOM,RAC30599301-1,2024-07-03,0,,6.35φ×6·12.7φ×1,2022-03-15,2024-07-03,BOM최신
AJR74844102,"Tube Assembly,Manifold(Indoor)",0.0075,0.0102,0.735,CS<BOM,RAC30599301-1,2024-07-03,0,,6.35φ×5·12.7φ×1,2022-03-15,2024-07-02,BOM최신
AJR74942617-4-1,미래 SUB,0.0089,0.0077,1.156,CS>BOM,RAC30599327,없음,0,AJR74942617,4.76φ×5·7.94φ×1·9.52φ×1·9.52φ×1,2025-09-10,2025-12-24,BOM최신
AJR74942754,"Tube Assembly,Evaporator(Out)",0.0113,0.0098,1.153,CS>BOM,RAC30599327,없음,0,AJR74942581,4.76φ×3·6.35φ×2·9.52φ×1·12.7φ×1·12.7φ×2,2025-09-10,2026-06-30,BOM최신
AJR74962904-16-1,케이비 sub,0.0156,0.0,,CS>BOM,RAC30599301-1,없음,0,AJR74962904-은납,6.35φ×13,2026-07-23,2026-07-10,CS최신
AJR75103205,"Tube Assembly,Reverse",0.0084,0.0,,CS>BOM,RAC30599301-1,없음,0,AJR75103117,9.52φ×7,2026-07-09,2025-08-30,CS최신
AJR75142604,"Tube Assembly,Manifold(Indoor)",0.0117,0.0127,0.921,CS<BOM,RAC30599301-1,없음,0,,7.94φ×4·12.7φ×2,2019-11-23,2023-08-17,BOM최신
AJR75183101,AJR75183101,0.0045,0.006,0.75,CS<BOM,RAC30599301-1,없음,0,AJR75182901,6.35φ×4,2022-03-27,2023-08-17,BOM최신
AJR75242802-J&I,태국 SUB,0.0043,0.0055,0.782,CS<BOM,RAC30599301-1,없음,0,,4.76φ×3·6.35φ×1,2021-07-21,2023-11-10,BOM최신
AJR75242803,AJR75242803,0.0045,0.0056,0.804,CS<BOM,RAC30599301-1,없음,0,AJR75523401,6.35φ×4,2022-03-27,2023-08-17,BOM최신
AJR75243005,사내 저압 SUB,0.0043,0.0055,0.782,CS<BOM,RAC30599301-1,없음,0,AJR75243102,4.76φ×3·9.52φ×1,2022-03-27,2023-08-17,BOM최신
AJR75243007,"Tube Assembly, Evaporator(Out)",0.0012,0.0024,0.5,CS<BOM,RAC30599301-1,없음,0,AJR75243106,9.52φ×1,2021-09-27,2023-08-17,BOM최신
AJR75243019,저압 SUB,0.0012,0.0024,0.5,CS<BOM,RAC30599301-1,없음,0,AJR75243123,9.52φ×1,2022-11-24,2023-10-17,BOM최신
AJR75563003,Tube Assembly,0.0015,0.0179,0.084,CS<BOM,RAC30599301-1,없음,0,,4.76φ×1,2019-11-25,2023-08-17,BOM최신
AJR75563402-J&I,태국 SUB,0.0048,0.0063,0.762,CS<BOM,RAC30599301-1,없음,0,,6.35φ×3·9.52φ×1,2023-08-31,2023-11-10,BOM최신
AJR75563501-S6-3,사내 SUB,0.0012,0.0024,0.5,CS<BOM,RAC30599301-1,없음,0,AJR75563501-S6-4,6.35φ×1,2019-04-29,2023-08-17,BOM최신
AJR75702302,"Tube Assembly,Condenser(In)",0.0036,0.0022,1.636,CS>BOM,RAC30599301-1,없음,0,,6.35φ×3,2023-11-10,2023-11-10,BOM최신
AJR75747604,고압부 SUB ASSY,0.0033,0.0045,0.733,CS<BOM,RAC30599301-1,없음,0,AJR75747504,5.0φ×2·6.35φ×1,2019-04-29,2024-05-28,BOM최신
AJR75747704,저압부 SUB ASSY,0.0036,0.0048,0.75,CS<BOM,RAC30599301-1,없음,0,AJR75747504,6.35φ×2·9.52φ×1,2019-04-29,2024-05-28,BOM최신
AJR75802609,Tube Assembly,0.0024,0.0165,0.145,CS<BOM,RAC30599301-1,없음,0,,6.35φ×1·9.52φ×1,2022-10-21,2023-08-17,BOM최신
AJR76363201-S3-1,사내 SUB,0.0024,0.0042,0.571,CS<BOM,RAC30599301-1,없음,0,,9.52φ×2,2019-05-14,2020-12-28,BOM최신
AJR76442511,"Tube Assembly,Suction(Outdoor)",0.0012,0.0,,CS>BOM,RAC30599301-1,없음,0,AJJ75838622,9.52φ×1,2024-05-02,2026-06-30,BOM최신
AJR76462605,ADM74930502 SUB,0.0048,0.006,0.8,CS<BOM,RAC30599301-1,없음,0,ADM74930502,6.35φ×1·9.52φ×3,2025-07-21,2025-12-24,BOM최신
AJR76462614,Tube Assembly,0.0036,0.0048,0.75,CS<BOM,RAC30599301-1,없음,0,ADM74930503,6.35φ×1·9.52φ×2,2022-03-28,2023-08-17,BOM최신
AJR76462619,Tube Assembly,0.0024,0.0036,0.667,CS<BOM,RAC30599301-1,없음,0,ADM74930506,6.35φ×1·9.52φ×1,2022-07-02,2024-07-29,BOM최신
AJR76462624,판형 SUB,0.0024,0.0036,0.667,CS<BOM,RAC30599301-1,없음,0,ADM73210511,6.35φ×1·9.52φ×1,2022-11-23,2023-08-17,BOM최신
AJR76462625,판형 SUB,0.0024,0.0036,0.667,CS<BOM,RAC30599301-1,없음,0,ADM74930507,9.52φ×2,2022-10-20,2023-08-17,BOM최신
AJR76462629,Tube Assembly,0.0024,0.0048,0.5,CS<BOM,RAC30599301-1,없음,0,,6.35φ×1·9.52φ×1,2022-04-12,2023-08-17,BOM최신
AJR76462630,판형 SUB,0.0024,0.0036,0.667,CS<BOM,RAC30599301-1,없음,0,,6.35φ×1·9.52φ×1,2022-04-12,2023-08-17,BOM최신
AJR76462632,Tube Assembly,0.0024,0.0036,0.667,CS<BOM,RAC30599301-1,없음,0,,6.35φ×1·9.52φ×1,2022-06-30,2023-08-17,BOM최신
AJR76462709,ADM74930502 SUB,0.0279,0.03,0.93,CS<BOM,RAC30599327,없음,0,ADM74930502,9.52φ×1·9.52φ×1·25.4φ×2·28.0φ×1·28.0φ×1,2025-07-22,2025-12-24,BOM최신
AJR76462710,ADM73210506 SUB,0.0083,0.0211,0.393,CS<BOM,RAC30599301-1,없음,0,ADM73210506,6.35φ×1·28.0φ×1,2022-06-17,2024-01-28,BOM최신
AJR76462711,ADM73210506 SUB,0.0012,0.01,0.12,CS<BOM,RAC30599301-1,없음,0,ADM73210506,6.35φ×1,2022-06-18,2024-03-05,BOM최신
AJR76462717,Tube Assembly,0.0012,0.012,0.1,CS<BOM,RAC30599301-1,없음,0,ADM74930503,6.35φ×1,2022-07-02,2025-02-11,BOM최신
AJR76462718,Tube Assembly,0.0012,0.015,0.08,CS<BOM,RAC30599301-1,없음,0,ADM74930503,6.35φ×1,2022-07-02,2025-02-11,BOM최신
AJR76462719,Tube Assembly,0.0083,0.0211,0.393,CS<BOM,RAC30599301-1,없음,0,ADM73210508,6.35φ×1·28.0φ×1,2022-06-18,2023-08-17,BOM최신
AJR76462720,Tube Assembly,0.0012,0.01,0.12,CS<BOM,RAC30599301-1,없음,0,ADM73210508,6.35φ×1,2022-06-18,2023-08-17,BOM최신
AJR76462727,Tube Assembly,0.0012,0.0127,0.094,CS<BOM,RAC30599301-1,없음,0,,6.35φ×1,2022-03-11,2023-08-17,BOM최신
AJR76462729,Tube Assembly,0.0012,0.0115,0.104,CS<BOM,RAC30599301-1,없음,0,,6.35φ×1,2022-04-04,2023-08-17,BOM최신
AJR76462731-7-1,MTS 판형 SUB,0.0012,0.0083,0.145,CS<BOM,RAC30599301-1,없음,0,AJR76462731,6.35φ×1,2022-05-01,2023-08-17,BOM최신
AJR76462732,판형 SUB 부품,0.0083,0.0221,0.376,CS<BOM,RAC30599301-1,없음,0,,6.35φ×1·28.0φ×1,2022-03-31,2023-08-17,BOM최신
AJR76462733,판형 SUB 부품,0.0083,0.0221,0.376,CS<BOM,RAC30599301-1,없음,0,,6.35φ×1·28.0φ×1,2022-03-31,2023-08-17,BOM최신
AJR76462734-7-1,MTS SUB,0.0012,0.0083,0.145,CS<BOM,RAC30599301-1,없음,0,AJR76462734,6.35φ×1,2022-04-28,2023-08-17,BOM최신
AJR76462736,판형 SUB,0.0012,0.0061,0.197,CS<BOM,RAC30599301-1,없음,0,ADM73210515,6.35φ×1,2022-11-23,2025-07-29,BOM최신
AJR76823101-J5,지그5,0.0012,0.0024,0.5,CS<BOM,RAC30599301-1,없음,0,,6.35φ×1,2021-06-24,2023-08-17,BOM최신
AJR76823101-S1-2,사내 SUB,0.012,0.0137,0.876,CS<BOM,RAC30599301-1,없음,0,,4.76φ×1·6.35φ×2·9.52φ×4,2020-02-28,2023-08-17,BOM최신
AJR76823102-S1-2,사내 SUB,0.0102,0.0119,0.857,CS<BOM,RAC30599301-1,없음,0,,4.76φ×1·6.35φ×2·9.52φ×3,2020-03-02,2023-08-17,BOM최신
AJR76823801,"Tube Assembly,Connector",0.0042,0.0099,0.424,CS<BOM,RAC30599301-1,2023-09-01,0,,22.0φ×1,2019-06-24,2020-12-28,BOM최신
AJR76902304-S1-2,사내 SUB,0.0116,0.0133,0.872,CS<BOM,RAC30599301-1,없음,0,AJR76902304,6.35φ×3·9.52φ×1·19.05φ×1,2020-03-02,2023-08-17,BOM최신
AJR77164001,"Tube Assembly,Connector",0.0012,0.0024,0.5,CS<BOM,RAC30599301-1,2024-03-14,0,,6.35φ×1,2019-09-10,2024-09-27,BOM최신
AJR77202403-S5-3,사내 SUB,0.0018,0.0,,CS>BOM,RAC30599301-1,없음,0,,15.88φ×1,2022-04-02,2025-05-21,BOM최신
AJR77224001,"Tube Assembly,Reverse",0.0324,0.0165,1.964,CS>BOM,RAC30599312,2024-04-24,0,,6.35φ×1·9.52φ×1·19.05φ×1·22.0φ×3·28.0φ×2,2026-04-04,2026-04-04,CS최신
AJR77224005,"Tube Assembly,Reverse",0.0195,1.0195,0.019,CS<BOM,RAC30599301-1,없음,0,,6.35φ×2·9.52φ×1·19.05φ×1·22.0φ×3,2022-04-28,2025-09-02,BOM최신
AJR77224901-S5-1,사내 SUB,0.0276,0.0,,CS>BOM,RAC30599301-1,없음,0,AJR77224901,9.52φ×23,2021-09-30,2023-10-12,BOM최신
AJR77225301-S5-1,사내 SUB,0.0276,0.0,,CS>BOM,RAC30599301-1,없음,0,AJR77225301,9.52φ×23,2021-09-30,2023-11-06,BOM최신
AJR77263001-S5-1,사내 SUB,0.0324,0.0,,CS>BOM,RAC30599301-1,없음,0,AJR77263001,9.52φ×27,2021-09-30,2023-11-09,BOM최신
T-44PATH-MANI-SG,배영주책임샘플,0.0078,0.0096,0.812,CS<BOM,RAC30599301-1,없음,0,,6.35φ×1·7.94φ×4·15.88φ×1,2023-03-31,2023-03-31,BOM최신
T-88PATH-EXPANSION,배영주책임샘플,0.0099,0.0195,0.508,CS<BOM,RAC30599301-1,없음,0,,6.35φ×1·9.52φ×6·12.7φ×1,2023-04-01,2023-04-01,BOM최신
T-88PATH-MANI-SINGLE,배영주책임샘플,0.0141,0.0159,0.887,CS<BOM,RAC30599301-1,없음,0,,6.35φ×1·7.94φ×8·19.05φ×1,2023-03-31,2023-03-31,BOM최신
서브아세이,Sub Assy,0.012,0.0132,0.909,CS<BOM,RAC30599301-1,없음,0,견적교육,9.52φ×10,2021-05-31,2023-08-17,BOM최신
