품번,원소재,유형,치수Φ×L,소요,재료비,마커,제작업체,사급불출(5월~)
AJR30004702-20-1,MJU00697402,동관,15.88x1094.0,1.0,4469.814704187301,,,
AJR30004702-20-1,MJU00697501,동관,7.0x52.0,7.0,66.57528203040002,,,
AJR30004702-20-1,MJU00697502,동관,7.0x133.0,1.0,170.27908673160002,,,
AJR30004702-20-1,5210A22409B,사급부품,x,1.0,56.0,사급가,,불출5건 -17000
AJR30004702-20-1,RAC30599303,용접봉,x,0.005526860000000001,116.616746,사급가,,
AJR30004702-20-1,RAC30599303,용접봉,x,0.00660352,139.334272,사급가,,
AJR30037603-20-1,MJU66821602,사급부품,x,1.0,188.0,사급가,,★불출없음
AJR30037603-20-1,5210A28001S,사급부품,x,1.0,390.0,사급가,,불출3건 -1800
AJR30037603-20-1,RAC30599303,용접봉,x,0.00047168,9.952448,사급가,,
AJR30037603-20-2,MJU66821602,사급부품,x,1.0,188.0,사급가,,★불출없음
AJR30037603-20-2,5210A28001S,사급부품,x,1.0,390.0,사급가,,불출3건 -1800
AJR30037603-20-2,RAC30599303,용접봉,x,0.00047168,9.952448,사급가,,
AJR30037604-20-1,MJU66822602,사급부품,x,1.0,204.0,사급가,,★불출없음
AJR30037604-20-1,5210A28001S,사급부품,x,1.0,390.0,사급가,,불출3건 -1800
AJR30037604-20-1,RAC30599303,용접봉,x,0.00047168,9.952448,사급가,,
AJR30037604-20-1,MJU66823302,동관,6.35x161.0,1.0,128.53393702695,,,
AJR30037604-20-1,MJU66823202,동관,6.35x123.0,1.0,98.19673449885,,,
AJR30037604-20-1,MJU66822602,동관,6.35x91.0,1.0,72.64961658045,,,
AJR30037604-20-1,MJU66821702,동관,6.35x76.0,1.0,60.67440505620001,,,
AJR30037604-20-2,MJU66822602,사급부품,x,1.0,204.0,사급가,,★불출없음
AJR30037604-20-2,5210A28001S,사급부품,x,1.0,390.0,사급가,,불출3건 -1800
AJR30037604-20-2,RAC30599303,용접봉,x,0.00047168,9.952448,사급가,,
AJR30037604-20-2,MJU66823302,동관,6.35x161.0,1.0,128.53393702695,,,
AJR30037604-20-2,MJU66823202,동관,6.35x123.0,1.0,98.19673449885,,,
AJR30037604-20-2,MJU66822602,동관,6.35x91.0,1.0,72.64961658045,,,
AJR30037604-20-2,MJU66821702,동관,6.35x76.0,1.0,60.67440505620001,,,
AJR30101601-20-1,MJU62911511,동관,15.88x1186.0,1.0,8316.8582673,,,
AJR30101601-20-1,MJU00697501,동관,7.0x52.0,8.0,113.99877060000001,,,
AJR30101601-20-1,MJU00697502,동관,7.0x133.0,1.0,291.57377865,,,
AJR30101601-20-1,5210A22409B,사급부품,x,1.0,56.0,사급가,,불출5건 -17000
AJR30101601-20-1,RAC30599303,용접봉,x,0.006121272500000001,129.15884975000003,사급가,,
AJR30102601-20-1,MJU66894810,동관,9.52x62.0,2.0,200.8215898,,,
AJR30102601-20-1,MJU66997105,동관,9.52x147.0,1.0,476.1415113,,,
AJR30102601-20-1,MJU66779315,동관,9.52x49.0,1.0,158.71383709999995,,,
AJR30102601-20-1,MFN62721711,사급부품,x,2.0,504.0,사급가,,불출3건 -3000
AJR30102601-20-1,MJX63991904,사급부품,x,1.0,3200.0,사급가,,불출5건 -182
AJR30102601-20-1,RAC30599303,용접봉,x,0.00308624,65.119664,사급가,,
AJR30102601-20-1,MJU66894810,동관,9.52x62.0,2.0,200.8215898,,,
AJR30102601-20-1,MJU66997107,동관,9.52x229.0,1.0,741.7442590999999,,,
AJR30102601-20-1,MJU66779315,동관,9.52x49.0,1.0,158.71383709999995,,,
AJR30102601-20-1,MFN62721711,사급부품,x,2.0,504.0,사급가,,불출3건 -3000
AJR30102601-20-1,MJX63991903,사급부품,x,1.0,2909.0,사급가,,불출5건 -182
AJR30102601-20-1,RAC30599303,용접봉,x,0.00308624,65.119664,사급가,,
AJR30102601-20-1,MJU66997103,동관,9.52x171.0,1.0,553.8789009,,,
AJR30102601-20-1,MJU66997108,동관,9.52x186.0,1.0,602.4647693999999,,,
AJR30102601-20-1,MJC62721914,사급부품,x,2.0,1138.0,사급가,,불출4건 -700
AJR30102601-20-1,MJX63991801,사급부품,x,1.0,2604.0,사급가,,불출5건 -182
AJR30102601-20-1,5210A22409A,사급부품,x,1.0,56.0,사급가,,★불출없음
AJR30102601-20-1,RAC30599303,용접봉,x,0.004162735,87.8337085,사급가,,
AJR30102601-20-2,MJU66894810,동관,9.52x62.0,2.0,200.8215898,,,
AJR30102601-20-2,MJU66997105,동관,9.52x147.0,1.0,476.1415113,,,
AJR30102601-20-2,MJU66779315,동관,9.52x49.0,1.0,158.71383709999995,,,
AJR30102601-20-2,MFN62721711,사급부품,x,2.0,504.0,사급가,,불출3건 -3000
AJR30102601-20-2,MJX63991904,사급부품,x,1.0,3200.0,사급가,,불출5건 -182
AJR30102601-20-2,RAC30599303,용접봉,x,0.00308624,65.119664,사급가,,
AJR30102601-20-2,MJU66894810,동관,9.52x62.0,2.0,200.8215898,,,
AJR30102601-20-2,MJU66997107,동관,9.52x229.0,1.0,741.7442590999999,,,
AJR30102601-20-2,MJU66779315,동관,9.52x49.0,1.0,158.71383709999995,,,
AJR30102601-20-2,MFN62721711,사급부품,x,2.0,504.0,사급가,,불출3건 -3000
AJR30102601-20-2,MJX63991903,사급부품,x,1.0,2909.0,사급가,,불출5건 -182
AJR30102601-20-2,RAC30599303,용접봉,x,0.00308624,65.119664,사급가,,
AJR30102601-20-2,MJU66997103,동관,9.52x171.0,1.0,553.8789009,,,
AJR30102601-20-2,MJU66997108,동관,9.52x186.0,1.0,602.4647693999999,,,
AJR30102601-20-2,MJC62721914,사급부품,x,2.0,1138.0,사급가,,불출4건 -700
AJR30102601-20-2,MJX63991801,사급부품,x,1.0,2604.0,사급가,,불출5건 -182
AJR30102601-20-2,5210A22409A,사급부품,x,1.0,56.0,사급가,,★불출없음
AJR30102601-20-2,RAC30599303,용접봉,x,0.004162735,87.8337085,사급가,,
AJR30102601-20-3,MJU66894810,동관,9.52x62.0,2.0,200.8215898,,,
AJR30102601-20-3,MJU66997105,동관,9.52x147.0,1.0,476.1415113,,,
AJR30102601-20-3,MJU66779315,동관,9.52x49.0,1.0,158.71383709999995,,,
AJR30102601-20-3,MFN62721711,사급부품,x,2.0,504.0,사급가,,불출3건 -3000
AJR30102601-20-3,MJX63991904,사급부품,x,1.0,3200.0,사급가,,불출5건 -182
AJR30102601-20-3,RAC30599303,용접봉,x,0.00308624,65.119664,사급가,,
AJR30102601-20-3,MJU66894810,동관,9.52x62.0,2.0,200.8215898,,,
AJR30102601-20-3,MJU66997107,동관,9.52x229.0,1.0,741.7442590999999,,,
AJR30102601-20-3,MJU66779315,동관,9.52x49.0,1.0,158.71383709999995,,,
AJR30102601-20-3,MFN62721711,사급부품,x,2.0,504.0,사급가,,불출3건 -3000
AJR30102601-20-3,MJX63991903,사급부품,x,1.0,2909.0,사급가,,불출5건 -182
AJR30102601-20-3,RAC30599303,용접봉,x,0.00308624,65.119664,사급가,,
AJR30102601-20-3,MJU66997103,동관,9.52x171.0,1.0,553.8789009,,,
AJR30102601-20-3,MJU66997108,동관,9.52x186.0,1.0,602.4647693999999,,,
AJR30102601-20-3,MJC62721914,사급부품,x,2.0,1138.0,사급가,,불출4건 -700
AJR30102601-20-3,MJX63991801,사급부품,x,1.0,2604.0,사급가,,불출5건 -182
AJR30102601-20-3,5210A22409A,사급부품,x,1.0,56.0,사급가,,★불출없음
AJR30102601-20-3,RAC30599303,용접봉,x,0.004162735,87.8337085,사급가,,
AJR30125501-20-1,MJU00753001,동관,15.88x291.0,1.0,2318.7724773,,,
AJR30125501-20-1,MJU66479802,동관,15.88x362.0,1.0,2884.5210886,,,
AJR30125501-20-1,MJU00752901,동관,12.7x131.0,1.0,659.6023575,,,
AJR30125501-20-1,5220A90008Y,사급부품,x,1.0,19243.0,사급가,,불출19건 -10502
AJR30125501-20-1,RAC30599303,용접봉,x,0.00380144,80.210384,사급가,,
AJR30125505-20-1,MJU00753001,동관,15.88x291.0,1.0,2318.7724773,,,
AJR30125505-20-1,MJU66479803,동관,15.88x343.0,1.0,2733.1235728999995,,,
AJR30125505-20-1,MJU00752901,동관,12.7x131.0,1.0,659.6023575,,,
AJR30125505-20-1,5220A90008Y,사급부품,x,1.0,11948.0,사급가,,불출19건 -10502
AJR30125505-20-1,RAC30599303,용접봉,x,0.00380144,80.210384,사급가,,
AJR30125601-20-1,MJU66479601,동관,9.52x115.0,1.0,372.49165849999997,,,
AJR30125601-20-1,MJU66479501,동관,9.52x204.0,1.0,660.7678116,,,
AJR30125601-20-1,AJR30125601-A-S-4,사급부품,x,1.0,5096.0,사급가,,불출20건 -6000
AJR30125601-20-1,MJX61537805,사급부품,x,2.0,9418.0,사급가,,불출25건 -22970
AJR30125601-20-1,4A00114D,사급부품,x,1.0,685.0,사급가,,불출7건 -7600
AJR30125601-20-1,RAC30599303,용접봉,x,0.00308624,65.119664,사급가,,
AJR30125601-20-1,MJU66799901,동관,9.52x100.0,1.0,323.90578999999997,,,
AJR30125601-20-1,MJU66749602,동관,9.52x59.0,1.0,191.1044161,,,
AJR30125601-20-1,AJR30125601-A-S-5,사급부품,x,1.0,6570.0,사급가,,불출20건 -5650
AJR30125601-20-1,RAC30599303,용접봉,x,0.00154312,32.559832,사급가,,
AJR30125601-20-2,MJU66479601,동관,9.52x115.0,1.0,372.49165849999997,,,
AJR30125601-20-2,MJU66479501,동관,9.52x204.0,1.0,660.7678116,,,
AJR30125601-20-2,AJR30125601-A-S-4,사급부품,x,1.0,5096.0,사급가,,불출20건 -6000
AJR30125601-20-2,MJX61537805,사급부품,x,2.0,9418.0,사급가,,불출25건 -22970
AJR30125601-20-2,4A00114D,사급부품,x,1.0,685.0,사급가,,불출7건 -7600
AJR30125601-20-2,RAC30599303,용접봉,x,0.00308624,65.119664,사급가,,
AJR30125601-20-2,MJU66799901,동관,9.52x100.0,1.0,323.90578999999997,,,
AJR30125601-20-2,MJU66749602,동관,9.52x59.0,1.0,191.1044161,,,
AJR30125601-20-2,AJR30125601-A-S-5,사급부품,x,1.0,6570.0,사급가,,불출20건 -5650
AJR30125601-20-2,RAC30599303,용접봉,x,0.00154312,32.559832,사급가,,
AJR30125603-20-1,MJU66749602,동관,9.52x59.0,1.0,191.1044161,,,
AJR30125603-20-1,MJU66799901,동관,9.52x100.0,1.0,323.90578999999997,,,
AJR30125603-20-1,AJR30125601-A-S-2,사급부품,x,1.0,5581.0,사급가,,★불출없음
AJR30125603-20-1,RAC30599303,용접봉,x,0.00154312,32.559832,사급가,,
AJR73952501-20-1,MJU63208003,동관,12.7x262.0,1.0,498.65938227,,,
AJR73952501-20-1,MJU63208106,동관,7.0x109.0,2.0,97.44869379602498,,,
AJR73952501-20-1,MJU63208104,동관,7.0x91.0,1.0,81.35624894897501,,,
AJR73952501-20-1,MJU63208105,동관,7.0x138.0,1.0,123.37541049405,,,
AJR73952501-20-1,5210A22409B,사급부품,x,1.0,56.0,사급가,,불출5건 -17000
AJR73952501-20-1,RAC30599303,용접봉,x,0.0035086575000000003,74.03267325,사급가,,
AJR73952502-20-1,MJU63208002,동관,12.7x262.0,1.0,498.65938227,,,
AJR73952502-20-1,MJU63208104,동관,7.0x91.0,2.0,81.35624894897501,,,
AJR73952502-20-1,MJU63208105,동관,7.0x138.0,1.0,123.37541049405,,,
AJR73952502-20-1,5210A22409B,사급부품,x,1.0,56.0,사급가,,불출5건 -17000
AJR73952502-20-1,RAC30599303,용접봉,x,0.002914245,61.49056950000001,사급가,,
AJR74823101-20-1,MJU64067601,동관,7.0x124.0,2.0,110.85906450189998,,,
AJR74823101-20-1,MJU64067602,동관,7.0x117.0,1.0,104.60089150582499,,,
AJR74823101-20-1,MJU64067603,동관,7.0x107.0,1.0,95.66064436857498,,,
AJR74823101-20-1,MJU64067604,동관,7.0x105.0,1.0,93.87259494112499,,,
AJR74823101-20-1,MJU64067605,동관,7.0x91.0,1.0,81.35624894897501,,,
AJR74823101-20-1,MJU64067701,동관,15.88x455.0,1.0,1368.472184049425,,,
AJR74823101-20-1,5210A22409B,사급부품,x,1.0,56.0,사급가,,불출5건 -17000
AJR74823101-20-1,RAC30599303,용접봉,x,0.005761825000000001,121.57450750000001,사급가,,
AJR74823102-20-1,MJU64067601,동관,7.0x124.0,2.0,110.85906450189998,,,
AJR74823102-20-1,MJU64067602,동관,7.0x117.0,1.0,104.60089150582499,,,
AJR74823102-20-1,MJU64067603,동관,7.0x107.0,1.0,95.66064436857498,,,
AJR74823102-20-1,MJU64067604,동관,7.0x105.0,1.0,93.87259494112499,,,
AJR74823102-20-1,MJU64067605,동관,7.0x91.0,1.0,81.35624894897501,,,
AJR74823102-20-1,MJU64067702,동관,15.88x455.0,1.0,1368.472184049425,,,
AJR74823102-20-1,5210A22409B,사급부품,x,1.0,56.0,사급가,,불출5건 -17000
AJR74823102-20-1,RAC30599303,용접봉,x,0.005761825000000001,121.57450750000001,사급가,,
AJR74823103-20-1,MJU64067601,동관,7.0x124.0,1.0,110.85906450189998,,,
AJR74823103-20-1,MJU64067602,동관,7.0x117.0,1.0,104.60089150582499,,,
AJR74823103-20-1,MJU64067604,동관,7.0x105.0,1.0,93.87259494112499,,,
AJR74823103-20-1,MJU64067605,동관,7.0x91.0,1.0,81.35624894897501,,,
AJR74823103-20-1,MJU64067703,동관,15.88x455.0,1.0,1368.472184049425,,,
AJR74823103-20-1,5210A22409B,사급부품,x,1.0,56.0,사급가,,불출5건 -17000
AJR74823103-20-1,RAC30599303,용접봉,x,0.004573000000000001,96.49030000000002,사급가,,
AJR74823104-20-1,MJU64067601,동관,7.0x124.0,1.0,110.85906450189998,,,
AJR74823104-20-1,MJU64067602,동관,7.0x117.0,1.0,104.60089150582499,,,
AJR74823104-20-1,MJU64067604,동관,7.0x105.0,1.0,93.87259494112499,,,
AJR74823104-20-1,MJU64067605,동관,7.0x91.0,1.0,81.35624894897501,,,
AJR74823104-20-1,MJU64067704,동관,15.88x455.0,1.0,1368.472184049425,,,
AJR74823104-20-1,5210A22409B,사급부품,x,1.0,56.0,사급가,,불출5건 -17000
AJR74823104-20-1,RAC30599303,용접봉,x,0.004573000000000001,96.49030000000002,사급가,,
AJR75462802-20-1,MJU64687501,동관,15.88x125.0,1.0,996.0362875000001,,,
AJR75462802-20-1,MJU64407201,동관,19.05x64.0,1.0,618.249664,,,
AJR75462802-20-1,MJX62771705,사급부품,x,1.0,4422.0,사급가,,불출9건 -1603
AJR75462802-20-1,RAC30599303,용접봉,x,0.00296691,62.601801,사급가,,
AJR76523027-20-1,MJU63651005,동관,9.52x222.0,1.0,272.34808587674996,,,
AJR76523027-20-1,MJU63651022,동관,9.52x424.0,1.0,520.1603081609999,,,
AJR76523027-20-1,MJU63641023,동관,9.52x112.0,1.0,137.40083611799997,,,
AJR76523027-20-1,MJU66932046,동관,6.35x66.0,1.0,69.75681919469999,,,
AJR76523027-20-1,MJU67039503,동관,9.52x109.0,1.0,133.72045657912497,,,
AJR76523027-20-1,4A00114F,사급부품,x,1.0,685.0,사급가,,불출3건 -1400
AJR76523027-20-1,5210A22409C,사급부품,x,1.0,61.0,사급가,,불출1건 -1000
AJR76523027-20-1,5256A30003C,사급부품,x,2.0,2906.0,사급가,,불출5건 -2590
AJR76523027-20-1,RAC30599303,용접봉,x,0.005812935,122.6529285,사급가,,
AJR76562804-20-1,MJU65789107,동관,19.05x912.0,1.0,8810.057712,,,
AJR76562804-20-1,5210A24677N,동관,7.0x61.0,7.0,141.4485995,,,
AJR76562804-20-1,4H00049A,동관,6.35x112.0,1.0,248.85492799999994,,,
AJR76562804-20-1,RAC30599303,용접봉,x,0.006175687500000001,130.30700625,사급가,,
AJR76562804-20-1,MJU65789108,동관,19.05x397.0,1.0,3835.0799469999997,,,
AJR76562804-20-1,5210A24677N,동관,7.0x61.0,3.0,141.4485995,,,
AJR76562804-20-1,RAC30599303,용접봉,x,0.0033263575,70.18614325,사급가,,
AJR76562804-20-2,MJU65789107,동관,19.05x912.0,1.0,8810.057712,,,
AJR76562804-20-2,5210A24677N,동관,7.0x61.0,7.0,141.4485995,,,
AJR76562804-20-2,4H00049A,동관,6.35x112.0,1.0,248.85492799999994,,,
AJR76562804-20-2,RAC30599303,용접봉,x,0.006175687500000001,130.30700625,사급가,,
AJR76562804-20-2,MJU65789108,동관,19.05x397.0,1.0,3835.0799469999997,,,
AJR76562804-20-2,5210A24677N,동관,7.0x61.0,3.0,141.4485995,,,
AJR76562804-20-2,RAC30599303,용접봉,x,0.0033263575,70.18614325,사급가,,
AJR77170902,MJU66766602,동관,6.35x176.0,1.0,205.46262858879996,,,
AJR77170902,MJU66500502,동관,6.35x308.0,1.0,359.55960003039996,,,
AJR77170902,MJU66500402,동관,6.35x244.0,1.0,284.8459169072,,,
AJR77170902,MJU66500302,동관,6.35x209.0,1.0,243.98687144920004,,,
AJR77170902,MJU66500202,동관,6.35x184.0,1.0,214.8018389792,,,
AJR77170902,MJU66499502,동관,6.35x170.0,1.0,198.45822079599998,,,
AJR77170902,MJU66499702,동관,6.35x256.0,1.0,298.8547324928,,,
AJR77170902,RAC30599303,용접봉,x,0.007075199999999999,149.28671999999997,사급가,,
AJR77170902,MJU66499702,동관,6.35x256.0,1.0,504.66718719999994,,,
AJR77170902,MJU66499502,동관,6.35x170.0,8.0,335.13055399999996,,,
AJR77170902,MJU66500202,동관,6.35x184.0,1.0,362.7295408,,,
AJR77170902,MJU66500302,동관,6.35x209.0,1.0,412.01344580000006,,,
AJR77170902,MJU66500402,동관,6.35x244.0,1.0,481.01091279999997,,,
AJR77170902,MJU66500502,동관,6.35x308.0,1.0,607.1777096,,,
AJR77170902,MJU66766602,동관,6.35x176.0,1.0,346.9586911999999,,,
AJR77170902,MJU65512602,동관,22.22x,1.0,12233.0,,,
AJR77170902,MJU65512602,마커(가공 컷팅),x,,,가공 컷팅,,
AJR77170902,RAC30599303,용접봉,x,0.00660352,139.334272,사급가,,
AJR77182802,MJU66467502,동관,6.35x317.0,1.0,370.0662117196,,,
AJR77182802,MJU66467402,동관,6.35x280.0,1.0,326.872363664,,,
AJR77182802,MJU66467302,동관,6.35x249.0,1.0,290.6829234012,,,
AJR77182802,MJU66467202,동관,6.35x230.0,10.0,268.50229872399996,,,
AJR77182802,MJU65512602,동관,22.22x,1.0,0.0,가공 컷팅,,
AJR77182802,MJU66467202,동관,6.35x230.0,1.0,268.50229872399996,,,
AJR77182802,RAC30599303,용접봉,x,0.00660352,139.334272,사급가,,
AJR77182902,MJU66467102,동관,22.22x,1.0,0.0,,,
AJR77182902,MJU66467102,기타,x,,10899.0,,,
AJR77182902,MJU66466702,동관,6.35x274.0,1.0,319.8679558712,,,
AJR77182902,MJU66466802,동관,6.35x246.0,1.0,287.1807195048,,,
AJR77182902,MJU66466902,동관,6.35x228.0,10.0,266.1674961264,,,
AJR77182902,MJU66467002,동관,6.35x279.0,1.0,325.7049623652,,,
AJR77182902,RAC30599303,용접봉,x,0.0061318399999999995,129.381824,사급가,,
AJR77188801-20-1,MJU55479901,동관,15.88x248.0,1.0,745.8925310862801,,,
AJR77188801-20-1,MJU66479801,동관,15.88x330.0,1.0,992.51828733255,,,
AJR77188801-20-1,5220A90008Y,사급부품,x,1.0,19243.0,사급가,,불출19건 -10502
AJR77188801-20-1,RAC30599303,용접봉,x,0.00284758,60.083938,사급가,,
AJR77224002-20-1,MJU66570502,동관,19.05x521.0,1.0,5032.938670999999,,,
AJR77224002-20-1,5210A23376A,사급부품,x,1.0,548.0,사급가,,불출9건 -7060
AJR77224002-20-1,EBD64386504,사급부품,x,1.0,11348.0,사급가,,불출31건 -9480
AJR77224002-20-1,EBF40271407,사급부품,x,1.0,3717.0,사급가,,불출30건 -9310
AJR77224002-20-1,RAC30599303,용접봉,x,0.00308624,65.119664,사급가,,
AJR77224008-20-1,MJU66570501,동관,19.05x521.0,1.0,5032.938670999999,,,
AJR77224008-20-1,MJU66570001,동관,9.52x400.0,1.0,1295.6231599999999,,,
AJR77224008-20-1,5210A23376A,사급부품,x,1.0,548.0,사급가,,불출9건 -7060
AJR77224008-20-1,EBD64386504,사급부품,x,1.0,11348.0,사급가,,불출31건 -9480
AJR77224008-20-1,EBF40271407,사급부품,x,1.0,3717.0,사급가,,불출30건 -9310
AJR77224008-20-1,RAC30599303,용접봉,x,0.0038577999999999998,81.39958,사급가,,
AJR77224501-20-1,MJU66479701,동관,9.52x171.0,1.0,209.781633715875,,,
AJR77224501-20-1,MJU66479601,동관,9.52x114.0,1.0,139.85442247725,,,
AJR77224501-20-1,MJU66479501,동관,9.52x203.0,1.0,249.03901546387502,,,
AJR77224501-20-1,MJU66479401,동관,9.52x267.0,1.0,327.553778959875,,,
AJR77224501-20-1,MJX61537805,사급부품,x,2.0,12352.0,사급가,,불출25건 -22970
AJR77224501-20-1,4A00114D,사급부품,x,1.0,685.0,사급가,,불출7건 -7600
AJR77224501-20-1,RAC30599303,용접봉,x,0.00432948,91.352028,사급가,,
AJR77224501-20-1,MJU66479701,동관,9.52x171.0,1.0,553.8789009,,,
AJR77224501-20-1,MJU66479601,동관,9.52x114.0,1.0,369.2526006,,,
AJR77224501-20-1,MJU66479501,동관,9.52x203.0,1.0,657.5287537,,,
AJR77224501-20-1,MJU66479401,동관,9.52x267.0,1.0,864.8284593,,,
AJR77224501-20-1,MJX61537805,사급부품,x,2.0,12352.0,사급가,,불출25건 -22970
AJR77224501-20-1,4A00114D,사급부품,x,1.0,685.0,사급가,,불출7건 -7600
AJR77224501-20-1,RAC30599303,용접봉,x,0.00432948,91.352028,사급가,,
AJR77224518-20-1,MJU66479401,동관,9.52x268.0,1.0,328.78057213949995,,,
AJR77224518-20-1,MJU66479501,동관,9.52x203.0,1.0,249.03901546387502,,,
AJR77224518-20-1,MJU66479601,동관,9.52x114.0,1.0,139.85442247725,,,
AJR77224518-20-1,MJU66749602,동관,9.52x59.0,1.0,72.380797597875,,,
AJR77224518-20-1,MJU66799901,동관,9.52x99.0,1.0,121.452524782875,,,
AJR77224518-20-1,MJX61537805,사급부품,x,2.0,12352.0,사급가,,불출25건 -22970
AJR77224518-20-1,4A00114D,사급부품,x,2.0,1370.0,사급가,,불출7건 -7600
AJR77224518-20-1,RAC30599303,용접봉,x,0.0058726,123.91186,사급가,,
AJR77225602-20-1,MJU66571902,동관,19.05x304.0,1.0,2936.685904,,,
AJR77225602-20-1,MJU66572001,동관,19.05x80.0,1.0,772.8120799999999,,,
AJR77225602-20-1,4A00114C,사급부품,x,1.0,1554.0,사급가,,불출8건 -2430
AJR77225602-20-1,MJU66571801,사급부품,x,1.0,6504.0,사급가,,불출8건 -2534
AJR77225602-20-1,EBD64386504,사급부품,x,1.0,11348.0,사급가,,불출31건 -9480
AJR77225602-20-1,EBF40271407,사급부품,x,1.0,3717.0,사급가,,불출30건 -9310
AJR77225602-20-1,RAC30599303,용접봉,x,0.006537080000000001,137.932388,사급가,,
AJR77225607-20-1,MJU66571901,동관,19.05x304.0,1.0,2936.685904,,,
AJR77225607-20-1,MJU66572001,동관,19.05x80.0,1.0,772.8120799999999,,,
AJR77225607-20-1,MJU66570002,동관,9.52x553.0,1.0,1791.1990187,,,
AJR77225607-20-1,4A00114C,사급부품,x,1.0,1554.0,사급가,,불출8건 -2430
AJR77225607-20-1,MJU66571801,사급부품,x,1.0,6504.0,사급가,,불출8건 -2534
AJR77225607-20-1,EBD64386504,사급부품,x,1.0,11348.0,사급가,,불출31건 -9480
AJR77225607-20-1,EBF40271407,사급부품,x,1.0,3717.0,사급가,,불출30건 -9310
AJR77225607-20-1,RAC30599303,용접봉,x,0.00700876,147.884836,사급가,,
