품번,거래처,입고수량,사유
MJU62916126,케이비,115262,견적없음(담당필요)
MJU65517914+용접링,미래,82747,견적없음(담당필요)
MJU64433701,이젠터,46363,견적없음(담당필요)
MJU66526615,미래,38781,견적없음(담당필요)
MJU65517915+용접링,미래,37580,견적없음(담당필요)
MJU66980605,케이비,33990,견적없음(담당필요)
AJR76442511-3-1,이젠터,26924,견적없음(담당필요)
MJU64795602,미래,21936,견적없음(담당필요)
MJU66526621,미래,12927,견적없음(담당필요)
MJU66929206,미래,11000,견적없음(담당필요)
AJR30077403-12-1,대원,11000,견적없음(담당필요)
샘플,미래,10309,견적없음(담당필요)
MJU64226616,미래,8622,견적없음(담당필요)
MJU66573401,미래,8016,견적없음(담당필요)
MJU63479101,중앙,7968,견적없음(담당필요)
AJR77224517-3-1,이젠터,7732,견적없음(담당필요)
MJU64095003,중앙,7547,견적없음(담당필요)
MJU65517916+용접링,미래,7524,견적없음(담당필요)
MJU66503305,케이비,7522,견적없음(담당필요)
MJU65517924+용접링,미래,7519,견적없음(담당필요)
MJU65517925+용접링,미래,7519,견적없음(담당필요)
MJU65517917+용접링,미래,7517,견적없음(담당필요)
MJU65517921+용접링,미래,7516,견적없음(담당필요)
MJU65517919+용접링,미래,7516,견적없음(담당필요)
MJU65517922+용접링,미래,7516,견적없음(담당필요)
MJU65517918+용접링,미래,7516,견적없음(담당필요)
MJU63691214,미래,7133,견적없음(담당필요)
MJU66929204,미래,7000,견적없음(담당필요)
MJU62916125,케이비,6196,견적없음(담당필요)
AJR30089612-4-2,미래,6096,견적없음(담당필요)
MJU66980604,케이비,5987,견적없음(담당필요)
MJU62916124,케이비,5961,견적없음(담당필요)
MJU66980603,케이비,5905,견적없음(담당필요)
샘플,이젠터,5360,견적없음(담당필요)
MJU66571203,케이비,5138,견적없음(담당필요)
MJU64095004,중앙,5032,견적없음(담당필요)
MJU63058303,케이비,5008,견적없음(담당필요)
MJU64712401,미래,4914,견적없음(담당필요)
AJR77225303-1-1(링),중앙,4711,견적없음(담당필요)
AJR77225303-1-2(링),중앙,4603,견적없음(담당필요)
AJR30089615-4-2,미래,4588,견적없음(담당필요)
AJR30089615-4-4,미래,4588,견적없음(담당필요)
MJU66960902,미래,4588,견적없음(담당필요)
AJR30089615-4-3,미래,4588,견적없음(담당필요)
AJR77226302-4-1,미래,4501,견적없음(담당필요)
MJU66526618,미래,4312,견적없음(담당필요)
MJU66526619,미래,4309,견적없음(담당필요)
MJU66526616,미래,4309,견적없음(담당필요)
MJU66526617,미래,4309,견적없음(담당필요)
MJU66845511,명진,4296,견적없음(담당필요)
MJU66845512,명진,4296,견적없음(담당필요)
MJU66845513,명진,4296,견적없음(담당필요)
MJU66572903,미래,3966,견적없음(담당필요)
AJR30089611-4-1,미래,3927,견적없음(담당필요)
단품,미래,3860,견적없음(담당필요)
AJR30089608-4-3,미래,3734,견적없음(담당필요)
AJR30089608-4-2,미래,3733,견적없음(담당필요)
AJR30089608-4-4,미래,3733,견적없음(담당필요)
MJU63669615,중앙,3710,견적없음(담당필요)
MJU65486405,미래,3704,견적없음(담당필요)
MJU64961303,케이비,3612,견적없음(담당필요)
MJU63617901,미래,3497,견적없음(담당필요)
MJU62916128,케이비,3128,견적없음(담당필요)
MJU66980602,케이비,3073,견적없음(담당필요)
MJU66980606,케이비,3073,견적없음(담당필요)
AJR30089612-4-3,미래,3049,견적없음(담당필요)
AJR30089612-4-5,미래,3048,견적없음(담당필요)
AJR30089612-4-4,미래,3048,견적없음(담당필요)
AJR74424616,중앙,2977,견적없음(담당필요)
MJU62916127,케이비,2947,견적없음(담당필요)
MJU62916122,케이비,2930,견적없음(담당필요)
MJU67035301,미래,2782,견적없음(담당필요)
MJU62916123,케이비,2780,견적없음(담당필요)
MJU66902803,미래,2758,견적없음(담당필요)
단품,케이비,2728,견적없음(담당필요)
MJU00777501,세광,2650,견적없음(담당필요)
MJU66960903,미래,2649,견적없음(담당필요)
샘플,썬텍,2611,견적없음(담당필요)
AJR30089614-4-2,미래,2547,견적없음(담당필요)
AJR30089614-4-3,미래,2547,견적없음(담당필요)
AJR74522902-3-1,이젠터,2503,견적없음(담당필요)
AJR30089609-4-5,미래,2503,견적없음(담당필요)
AJR30089609-4-3,미래,2502,견적없음(담당필요)
AJR30089609-4-4,미래,2502,견적없음(담당필요)
AJR30089609-4-2,미래,2502,견적없음(담당필요)
MJU65787709,미래,2399,견적없음(담당필요)
MJU64095002,미래,2172,견적없음(담당필요)
MJU64095001,미래,2172,견적없음(담당필요)
AJR30089616-4-2,미래,2141,견적없음(담당필요)
AJR30089616-4-3,미래,2141,견적없음(담당필요)
AJR30089616-4-4,미래,2140,견적없음(담당필요)
MJU66571201,미래,2076,견적없음(담당필요)
MJU65517901+용접링,미래,2068,견적없음(담당필요)
MJU00777605,세광,2028,견적없음(담당필요)
MJU00777604,세광,2028,견적없음(담당필요)
AJR30107701-3-1,이젠터,1909,견적없음(담당필요)
AJR30089619-1-1(링),중앙,1848,견적없음(담당필요)
AJR30089619-1-3(링),중앙,1848,견적없음(담당필요)
MJU42823701,미래,1765,견적없음(담당필요)
MJU42822901,미래,1765,견적없음(담당필요)
MJU42822201,미래,1765,견적없음(담당필요)
MJU42822701,미래,1765,견적없음(담당필요)
MJU63483406,미래,1700,견적없음(담당필요)
MJU63483408,미래,1700,견적없음(담당필요)
MJU63483902,미래,1700,견적없음(담당필요)
MJU63483407,미래,1700,견적없음(담당필요)
MJU63483405,미래,1700,견적없음(담당필요)
AJR75262808-9-1,미래,1684,견적없음(담당필요)
AJJ73040829-9-1,미래,1684,견적없음(담당필요)
MJU63058301,케이비,1664,견적없음(담당필요)
MJU63058305,케이비,1664,견적없음(담당필요)
MJU63058302,케이비,1652,견적없음(담당필요)
MJU63058304,케이비,1648,견적없음(담당필요)
MJU00777206,대원,1415,견적없음(담당필요)
MJU00777204,대원,1415,견적없음(담당필요)
MJU63482501,중앙,1328,견적없음(담당필요)
MJU63482301,중앙,1328,견적없음(담당필요)
MJU63437401,중앙,1328,견적없음(담당필요)
MJU63482401,중앙,1328,견적없음(담당필요)
샘플,케이비,1318,견적없음(담당필요)
MJU00777004,세광,1237,견적없음(담당필요)
MJU65787708,미래,1207,견적없음(담당필요)
MJU65787707,미래,1192,견적없음(담당필요)
AJR30007102-9-2,미래,1145,견적없음(담당필요)
MJU66759901,미래,1145,견적없음(담당필요)
AJR30007102-9-1,미래,1145,견적없음(담당필요)
AJR30007102-9-3,미래,1145,견적없음(담당필요)
AJR30007102-9-4,미래,1145,견적없음(담당필요)
AJR74364921-4-4(링X),미래,1136,견적없음(담당필요)
MJU62837001,이젠터,1130,견적없음(담당필요)
MJU66566901,미래,1109,견적없음(담당필요)
AJR74942724-3-1,이젠터,1097,견적없음(담당필요)
AJR30089610-4-1,미래,1088,견적없음(담당필요)
MJU66760012,미래,1073,견적없음(담당필요)
MJU66949201,미래,1060,견적없음(담당필요)
MJU63772601,명진,999,견적없음(담당필요)
MJU65517902+용접링,미래,940,견적없음(담당필요)
MJU66960905,미래,915,견적없음(담당필요)
MJU64795603,미래,914,견적없음(담당필요)
MJU64795605,미래,914,견적없음(담당필요)
MJU64795604,미래,914,견적없음(담당필요)
MJU61940102,중앙,912,견적없음(담당필요)
MJU61942701,중앙,912,견적없음(담당필요)
MJU63048501,중앙,912,견적없음(담당필요)
MJU63048901,중앙,912,견적없음(담당필요)
AJR73964301,이젠터,892,견적없음(담당필요)
MJU62099001,중앙,854,견적없음(담당필요)
MJU62914601,이젠터,842,견적없음(담당필요)
MJU62837201,이젠터,842,견적없음(담당필요)
MJU66777703,미래,839,견적없음(담당필요)
MJU66777704,미래,839,견적없음(담당필요)
MJU37499607,미래,832,견적없음(담당필요)
MJU63057301,중앙,832,견적없음(담당필요)
AJR77225301-1-1(링),중앙,822,견적없음(담당필요)
AJR77225301-1-2(링),중앙,822,견적없음(담당필요)
AJR75744137-3-1,이젠터,808,견적없음(담당필요)
MJU63612906,명진,712,견적없음(담당필요)
MJU63612904,명진,711,견적없음(담당필요)
MJU63612901,명진,711,견적없음(담당필요)
MJU63612903,명진,711,견적없음(담당필요)
MJU63612905,명진,711,견적없음(담당필요)
MJU63612902,명진,711,견적없음(담당필요)
MJU64708702,미래,697,견적없음(담당필요)
MJU61851002,미래,687,견적없음(담당필요)
MJU62971201,중앙,650,견적없음(담당필요)
AJR77226302-4-2,미래,643,견적없음(담당필요)
AJR77226302-4-3,미래,643,견적없음(담당필요)
MJU66573502,미래,643,견적없음(담당필요)
AJR77226302-4-4,미래,643,견적없음(담당필요)
MJU64790807,미래,635,견적없음(담당필요)
MJU65247405,케이비,600,견적없음(담당필요)
냉매누설PIPE,명진,600,견적없음(담당필요)
AJR75243021-3-1,이젠터,584,견적없음(담당필요)
MJU62078401,케이비,579,견적없음(담당필요)
MJU62078201,케이비,579,견적없음(담당필요)
MJU62079801,케이비,579,견적없음(담당필요)
MJU66824506,미래,550,견적없음(담당필요)
AJR77226302-4-5,미래,535,견적없음(담당필요)
MJU66573002,미래,535,견적없음(담당필요)
MJU64961306,케이비,516,견적없음(담당필요)
MJU64961301,케이비,516,견적없음(담당필요)
MJU64961305,케이비,516,견적없음(담당필요)
MJU64961302,케이비,516,견적없음(담당필요)
MJU64961304,케이비,516,견적없음(담당필요)
MJU66779302,미래,458,견적없음(담당필요)
MJU66779303,미래,458,견적없음(담당필요)
MJU66779306,미래,458,견적없음(담당필요)
MJU66779307,미래,458,견적없음(담당필요)
MJU66779301,미래,458,견적없음(담당필요)
MJU63669531,중앙,457,견적없음(담당필요)
MJU63669533,중앙,451,견적없음(담당필요)
MJU63669544,중앙,451,견적없음(담당필요)
MJU66566902,미래,445,견적없음(담당필요)
MJU64706401,미래,437,견적없음(담당필요)
AJJ74578301-3-1,이젠터,425,견적없음(담당필요)
AJJ74578301-3-2,이젠터,425,견적없음(담당필요)
MJU64226412,미래,418,견적없음(담당필요)
MJU66566910,미래,418,견적없음(담당필요)
MJU66566904,미래,418,견적없음(담당필요)
AJR30133603-12-1,대원,414,견적없음(담당필요)
AJR36388606-4-2,미래,413,견적없음(담당필요)
AJR52676207-3-1,이젠터,400,견적없음(담당필요)
MJU00855819,미래,394,견적없음(담당필요)
AJR30133604-12-1,대원,394,견적없음(담당필요)
MJU66503304,케이비,391,견적없음(담당필요)
AJR36388606-4-1,미래,390,견적없음(담당필요)
AJR30089611-4-4,미래,357,견적없음(담당필요)
AJR30089611-4-3,미래,357,견적없음(담당필요)
AJR30089611-4-2,미래,357,견적없음(담당필요)
MJU63669543,중앙,326,견적없음(담당필요)
MJU63669540,중앙,326,견적없음(담당필요)
MJU62971802,중앙,325,견적없음(담당필요)
MJU64095005,중앙,313,견적없음(담당필요)
AJR74302403-4-1,미래,285,견적없음(담당필요)
MJU64347002,미래,280,견적없음(담당필요)
MJU64347004,미래,280,견적없음(담당필요)
MJU64347001,미래,280,견적없음(담당필요)
MJU64347003,미래,280,견적없음(담당필요)
MJU66824502,미래,275,견적없음(담당필요)
MJU66824505,미래,275,견적없음(담당필요)
MJU66824503,미래,275,견적없음(담당필요)
MJU66824507,미래,275,견적없음(담당필요)
MJU66824504,미래,275,견적없음(담당필요)
MJU66803015,미래,266,견적없음(담당필요)
AJR37039701-4-1,미래,255,견적없음(담당필요)
샘플,명진,251,견적없음(담당필요)
MJU65588303,미래,245,견적없음(담당필요)
MJU65486401,미래,245,견적없음(담당필요)
MJU65588306,미래,245,견적없음(담당필요)
MJU64671112,중앙,240,견적없음(담당필요)
MJU62818901,케이비,213,견적없음(담당필요)
AJR74942754-3-1,이젠터,212,견적없음(담당필요)
MJU64428802,미래,210,견적없음(담당필요)
MJU57271811,케이비,210,견적없음(담당필요)
MJU63083101,이젠터,208,견적없음(담당필요)
MJU61940901,이젠터,208,견적없음(담당필요)
AJR74923002-3-1,이젠터,204,견적없음(담당필요)
MJU64346903,미래,193,견적없음(담당필요)
MJU64346901,미래,193,견적없음(담당필요)
MJU64346902,미래,193,견적없음(담당필요)
MJU64346904,미래,193,견적없음(담당필요)
AJR76166401-9-2,미래,191,견적없음(담당필요)
AJR76166401-9-1,미래,191,견적없음(담당필요)
MJU65517908+용접링,미래,188,견적없음(담당필요)
MJU65517906+용접링,미래,188,견적없음(담당필요)
MJU65517909+용접링,미래,188,견적없음(담당필요)
MJU65517911+용접링,미래,188,견적없음(담당필요)
MJU65517905+용접링,미래,188,견적없음(담당필요)
MJU65517903+용접링,미래,188,견적없음(담당필요)
MJU65517904+용접링,미래,188,견적없음(담당필요)
MJU65517912+용접링,미래,188,견적없음(담당필요)
MJU00855825,미래,181,견적없음(담당필요)
MJU00855826,미래,181,견적없음(담당필요)
MJU66932509,미래,180,견적없음(담당필요)
MJU64095006,중앙,176,견적없음(담당필요)
MJU62914602,이젠터,150,견적없음(담당필요)
MJU62837202,이젠터,150,견적없음(담당필요)
AJR75744119,이젠터,150,견적없음(담당필요)
AJR30089610-4-3,미래,136,견적없음(담당필요)
AJR30089610-4-2,미래,136,견적없음(담당필요)
MJU62770301,미래,131,견적없음(담당필요)
MJU00855812,미래,131,견적없음(담당필요)
MJU00855813,미래,131,견적없음(담당필요)
MJU62911903,명진,131,견적없음(담당필요)
MJU63329001,중앙,130,견적없음(담당필요)
MJU65588304,미래,130,견적없음(담당필요)
MJU65588307,미래,130,견적없음(담당필요)
MJU62326612,미래,123,견적없음(담당필요)
MJU62326613,미래,123,견적없음(담당필요)
MJU62770402,미래,123,견적없음(담당필요)
AGR30801604,명진,123,견적없음(담당필요)
MJU61884603,케이비,120,견적없음(담당필요)
MJU64329102,중앙,119,견적없음(담당필요)
AJR74962904-16-1,케이비,119,견적없음(담당필요)
MJU65588301,미래,115,견적없음(담당필요)
MJU65588308,미래,115,견적없음(담당필요)
MJU66830901,미래,111,견적없음(담당필요)
MJU66831001,미래,111,견적없음(담당필요)
MJU63470916,케이비,110,견적없음(담당필요)
MJU00855316,미래,108,견적없음(담당필요)
MJU66759904,미래,108,견적없음(담당필요)
MJU00855315,미래,108,견적없음(담당필요)
AJR30133707-4-1,미래,108,견적없음(담당필요)
AJR77226303-4-5,미래,108,견적없음(담당필요)
MJU00855806,미래,102,견적없음(담당필요)
MJU64790808,미래,100,견적없음(담당필요)
MJU63407201,케이비,100,견적없음(담당필요)
MJU65517913+용접링,미래,99,견적없음(담당필요)
MJU66526620,미래,95,견적없음(담당필요)
AJR74942709-3-1,이젠터,90,견적없음(담당필요)
MJU00788201,케이비,86,견적없음(담당필요)
MJU41838701,케이비,86,견적없음(담당필요)
MJU63287901,명진,84,견적없음(담당필요)
MJU63057302,중앙,80,견적없음(담당필요)
MJU65247407,케이비,80,견적없음(담당필요)
MJU65247404,케이비,80,견적없음(담당필요)
MJU65247403,케이비,80,견적없음(담당필요)
MJU65247406,케이비,80,견적없음(담당필요)
MJU63669616,중앙,77,견적없음(담당필요)
MJU62911901,명진,74,견적없음(담당필요)
MJU66760005,미래,72,견적없음(담당필요)
MJU62968529,명진,70,견적없음(담당필요)
MJU62968508,명진,70,견적없음(담당필요)
MJU62968522,명진,70,견적없음(담당필요)
MJU62968525,명진,70,견적없음(담당필요)
MJU62968523,명진,70,견적없음(담당필요)
MJU62968526,명진,70,견적없음(담당필요)
MJU62968527,명진,70,견적없음(담당필요)
MJU62968528,명진,70,견적없음(담당필요)
MJU62968521,명진,70,견적없음(담당필요)
MJU62968530,명진,70,견적없음(담당필요)
MJU62968524,명진,70,견적없음(담당필요)
MJU65846918,중앙,68,견적없음(담당필요)
MJU64930002,케이비,67,견적없음(담당필요)
샘플,중앙,66,견적없음(담당필요)
MJU63772602,명진,66,견적없음(담당필요)
MJU63502401,케이비,66,견적없음(담당필요)
MJU63329101,중앙,65,견적없음(담당필요)
AJR73882504-1-2,중앙,65,견적없음(담당필요)
MJU63076202,중앙,65,견적없음(담당필요)
MJU63076102,중앙,65,견적없음(담당필요)
AJR73882504-1-1,중앙,65,견적없음(담당필요)
MJU63308302,중앙,65,견적없음(담당필요)
AJR73343303-3-1,이젠터,60,견적없음(담당필요)
MJU66932511,미래,60,견적없음(담당필요)
MJU66932507,미래,60,견적없음(담당필요)
MJU61884604,케이비,60,견적없음(담당필요)
MJU62816401,케이비,60,견적없음(담당필요)
MJU61884602,케이비,60,견적없음(담당필요)
MJU38273201,명진,60,견적없음(담당필요)
MJU38273203,명진,60,견적없음(담당필요)
MJU38273403,명진,60,견적없음(담당필요)
MJU63006501,케이비,60,견적없음(담당필요)
MJU62808501,케이비,60,견적없음(담당필요)
MJU38273205,명진,60,견적없음(담당필요)
MJU38273406,명진,60,견적없음(담당필요)
MJU62066901,명진,60,견적없음(담당필요)
MJU57152902,케이비,60,견적없음(담당필요)
MJU42824001,케이비,60,견적없음(담당필요)
MJU62808301,케이비,60,견적없음(담당필요)
MJU62808401,케이비,60,견적없음(담당필요)
MJU62968604,케이비,60,견적없음(담당필요)
MJU00788301,케이비,56,견적없음(담당필요)
MJU62866302,미래,50,견적없음(담당필요)
MJU66289801,명진,50,견적없음(담당필요)
MJU63146301,케이비,50,견적없음(담당필요)
MJU66289501,명진,50,견적없음(담당필요)
MJU66289601,명진,50,견적없음(담당필요)
MJU66289401,명진,50,견적없음(담당필요)
MJU66289701,명진,50,견적없음(담당필요)
MJU66289901,명진,50,견적없음(담당필요)
MJU63234801,케이비,49,견적없음(담당필요)
MJU64773401,케이비,48,견적없음(담당필요)
샘플,대원,45,견적없음(담당필요)
AJR74942730-3-1,이젠터,45,견적없음(담당필요)
MJU41489502,케이비,45,견적없음(담당필요)
MJU41491102,케이비,45,견적없음(담당필요)
AJR77163401-13-1,미래,41,견적없음(담당필요)
MJU66307105,미래,41,견적없음(담당필요)
AJR76982401-13-1,미래,41,견적없음(담당필요)
MJU66307104,미래,41,견적없음(담당필요)
AJR77163401-9-1,미래,41,견적없음(담당필요)
AJR30012010-20-1,썬텍,41,견적없음(담당필요)
MJU42356104,명진,40,견적없음(담당필요)
MJU57271814,케이비,40,견적없음(담당필요)
MJU66868608,케이비,40,견적없음(담당필요)
AJR30012011-20-1,썬텍,40,견적없음(담당필요)
MJU64964218,미래,38,견적없음(담당필요)
MJU64964203,미래,38,견적없음(담당필요)
MJU63067601,케이비,38,견적없음(담당필요)
AJR75744106,이젠터,35,견적없음(담당필요)
MJU41491701,명진,35,견적없음(담당필요)
MJU66489402,명진,35,견적없음(담당필요)
AJR73782506,명진,34,견적없음(담당필요)
MJU65517901,미래,33,견적없음(담당필요)
MJU64930001,케이비,33,견적없음(담당필요)
AJJ75698806,대원,32,견적없음(담당필요)
MJU66932508,미래,30,견적없음(담당필요)
MJU66932510,미래,30,견적없음(담당필요)
AJR73943301-9-1,미래,30,견적없음(담당필요)
MJU42827501,미래,30,견적없음(담당필요)
MJU42823801,케이비,30,견적없음(담당필요)
MJU61881601,케이비,30,견적없음(담당필요)
MJU00788501,명진,30,견적없음(담당필요)
MJU42823901,케이비,30,견적없음(담당필요)
MJU65247409,케이비,30,견적없음(담당필요)
MJU42643701,명진,30,견적없음(담당필요)
MJU42886701,명진,30,견적없음(담당필요)
MJU00788502,명진,30,견적없음(담당필요)
MJU65247408,케이비,30,견적없음(담당필요)
MJU42886501,명진,30,견적없음(담당필요)
MJU42886601,명진,30,견적없음(담당필요)
MJU66508202,케이비,30,견적없음(담당필요)
MJU37361115,이젠터,25,견적없음(담당필요)
AJR73767810-3-1,이젠터,25,견적없음(담당필요)
MJU62194501,명진,25,견적없음(담당필요)
MJU64790804,케이비,25,견적없음(담당필요)
AJR77223105-3-1,이젠터,24,견적없음(담당필요)
AJR74702901,미래,21,견적없음(담당필요)
MJU62807413,케이비,20,견적없음(담당필요)
MJU63067507,케이비,20,견적없음(담당필요)
MJU63467201,케이비,20,견적없음(담당필요)
MJU63067407,케이비,20,견적없음(담당필요)
MJU63234802,케이비,20,견적없음(담당필요)
MJU63310702,케이비,20,견적없음(담당필요)
MJU63470920,케이비,20,견적없음(담당필요)
MJU63754102,케이비,20,견적없음(담당필요)
MJU00788503,명진,19,견적없음(담당필요)
MJU62819701,케이비,19,견적없음(담당필요)
MJU61883301,케이비,19,견적없음(담당필요)
MJU62970901,케이비,19,견적없음(담당필요)
MJU62816201,케이비,18,견적없음(담당필요)
MJU63426601,케이비,18,견적없음(담당필요)
MJU65966704,케이비,18,견적없음(담당필요)
MJU65707425,대원,16,견적없음(담당필요)
MJU63083302,이젠터,15,견적없음(담당필요)
MJU65517902,미래,15,견적없음(담당필요)
MJU64890919,미래,15,견적없음(담당필요)
MJU64890920,미래,15,견적없음(담당필요)
AJR36479516-11-1,중앙,15,견적없음(담당필요)
MJU65707424,미래,15,견적없음(담당필요)
AJR74942735-3-1,이젠터,15,견적없음(담당필요)
MJU63083202,이젠터,15,견적없음(담당필요)
MJU61885401,케이비,15,견적없음(담당필요)
MJU63407307,케이비,15,견적없음(담당필요)
MJU61885501,케이비,15,견적없음(담당필요)
MJU63407305,케이비,15,견적없음(담당필요)
AJR75744143-16-1,케이비,15,견적없음(담당필요)
MJU62971001,케이비,15,견적없음(담당필요)
MJU63407308,케이비,15,견적없음(담당필요)
MJU61885701,케이비,15,견적없음(담당필요)
MJU62836101,케이비,15,견적없음(담당필요)
MJU62989301,케이비,15,견적없음(담당필요)
MJU62597001,케이비,15,견적없음(담당필요)
MJU62836201,케이비,15,견적없음(담당필요)
MJU62597101,케이비,15,견적없음(담당필요)
MJU62989601,케이비,15,견적없음(담당필요)
MJU66868011,케이비,15,견적없음(담당필요)
MJU61885801,케이비,15,견적없음(담당필요)
MJU62819201,케이비,15,견적없음(담당필요)
MJU64910601,케이비,14,견적없음(담당필요)
MJU62989202,명진,14,견적없음(담당필요)
AJJ74578304-3-2,이젠터,13,견적없음(담당필요)
AJJ74578304-3-1,이젠터,13,견적없음(담당필요)
MJU63485402,미래,12,견적없음(담당필요)
MJU62993604,케이비,12,견적없음(담당필요)
MJU63208806,케이비,12,견적없음(담당필요)
MJU63113701,케이비,12,견적없음(담당필요)
MJU42756505,중앙,10,견적없음(담당필요)
MJU56926501,미래,10,견적없음(담당필요)
MJU56926201,미래,10,견적없음(담당필요)
MJU64794301,미래,10,견적없음(담당필요)
MJU56926301,미래,10,견적없음(담당필요)
MJU56926401,미래,10,견적없음(담당필요)
MJU66868606,이젠터,10,견적없음(담당필요)
MJU56926001,미래,10,견적없음(담당필요)
MJU62032601,중앙,10,견적없음(담당필요)
MJU66868605,이젠터,10,견적없음(담당필요)
MJU66868607,이젠터,10,견적없음(담당필요)
MJU41838702,케이비,10,견적없음(담당필요)
MJU64831101,케이비,10,견적없음(담당필요)
MJU66909104,케이비,10,견적없음(담당필요)
MJU63160501,케이비,10,견적없음(담당필요)
MJU63618202,케이비,10,견적없음(담당필요)
MJU64874501,케이비,10,견적없음(담당필요)
MJU66908502,케이비,10,견적없음(담당필요)
MJU66908501,케이비,10,견적없음(담당필요)
MJU66909103,케이비,10,견적없음(담당필요)
MJU66908504,케이비,10,견적없음(담당필요)
MJU00702404,명진,10,견적없음(담당필요)
MJU66567001,케이비,10,견적없음(담당필요)
MJU66832708,케이비,10,견적없음(담당필요)
MJU66908503,케이비,10,견적없음(담당필요)
MJU65707415,대원,10,견적없음(담당필요)
MJU64874401,케이비,10,견적없음(담당필요)
MJU66909102,케이비,10,견적없음(담당필요)
MJU00702408,명진,10,견적없음(담당필요)
MJU64980104,미래,9,견적없음(담당필요)
MJU64980105,미래,9,견적없음(담당필요)
MJU64980103,미래,9,견적없음(담당필요)
MJU65166801,케이비,9,견적없음(담당필요)
MJU65166803,케이비,9,견적없음(담당필요)
MJU65166802,케이비,9,견적없음(담당필요)
MJU62770401,미래,8,견적없음(담당필요)
MJU62326610,미래,8,견적없음(담당필요)
MJU62326609,미래,8,견적없음(담당필요)
AJR75744125,이젠터,8,견적없음(담당필요)
MJU42316801,케이비,8,견적없음(담당필요)
MJU63669538,중앙,7,견적없음(담당필요)
MJU64795606,중앙,7,견적없음(담당필요)
MJU00788504,명진,7,견적없음(담당필요)
MJU63043604,명진,7,견적없음(담당필요)
MJU65008410,미래,6,견적없음(담당필요)
MJU65008411,미래,6,견적없음(담당필요)
MJU65008407,미래,6,견적없음(담당필요)
AJR74424620-1-1,중앙,6,견적없음(담당필요)
MJU63208804,케이비,6,견적없음(담당필요)
MJU63297802,대원,6,견적없음(담당필요)
MJU63208807,케이비,6,견적없음(담당필요)
MJU66868012,이젠터,5,견적없음(담당필요)
MJU66909701,이젠터,5,견적없음(담당필요)
MJU42756504,중앙,5,견적없음(담당필요)
MJU63691201,미래,5,견적없음(담당필요)
MJU42756506,중앙,5,견적없음(담당필요)
MJU64408005,이젠터,5,견적없음(담당필요)
MJU63689401,미래,5,견적없음(담당필요)
AJR77022802,미래,5,견적없음(담당필요)
MJU60436639,미래,5,견적없음(담당필요)
MJU66868009,이젠터,5,견적없음(담당필요)
AJR34739807,미래,5,견적없음(담당필요)
AJR73988107-9-1,미래,5,견적없음(담당필요)
MJU61903201,케이비,5,견적없음(담당필요)
MJU61886101,케이비,5,견적없음(담당필요)
MJU62817603,케이비,5,견적없음(담당필요)
MJU54133202,케이비,5,견적없음(담당필요)
MJU62998402,케이비,5,견적없음(담당필요)
MJU65626502,케이비,5,견적없음(담당필요)
MJU42805403,명진,5,견적없음(담당필요)
MJU63043608,명진,5,견적없음(담당필요)
MJU63043609,명진,5,견적없음(담당필요)
MJU63001010,케이비,5,견적없음(담당필요)
MJU63032113,케이비,5,견적없음(담당필요)
MJU66868010,케이비,5,견적없음(담당필요)
MJU42805401,명진,5,견적없음(담당필요)
MJU63043601,명진,5,견적없음(담당필요)
MJU61919701,케이비,5,견적없음(담당필요)
MJU66508203,케이비,5,견적없음(담당필요)
MJU42805402,명진,5,견적없음(담당필요)
MJU62357301,케이비,5,견적없음(담당필요)
MJU63032114,케이비,5,견적없음(담당필요)
MJU63467005,케이비,5,견적없음(담당필요)
MJU64708703,케이비,5,견적없음(담당필요)
MJU62389801,케이비,5,견적없음(담당필요)
MJU62839701,케이비,5,견적없음(담당필요)
MJU62921210,케이비,5,견적없음(담당필요)
MJU63043605,명진,5,견적없음(담당필요)
MJU63043607,명진,5,견적없음(담당필요)
MJU66566912,미래,4,견적없음(담당필요)
MJU61882416,케이비,4,견적없음(담당필요)
MJU64890926,케이비,4,견적없음(담당필요)
MJU63406105,케이비,4,견적없음(담당필요)
MJU65008415,케이비,4,견적없음(담당필요)
MJU64890925,케이비,4,견적없음(담당필요)
MJU65517904,미래,3,견적없음(담당필요)
MJU63297803,대원,3,견적없음(담당필요)
MJU65517903,미래,3,견적없음(담당필요)
MJU65517905,미래,3,견적없음(담당필요)
MJU65517909,미래,3,견적없음(담당필요)
MJU65517911,미래,3,견적없음(담당필요)
MJU65517912,미래,3,견적없음(담당필요)
AJJ74578309-3-1,이젠터,3,견적없음(담당필요)
AJR74803522-4-1,미래,3,견적없음(담당필요)
MJU65517906,미래,3,견적없음(담당필요)
소급,대원,3,견적없음(담당필요)
MJU64350801,이젠터,3,견적없음(담당필요)
MJU65517908,미래,3,견적없음(담당필요)
AJJ74578309-3-2,이젠터,3,견적없음(담당필요)
AJR73663001-9-1,미래,3,견적없음(담당필요)
MJU65517913,미래,3,견적없음(담당필요)
MJU41941910,케이비,3,견적없음(담당필요)
MJU62998002,케이비,3,견적없음(담당필요)
MJU62998101,케이비,3,견적없음(담당필요)
MJU63426701,케이비,3,견적없음(담당필요)
MJU64948801,명진,3,견적없음(담당필요)
MJU64949601,명진,3,견적없음(담당필요)
MJU61903202,케이비,3,견적없음(담당필요)
MJU61953603,케이비,3,견적없음(담당필요)
MJU63113801,케이비,3,견적없음(담당필요)
MJU64966203,케이비,3,견적없음(담당필요)
MJU63086901,명진,3,견적없음(담당필요)
MJU63086902,명진,3,견적없음(담당필요)
MJU64948501,명진,3,견적없음(담당필요)
MJU42933505,케이비,3,견적없음(담당필요)
MJU61919702,케이비,3,견적없음(담당필요)
MJU63208803,케이비,3,견적없음(담당필요)
MJU63336103,케이비,3,견적없음(담당필요)
MJU64773402,케이비,3,견적없음(담당필요)
AJR76264102-19-3,명진,3,견적없음(담당필요)
MJU64948601,명진,3,견적없음(담당필요)
MJU65529705,명진,3,견적없음(담당필요)
MJU65529707,명진,3,견적없음(담당필요)
MJU65529712,명진,3,견적없음(담당필요)
MJU65529714,명진,3,견적없음(담당필요)
MJU61926803,케이비,3,견적없음(담당필요)
MJU61953702,케이비,3,견적없음(담당필요)
MJU62998102,케이비,3,견적없음(담당필요)
MJU63341510,케이비,3,견적없음(담당필요)
MJU64949201,명진,3,견적없음(담당필요)
MJU65529704,명진,3,견적없음(담당필요)
MJU65529710,명진,3,견적없음(담당필요)
MJU61926804,케이비,3,견적없음(담당필요)
MJU63152201,케이비,3,견적없음(담당필요)
MJU64949001,명진,3,견적없음(담당필요)
MJU64949101,명진,3,견적없음(담당필요)
MJU65529708,명진,3,견적없음(담당필요)
MJU65529709,명진,3,견적없음(담당필요)
MJU61926702,케이비,3,견적없음(담당필요)
MJU63336102,케이비,3,견적없음(담당필요)
MJU63482704,케이비,3,견적없음(담당필요)
MJU64948901,명진,3,견적없음(담당필요)
MJU64949401,명진,3,견적없음(담당필요)
MJU64949701,명진,3,견적없음(담당필요)
MJU65529713,명진,3,견적없음(담당필요)
MJU65529716,명진,3,견적없음(담당필요)
MJU63297801,대원,3,견적없음(담당필요)
MJU63297804,대원,3,견적없음(담당필요)
MJU61919905,케이비,3,견적없음(담당필요)
MJU63152001,케이비,3,견적없음(담당필요)
MJU63208805,케이비,3,견적없음(담당필요)
MJU64773403,케이비,3,견적없음(담당필요)
AJR76264102-19-1,명진,3,견적없음(담당필요)
AJR76264102-19-2,명진,3,견적없음(담당필요)
MJU64948701,명진,3,견적없음(담당필요)
MJU64949301,명진,3,견적없음(담당필요)
MJU64949501,명진,3,견적없음(담당필요)
MJU65529706,명진,3,견적없음(담당필요)
MJU65529715,명진,3,견적없음(담당필요)
MJU63122901,케이비,3,견적없음(담당필요)
MJU63310701,케이비,3,견적없음(담당필요)
MJU65529711,명진,3,견적없음(담당필요)
소급,미래,2,견적없음(담당필요)
MJU63507801,중앙,2,견적없음(담당필요)
소급,중앙,2,견적없음(담당필요)
MJU63435001,중앙,2,견적없음(담당필요)
MJU63507901,중앙,2,견적없음(담당필요)
MJU63508001,중앙,2,견적없음(담당필요)
MJU41942202,케이비,2,견적없음(담당필요)
MJU61882701,케이비,2,견적없음(담당필요)
MJU40157910,명진,2,견적없음(담당필요)
MJU63730503,케이비,2,견적없음(담당필요)
MJU63043617,명진,2,견적없음(담당필요)
MJU61882601,케이비,2,견적없음(담당필요)
소급,썬텍,2,견적없음(담당필요)
MJU61883201,케이비,2,견적없음(담당필요)
MJU63730504,케이비,2,견적없음(담당필요)
MJU61883101,케이비,2,견적없음(담당필요)
MJU63043621,명진,2,견적없음(담당필요)
MJU62672402,케이비,2,견적없음(담당필요)
MJU63037905,케이비,2,견적없음(담당필요)
MJU63730505,케이비,2,견적없음(담당필요)
MJU63039509,미래,1,견적없음(담당필요)
MJU66771601,미래,1,견적없음(담당필요)
AJR30019401,미래,1,견적없음(담당필요)
소급,이젠터,1,견적없음(담당필요)
MJU63039612,미래,1,견적없음(담당필요)
소급,케이비,1,견적없음(담당필요)
MJU62913103,케이비,1,견적없음(담당필요)
소급,명진,1,견적없음(담당필요)
5998A20002L,MTS,5898,시트없는거래처
MHH62041502,MTS,5592,시트없는거래처
5210A21458T,MTS,5532,시트없는거래처
4848A20005L,MTS,5054,시트없는거래처
MHH61981504-7-1,MTS,4578,시트없는거래처
AJR71429341-7-1,MTS,3567,시트없는거래처
MHH62041507,MTS,3535,시트없는거래처
AJR71429343,MTS,3413,시트없는거래처
MAA63804601,MTS,2920,시트없는거래처
5998A20002Q,MTS,2585,시트없는거래처
AFY74109506,MTS,1970,시트없는거래처
5256A30003G,MTS,1600,시트없는거래처
AAB35754002,MTS,1303,시트없는거래처
AJR73973707,MTS,1275,시트없는거래처
MHH41401201,MTS,1187,시트없는거래처
MAA63804705,수테크,1187,시트없는거래처
AJR76443003,수테크,1114,시트없는거래처
AJR74424615-7-1,MTS,1072,시트없는거래처
MHH62041504,수테크,608,시트없는거래처
AAB73250401,MTS,574,시트없는거래처
4848A20007P,MTS,456,시트없는거래처
MHH61981504,MTS,454,시트없는거래처
AJR73944505-7-1,MTS,450,시트없는거래처
AJR77223102,MTS,417,시트없는거래처
AJL74852201,수테크,417,시트없는거래처
MAZ61974302,MTS,330,시트없는거래처
MAZ62144002,MTS,265,시트없는거래처
4848A20005A,MTS,260,시트없는거래처
AAB73970501,수테크,245,시트없는거래처
AFY73689504,MTS,139,시트없는거래처
AJR73944506-7-1,MTS,121,시트없는거래처
4849A10047A,MTS,90,시트없는거래처
MAA63804704,수테크,79,시트없는거래처
4848A20005X,MTS,74,시트없는거래처
4A00232N,MTS,60,시트없는거래처
AJR75711901-7-1,MTS,38,시트없는거래처
4849A10047B,MTS,30,시트없는거래처
AJR75625401-7-1,MTS,29,시트없는거래처
5998A20002A,MTS,26,시트없는거래처
4849A10003J,MTS,15,시트없는거래처
AFY73769504,MTS,15,시트없는거래처
AAB32861207,수테크,13,시트없는거래처
AJR77167310-7-1,MTS,12,시트없는거래처
AJR75102405-7-1,MTS,10,시트없는거래처
AJR75244301,MTS,6,시트없는거래처
4848A20007K,MTS,6,시트없는거래처
AAB73390401,MTS,6,시트없는거래처
AFY73689511,MTS,6,시트없는거래처
MAA63804701,MTS,5,시트없는거래처
AJR71429331,MTS,5,시트없는거래처
샘플,MTS,5,시트없는거래처
AJR77223101,MTS,3,시트없는거래처
AFY73689501,MTS,3,시트없는거래처
소급,수테크,3,시트없는거래처
4848A20007H,MTS,2,시트없는거래처
MHH62041508,수테크,1,시트없는거래처
파이프 수불정산금액,수테크,1,시트없는거래처
용접봉 수불정산금액,수테크,1,시트없는거래처
5211A20459K-12-1,대원,3688,원소재/규격텍스트
12.7*50(엘지교육용),이젠터,2500,원소재/규격텍스트
15.88*50(엘지교육용),이젠터,2500,원소재/규격텍스트
9.52*50(엘지교육용),이젠터,500,원소재/규격텍스트
5210A21605N,케이비,80,원소재/규격텍스트
5210A26787E,케이비,50,원소재/규격텍스트
5210A30999N,케이비,50,원소재/규격텍스트
5210A26787C,케이비,25,원소재/규격텍스트
5210A26787A,케이비,25,원소재/규격텍스트
5210A26787B,케이비,25,원소재/규격텍스트
5210A26787D,케이비,25,원소재/규격텍스트
5210A22526C,명진,15,원소재/규격텍스트
5210A25501E,중앙,5,원소재/규격텍스트
5210A31620A,케이비,4,원소재/규격텍스트
5210A31622A,케이비,4,원소재/규격텍스트
5210A31619A,케이비,4,원소재/규격텍스트
5210A31623A,케이비,4,원소재/규격텍스트
5210A31621A,케이비,4,원소재/규격텍스트
5210A26765A,중앙,2,원소재/규격텍스트
5210A26767A,중앙,2,원소재/규격텍스트
5210A26766A,중앙,2,원소재/규격텍스트
5210A22690F,중앙,2,원소재/규격텍스트
