업체시트,Assy,원소재,사급부품,용접봉,가공비,동소요kg,판가,기존가확정,참조,부품수,flags
대원산업 (3),5210A22271A,0,0,0,0,0.0,0,0,,0,
대원산업 (3),5210A22271B,0,0,0,0,0.0,0,0,,0,
대원산업 (3),5210A22271C,0,0,0,0,0.0,0,0,,0,
대원산업 (3),5210A22271D,0,0,0,0,0.0,0,0,,0,
대원산업 (3),5210A22271E,0,0,0,0,0.0,0,0,,0,
대원산업 (3),5210A23089D,422,0,0,89,0.0211,511,0,,1,
대원산업 (3),5210A30994B,0,0,0,0,0.0,0,0,,0,
대원산업 (3),5210A30994C,0,0,0,0,0.0,0,0,,0,
대원산업 (3),5210A30994D,0,0,0,0,0.0,0,0,,0,
대원산업 (3),5210A30994H,0,0,0,0,0.0,0,0,,0,
대원산업 (3),5210A30994J,0,0,0,0,0.0,0,0,,0,
대원산업 (3),5210A30994K,0,0,0,0,0.0,0,0,,0,
대원산업 (3),5210A30998B,0,0,0,0,0.0,0,0,,0,
대원산업 (3),5210A30998C,0,0,0,0,0.0,0,0,,0,
대원산업 (3),5210A30998F,0,0,0,0,0.0,0,0,,0,
대원산업 (3),5210A30998G,0,0,0,0,0.0,0,0,,0,
대원산업 (3),5211A20459-12-1,1328,494,60,2167,0.1757,2720,0,,6,
대원산업 (3),ADM74930508,866,147,20,565,0.1143,1596,0,,6,
대원산업 (3),ADM74930508-12-2,866,0,0,172,0.1143,1037,0,,1,
대원산업 (3),AJJ30041801,0,26409,103,462,0.0,26973,0,,4,
대원산업 (3),AJJ30041802,799,37124,123,634,0.0363,38679,0,,5,
대원산업 (3),AJJ30041901,0,24143,66,397,0.0,24606,0,,3,
대원산업 (3),AJJ30041902,799,23110,76,496,0.0363,24480,0,,4,
대원산업 (3),AJJ73898602,375,0,0,185,0.0489,560,0,,2,
대원산업 (3),AJJ73898630,0,859,0,0,0.0,859,0,,1,
대원산업 (3),AJJ73898636,0,1060,0,0,0.0,1060,0,,1,
대원산업 (3),AJJ75358401,0,4968,0,413,0.0,5380,0,,6,
대원산업 (3),AJJ75358423,0,4130,0,413,0.0,4542,0,,6,
대원산업 (3),AJJ75698803,0,70960,30,161,0.0,71151,0,,3,
대원산업 (3),AJJ75698804,0,69101,30,161,0.0,69292,0,,3,
대원산업 (3),AJJ75918509,2128,538,21,1123,0.2774,3807,0,,6,
대원산업 (3),AJJ76418701,0,14301,59,324,0.0,14683,0,,5,
대원산업 (3),AJJ76418702,0,20341,73,325,0.0,20738,0,,5,
대원산업 (3),AJJ76418703,0,21293,76,325,0.0,21694,0,,5,
대원산업 (3),AJJ76418704,0,21049,76,325,0.0,21450,0,,5,
대원산업 (3),AJJ76418705,0,21439,86,326,0.0,21851,0,,5,
대원산업 (3),AJJ76418706,0,20186,76,325,0.0,20587,0,,5,
대원산업 (3),AJJ76418707,0,37969,95,326,0.0,38390,0,,5,
대원산업 (3),AJJ76418720,0,16643,59,360,0.0,17061,0,,3,
대원산업 (3),AJJ76418721,0,22190,73,325,0.0,22587,0,,5,
대원산업 (3),AJJ76418722,0,23842,76,325,0.0,24243,0,,5,
대원산업 (3),AJJ76418723,0,23598,76,325,0.0,23999,0,,5,
대원산업 (3),AJJ76418724,0,23988,86,326,0.0,24400,0,,5,
대원산업 (3),AJJ76418725,0,22735,76,325,0.0,23136,0,,5,
대원산업 (3),AJJ76418727,0,16959,59,324,0.0,17341,0,,5,
대원산업 (3),AJJ76418728,0,22981,73,325,0.0,23378,0,,5,
대원산업 (3),AJJ76418729,0,23933,76,325,0.0,24334,0,,5,
대원산업 (3),AJJ76559001,0,22964,91,461,0.0,23516,0,,6,
대원산업 (3),AJJ76559002,0,29004,105,462,0.0,29570,0,,6,
대원산업 (3),AJJ76559003,0,29956,109,462,0.0,30527,0,,6,
대원산업 (3),AJJ76559004,0,36978,109,462,0.0,37549,0,,6,
대원산업 (3),AJJ76559005,0,34019,123,463,0.0,34604,0,,6,
대원산업 (3),AJJ76559006,0,35272,133,464,0.0,35868,0,,6,
대원산업 (3),AJJ76559007,0,47268,133,464,0.0,47864,0,,6,
대원산업 (3),AJJ76559008,0,50512,139,464,0.0,51115,0,,6,
대원산업 (3),AJJ76559009,0,23073,91,461,0.0,23625,0,,6,
대원산업 (3),AJJ76559010,0,29095,105,462,0.0,29661,0,,6,
대원산업 (3),AJJ76559011,0,30047,109,462,0.0,30618,0,,6,
대원산업 (3),AJJ76559012,0,24906,91,461,0.0,25458,0,,6,
대원산업 (3),AJJ76559013,0,30928,105,462,0.0,31494,0,,6,
대원산업 (3),AJJ76559014,0,31880,109,462,0.0,32451,0,,6,
대원산업 (3),AJJ76559015,0,25110,91,461,0.0,25662,0,,4,
대원산업 (3),AJJ76559016,0,37211,103,462,0.0,37775,0,,4,
대원산업 (3),AJJ76559017,0,36207,103,462,0.0,36771,0,,4,
대원산업 (3),AJJ76559102,0,23013,91,461,0.0,23565,0,,6,
대원산업 (3),AJJ76559103,0,28850,105,462,0.0,29416,0,,6,
대원산업 (3),AJJ76559106,0,36214,133,464,0.0,36810,0,,6,
대원산업 (3),AJJ76602101,0,56,10,111,0.0,177,0,,2,
대원산업 (3),AJJ76602101-12-1,1820,0,0,301,0.241,2120,0,,1,
대원산업 (3),AJJ76617501,0,85839,46,235,0.0,86120,0,,5,
대원산업 (3),AJJ76617502,0,86687,46,235,0.0,86968,0,,6,
대원산업 (3),AJR30008101,0,2340,60,1105,0.0,3504,0,,12,
대원산업 (3),AJR30008101-12-1,0,567,0,0,0.0,567,0,,1,
대원산업 (3),AJR30008101-12-2,0,825,0,0,0.0,825,0,,1,
대원산업 (3),AJR30008101-12-3,0,1089,0,0,0.0,1089,0,,1,
대원산업 (3),AJR30008101-12-4,0,1428,0,0,0.0,1428,0,,1,
대원산업 (3),AJR30008101-12-5,0,1461,0,0,0.0,1461,0,,1,
대원산업 (3),AJR30008101-12-6,0,1696,0,0,0.0,1696,0,,1,
대원산업 (3),AJR30012008,938,3777,73,952,0.1243,5739,0,,4,
대원산업 (3),AJR30012008-9-1,0,3095,0,0,0.0,3095,0,,1,
대원산업 (3),AJR30012101,704,0,0,153,0.0931,857,0,,1,
대원산업 (3),AJR30027701,2158,8248,146,1910,0.2859,12460,0,,6,
대원산업 (3),AJR30027701-12-1,1007,994,0,140,0.1334,2141,0,,2,
대원산업 (3),AJR30027701-12-2,0,6437,146,2341,0.0,8924,0,,7,
대원산업 (3),AJR30027701-12-3,1783,7956,146,1893,0.2362,11776,0,,8,
대원산업 (3),AJR30027702,1619,20480,294,2534,0.2144,24926,0,,9,
대원산업 (3),AJR30027702-12-1,617,7600,142,1963,0.0817,10321,0,,6,
대원산업 (3),AJR30027702-12-2,1619,0,0,402,0.2144,2020,0,,1,
대원산업 (3),AJR30027702-12-3,0,6000,87,1031,0.0,7117,0,,4,
대원산업 (3),AJR30027703,3828,0,0,509,0.5071,4336,0,,2,
대원산업 (3),AJR30027703-12-1,0,22879,325,3827,0.0,27031,0,,9,
대원산업 (3),AJR30027703-12-2,0,5048,50,644,0.0,5741,0,,3,
대원산업 (3),AJR30027703-12-3,4805,4560,218,2997,0.6364,12578,0,,7,
대원산업 (3),AJR30027704,1927,26084,720,5151,0.2552,33880,0,,16,
대원산업 (3),AJR30027704-12-1,2919,0,0,665,0.3866,3584,0,,1,
대원산업 (3),AJR30027704-12-2,0,6951,0,0,0.0,6951,0,,2,
대원산업 (3),AJR30027704-12-3,0,5425,50,644,0.0,6118,0,,3,
대원산업 (3),AJR30027705,2158,8291,146,1924,0.2859,12518,0,,6,
대원산업 (3),AJR30027705-12-1,904,994,0,131,0.1198,2029,0,,2,
대원산업 (3),AJR30027706,311,20592,310,2747,0.0405,23958,0,,9,
대원산업 (3),AJR30027706-12-1,1619,0,0,402,0.2144,2020,0,,1,
대원산업 (3),AJR30027707-12-1,0,22740,325,3827,0.0,26892,0,,9,
대원산업 (3),AJR30027708,0,20113,454,3254,0.0,23820,0,,10,
대원산업 (3),AJR30027708-12-1,0,6988,0,0,0.0,6988,0,,2,
대원산업 (3),AJR30029801,823,0,0,389,0.1068,1211,0,,4,
대원산업 (3),AJR30029802,1919,2145,60,1131,0.2523,5252,0,,9,
대원산업 (3),AJR30031201,3659,6632,211,2920,0.4608,13418,0,,14,
대원산업 (3),AJR30031201-12-1,120,0,0,43,0.0159,162,0,,1,
대원산업 (3),AJR30031801,3829,0,0,536,0.5072,4364,0,,2,
대원산업 (3),AJR30038101,3269,3248,128,2962,0.4117,9602,0,,15,
대원산업 (3),AJR30038101-12-1,112,0,0,42,0.0149,154,0,,1,
대원산업 (3),AJR30038201,941,2025,81,984,0.1242,4027,0,,15,
대원산업 (3),AJR30038201-12-1,0,0,0,0,0.0215,0,0,,1,
대원산업 (3),AJR30038201-12-2,0,0,0,0,0.0264,0,0,,1,
대원산업 (3),AJR30038201-12-3,0,0,0,0,0.0241,0,0,,1,
대원산업 (3),AJR30038201-12-4,0,0,0,0,0.0222,0,0,,1,
대원산업 (3),AJR30038201-12-5,0,0,0,0,0.03,0,0,,1,
대원산업 (3),AJR30038301,1359,1307,59,1155,0.1711,3876,0,,8,
대원산업 (3),AJR30038301-12-1,272,0,0,83,0.0342,354,0,,1,
대원산업 (3),AJR30040301,761,0,0,223,0.1007,983,0,,3,
대원산업 (3),AJR30060701,645,0,0,198,0.0836,842,0,,1,
대원산업 (3),AJR30065824,657,0,0,185,0.0869,841,0,,1,
대원산업 (3),AJR30069801,2402,176,20,256,0.1982,691,0,,4,
대원산업 (3),AJR30069801-12-1,220,0,0,105,0.0286,324,0,,1,
대원산업 (3),AJR30071101,430,0,0,146,0.0569,575,0,,2,
대원산업 (3),AJR30073601,227,1029,69,1058,0.0294,2381,0,,7,
대원산업 (3),AJR30073601-12-1,270,0,0,134,0.0356,404,0,,1,
대원산업 (3),AJR30073603,0,1029,69,901,0.0,1998,0,,4,
대원산업 (3),AJR30073603-12-1,294,0,0,137,0.0389,430,0,,1,
대원산업 (3),AJR30078601,78,20812,401,2121,0.0061,23408,0,,13,
대원산업 (3),AJR30078601-12-1,1250,0,0,650,0.0973,1898,0,,2,
대원산업 (3),AJR30078601-12-2,312,0,0,162,0.0243,474,0,,2,
대원산업 (3),AJR30078601-12-3,193,0,0,85,0.0251,278,0,,2,
대원산업 (3),AJR30103301,445,0,0,150,0.0588,594,0,,2,
대원산업 (3),AJR30117401,0,780,20,283,0.0,1082,0,,4,
대원산업 (3),AJR30117401-12-1,149,0,0,80,0.0115,229,0,,1,
대원산업 (3),AJR30117401-12-2,67,0,0,57,0.0051,123,0,,1,
대원산업 (3),AJR30359801,48,1600,0,77,0.0062,1724,0,,2,
대원산업 (3),AJR33796512-12-1,0,1204,87,711,0.0,2001,0,,5,
대원산업 (3),AJR34739818,523,3416,140,917,0.0678,4995,0,,7,
대원산업 (3),AJR36137805,770,0,0,1041,0.1009,1809,0,,11,
대원산업 (3),AJR36618618,784,1165,49,485,0.1035,2481,0,,5,
대원산업 (3),AJR36852706,364,1460,46,679,0.0358,2547,0,,8,
대원산업 (3),AJR36852706-12-1,166,0,0,100,0.0216,265,0,,1,
대원산업 (3),AJR55707001,247,0,0,201,0.0322,446,0,,2,
대원산업 (3),AJR55707101,887,0,0,508,0.1164,1393,0,,4,
대원산업 (3),AJR68019502,15,741,76,2063,0.0618,2879,0,,12,
대원산업 (3),AJR68019502-12-1,274,0,0,127,0.0361,400,0,,1,
대원산업 (3),AJR69417505,2658,0,0,458,0.3513,3114,0,,3,
대원산업 (3),AJR72910805,1765,0,0,326,0.2339,2091,0,,2,
대원산업 (3),AJR72982301,5611,13824,695,4834,0.735,24960,0,,13,
대원산업 (3),AJR72982303,474,6447,287,1265,0.0615,8470,0,,8,
대원산업 (3),AJR72982303-12-1,1359,0,0,666,0.1762,2024,0,,1,
대원산업 (3),AJR73182701,76,556,29,1076,0.0099,1736,0,,6,
대원산업 (3),AJR73768801,563,2938,92,4288,0.0741,7880,0,,14,
대원산업 (3),AJR73768803,479,3044,119,4319,0.0626,7959,0,,15,
대원산업 (3),AJR73768805,158,2938,84,4093,0.0206,7272,0,,13,
대원산업 (3),AJR73945001,2966,0,0,711,0.3928,3674,0,,5,
대원산업 (3),AJR73965601,1500,0,0,208,0.1984,1708,0,,1,
대원산업 (3),AJR73965602,1387,0,0,198,0.1835,1585,0,,1,
대원산업 (3),AJR74263316,1405,0,0,366,0.1861,1770,0,,1,
대원산업 (3),AJR74266005,662,0,0,185,0.0875,847,0,,1,
대원산업 (3),AJR74289301,185,0,0,130,0.0241,314,0,,2,
대원산업 (3),AJR742900001-12-1,0,198,0,0,0.0,198,0,,1,
대원산업 (3),AJR74290001,80,2345,75,629,0.0101,3128,0,,9,
대원산업 (3),AJR74290001-12-1,60,0,0,56,0.0076,116,0,,1,
대원산업 (3),AJR74290701,898,0,0,156,0.1165,1053,0,,1,
대원산업 (3),AJR74423601,625,0,0,372,0.081,994,0,,4,
대원산업 (3),AJR74444508,116,4060,105,1244,0.0151,5574,0,,9,
대원산업 (3),AJR74522901,103,0,0,86,0.0134,189,0,,1,
대원산업 (3),AJR74522901-12-1,77,0,0,60,0.0101,137,0,,1,
대원산업 (3),AJR74523001-12-1,129,0,0,82,0.0168,210,0,,1,
대원산업 (3),AJR74523003-12-1,1798,11643,66,736,0.0899,14242,0,,6,
대원산업 (3),AJR74523006-12-1,3595,31580,133,1693,0.1798,36999,0,,14,
대원산업 (3),AJR74523006-12-2,1798,11643,36,636,0.0899,14111,0,,6,
대원산업 (3),AJR74523201,0,780,20,283,0.0,1082,0,,4,
대원산업 (3),AJR74523201-12-1,102,0,0,77,0.0133,179,0,,1,
대원산업 (3),AJR74523201-12-2,46,0,0,55,0.0059,100,0,,1,
대원산업 (3),AJR74524701,340,738,30,2493,0.0613,3596,0,,10,
대원산업 (3),AJR74942623-2-1,67,2403,56,669,0.0087,3193,0,,8,
대원산업 (3),AJR74942632-2-1,0,239,0,0,0.0,239,0,,1,
대원산업 (3),AJR74983904,3147,3691,358,950,1.105,4998,0,,12,
대원산업 (3),AJR74983904-12-1,130,0,0,0,0.1199,0,0,,1,
대원산업 (3),AJR74983904-12-2,954,0,0,0,0.326,0,0,,1,
대원산업 (3),AJR74983904-12-3,42,0,0,0,0.0674,0,0,,1,
대원산업 (3),AJR74983905,5586,8188,485,1069,1.7981,9740,0,,15,
대원산업 (3),AJR74983905-12-1,130,0,0,0,0.1199,0,0,,1,
대원산업 (3),AJR74983905-12-2,1155,0,0,0,0.3594,0,0,,1,
대원산업 (3),AJR74983905-12-3,5,0,0,0,0.0211,0,0,,1,
대원산업 (3),AJR74983905-12-4,85,0,0,0,0.0975,0,0,,1,
대원산업 (3),AJR74983906,11,0,30,197,0.0435,226,0,,3,
대원산업 (3),AJR74983906-12-1,3667,0,0,0,0.6436,0,0,,1,
대원산업 (3),AJR74983910,601,2278,114,203,0.2602,2595,0,,3,
대원산업 (3),AJR74983910-12-1,177,0,0,0,0.1402,0,0,,1,
대원산업 (3),AJR75104017-12-1,189,0,0,97,0.0247,286,0,,1,
대원산업 (3),AJR75242815,0,757,41,299,0.0,1096,0,,5,
대원산업 (3),AJR75242815-12-1,0,0,0,0,0.0,0,0,,1,
대원산업 (3),AJR75243015-3-1,0,770,0,0,0.0,770,0,,1,
대원산업 (3),AJR75243119,1529,397,60,555,0.2017,1061,0,,5,
대원산업 (3),AJR75544505,215,0,0,71,0.0285,285,0,,1,
대원산업 (3),AJR75544505-12-1,3128,0,0,488,0.4144,3614,0,,2,
대원산업 (3),AJR75563501,3,721,22,1363,0.0153,2105,0,,5,
대원산업 (3),AJR75563501-12-1,8,0,0,0,0.0252,0,0,,1,
대원산업 (3),AJR75563502,224,4576,123,3831,0.1091,8722,0,,23,
대원산업 (3),AJR75563502-12-1,113,0,0,141,0.0148,254,0,,2,
대원산업 (3),AJR75563502-12-2,57,0,0,71,0.0074,127,0,,1,
대원산업 (3),AJR75563502-12-3,73,0,0,72,0.0096,145,0,,1,
대원산업 (3),AJR75563503,216,0,0,192,0.0282,407,0,,2,
대원산업 (3),AJR75563503-12-1,174,846,41,1782,0.0626,2828,0,,8,
대원산업 (3),AJR75563701,3522,0,0,559,0.4435,4078,0,,6,
대원산업 (3),AJR75605101,100,0,11,153,0.013,263,0,,2,
대원산업 (3),AJR75605102,1400,0,12,536,0.1848,1946,0,,5,
대원산업 (3),AJR75605104,508,0,0,121,0.0672,628,0,,1,
대원산업 (3),AJR75645201,1113,0,0,514,0.1402,1626,0,,2,
대원산업 (3),AJR75662308-12-1,1310,57,23,423,0.1711,1812,0,,4,
대원산업 (3),AJR75662310,502,112,0,195,0.0665,809,0,,4,
대원산업 (3),AJR75662310-12-1,1736,55,26,421,0.2292,2236,0,,4,
대원산업 (3),AJR75662310-12-2,0,0,0,0,0.0,0,0,,0,
대원산업 (3),AJR75662320,269,290,26,753,0.0355,1336,0,,7,
대원산업 (3),AJR75662333,0,178,0,134,0.0,311,0,,3,
대원산업 (3),AJR75662338,976,0,0,168,0.1293,3744,2600,AJR75662333,3,기존가
대원산업 (3),AJR75662343,0,0,0,0,0.0,2700,2700,AJR75662338,1,"기존가,원소재미도출:치수없음(AJR75662333)"
대원산업 (3),AJR75712801,468,0,0,134,0.0619,602,0,,1,
대원산업 (3),AJR75713001,608,0,0,172,0.0803,780,0,,1,
대원산업 (3),AJR75743201-12-1,687,797,68,575,0.0895,2124,0,,6,
대원산업 (3),AJR75744115-12-1,491,0,0,112,0.0648,603,0,,1,
대원산업 (3),AJR75763801,1574,0,0,285,0.2082,1858,0,,1,
대원산업 (3),AJR75827603,212,861,49,824,0.027,1944,0,,6,
대원산업 (3),AJR75827603-12-1,125,0,0,67,0.0157,191,0,,1,
대원산업 (3),AJR75942502,142,2174,41,641,0.0185,2996,0,,7,
대원산업 (3),AJR75962501,0,110,0,1861,0.0,1969,0,,6,
대원산업 (3),AJR76322601,1920,1336,52,584,0.2536,3890,0,,6,
대원산업 (3),AJR76322601-12-1,305,0,0,91,0.0403,395,0,,1,
대원산업 (3),AJR76362801,10410,2600,160,2072,0.6568,15237,0,,13,
대원산업 (3),AJR76442506,0,6127,10,275,0.0,6412,0,,2,
대원산업 (3),AJR76462607,346,102,10,411,0.0457,868,0,,4,
대원산업 (3),AJR76462608,697,91,10,460,0.092,1256,0,,4,
대원산업 (3),AJR76462611,0,91,10,312,0.0,412,0,,3,
대원산업 (3),AJR76462620,866,0,0,172,0.1143,1037,0,,1,
대원산업 (3),AJR76462634,0,56,10,179,0.0,245,0,,2,
대원산업 (3),AJR76462634-12-1,859,0,0,171,0.1134,1029,0,,1,
대원산업 (3),AJR76562802,0,7400,200,1038,0.0,8637,0,,6,
대원산업 (3),AJR76562802-12-1,436,0,0,311,0.0566,747,0,,1,
대원산업 (3),AJR76562802-12-2,109,0,0,78,0.0141,186,0,,1,
대원산업 (3),AJR76562802-12-3,96,0,0,43,0.0126,139,0,,1,
대원산업 (3),AJR76562804,388,0,0,95,0.0514,483,0,,1,
대원산업 (3),AJR76703602,0,58,0,61,0.0,118,0,,2,
대원산업 (3),AJR76822701,391,0,0,91,0.0518,481,0,,1,
대원산업 (3),AJR76823801,21075,1538,282,2080,2.7963,11342,0,,24,
대원산업 (3),AJR76823803,15650,1538,282,1841,2.0752,7374,0,,24,
대원산업 (3),AJR76982501,6055,6630,234,1351,0.8025,13429,0,,12,
대원산업 (3),AJR76982501-12-1,644,0,0,0,0.0853,0,0,,1,
대원산업 (3),AJR77171201,0,2340,60,1105,0.0,3504,0,,12,
대원산업 (3),AJR77171201-12-1,0,457,0,0,0.0,457,0,,1,
대원산업 (3),AJR77171201-12-2,0,730,0,0,0.0,730,0,,1,
대원산업 (3),AJR77171201-12-3,0,1015,0,0,0.0,1015,0,,1,
대원산업 (3),AJR77171201-12-4,0,1333,0,0,0.0,1333,0,,1,
대원산업 (3),AJR77171201-12-5,0,1370,0,0,0.0,1370,0,,1,
대원산업 (3),AJR77171201-12-6,0,1586,0,0,0.0,1586,0,,1,
대원산업 (3),AJR77182801,882,7902,189,1868,0.115,10838,0,,6,
대원산업 (3),AJR77182901,2385,7380,147,2497,0.311,12408,0,,5,
대원산업 (3),AJR77224501,2625,18280,216,1502,0.3473,22618,0,,14,
대원산업 (3),AJR77224501-12-1,259,0,0,87,0.0342,344,0,,2,
대원산업 (3),AJR77224501-12-2,1110,0,0,159,0.147,1268,0,,1,
대원산업 (3),AJR77224519,1369,4501,80,602,0.1811,6551,0,,5,
대원산업 (3),AJR77224519-12-1,1110,0,0,159,0.147,1268,0,,1,
대원산업 (3),MJU00777211,3606,0,0,361,0.1639,3966,0,,1,
대원산업 (3),MJU47312206,273,0,0,53,0.0362,325,0,,1,
대원산업 (3),MJU47312220,437,0,0,68,0.0579,504,0,,1,
대원산업 (3),MJU62078902,0,0,0,0,0.0,0,0,,0,
대원산업 (3),MJU63618001,0,0,0,0,0.0,0,0,,0,
대원산업 (3),MJU65048401,313,0,0,54,0.0157,367,0,,1,
대원산업 (3),MJU66166608,9575,234,0,1152,1.4069,12014,0,,8,
대원산업 (3),MJU66166611,15227,1839,94,1070,2.0189,8609,0,,10,
대원산업 (3),MJU66166620,8913,272,0,956,1.3727,11572,0,,8,
대원산업 (3),MJU66266610,1979,0,0,268,0.2622,2246,0,,1,
대원산업 (3),MJU66478501,342,0,0,63,0.0171,405,0,,1,
대원산업 (3),MJU66478701,1107,0,0,166,0.1466,1272,0,,1,
대원산업 (3),MJU66824501,108,0,0,27,0.0144,135,0,,1,
명진산업 (2),5210A20522Q,0,0,0,0,0.1319,0,0,,7,
명진산업 (2),5211A10305J,993,0,0,479,0.125,1469,0,,5,
명진산업 (2),5211A10305T,992,0,0,547,0.1249,1537,0,,5,
명진산업 (2),5211A10549A,0,0,0,0,0.5953,0,0,,17,
명진산업 (2),5211A19008C,392,0,0,430,0.0494,820,0,,4,
명진산업 (2),5211A20466D,0,0,0,0,0.0,0,0,,0,
명진산업 (2),AGR30801601,0,23856,33,306,0.0,24194,0,,7,
명진산업 (2),AGR30801602,0,23856,33,306,0.0,24194,0,,7,
명진산업 (2),AJJ32486326,197,0,0,97,0.0248,294,0,,1,
명진산업 (2),AJR30007603,1265,0,0,835,0.1976,2099,0,,9,
명진산업 (2),AJR30009402,840,0,0,529,0.128,1368,0,,6,
명진산업 (2),AJR30038101,3463,0,0,1433,0.4361,4891,0,,12,
명진산업 (2),AJR30038301,1627,0,0,645,0.2049,2268,0,,6,
명진산업 (2),AJR30060805,841,1913,72,735,0.1096,3559,0,,8,
명진산업 (2),AJR30103101,2384,0,0,1414,0.3293,3791,0,,13,
명진산업 (2),AJR30103102,311,0,0,206,0.0678,517,0,,4,
명진산업 (2),AJR30103301,835,0,0,493,0.1051,1325,0,,4,
명진산업 (2),AJR30105801,0,0,0,0,0.0,0,0,,0,
명진산업 (2),AJR30123001,183,0,0,153,0.1759,335,0,,6,
명진산업 (2),AJR30138103,0,0,0,0,0.0117,0,0,,1,
명진산업 (2),AJR30138104,0,0,0,0,0.0059,0,0,,1,
명진산업 (2),AJR32674713,0,0,0,0,0.1972,0,0,,11,
명진산업 (2),AJR32674714,0,0,0,0,0.1327,0,0,,5,
명진산업 (2),AJR33796501,0,0,0,0,0.1376,0,0,,7,
명진산업 (2),AJR34565827,819,0,0,346,0.1031,1162,0,,4,
명진산업 (2),AJR36137805,0,0,0,0,0.1329,0,0,,4,
명진산업 (2),AJR36274708,0,0,0,0,0.0983,0,0,,6,
명진산업 (2),AJR36852701,0,0,0,0,0.0,0,0,,0,
명진산업 (2),AJR36852706,0,227,0,-181,0.0,46,0,,1,
명진산업 (2),AJR37042101,0,0,0,0,0.0,0,0,,0,
명진산업 (2),AJR65507613,0,0,0,0,0.1341,0,0,,4,
명진산업 (2),AJR72367603,2638,0,0,1060,0.3322,3694,0,,7,
명진산업 (2),AJR72367702,0,4260,0,-3597,0.0,663,0,,7,
명진산업 (2),AJR72946806,185,0,0,132,0.0233,317,0,,1,
명진산업 (2),AJR72953201,0,0,0,0,0.0,0,0,,0,
명진산업 (2),AJR72953301,63,0,0,41,0.0083,103,0,,1,
명진산업 (2),AJR73026401,0,0,0,0,0.0,0,0,,0,
명진산업 (2),AJR73062401,0,0,0,0,0.1004,0,0,,6,
명진산업 (2),AJR73069602,789,0,0,381,0.0786,1168,0,,4,
명진산업 (2),AJR73182701,0,0,0,975,0.0,975,0,,1,
명진산업 (2),AJR73204004,88,0,0,1379,0.0814,1379,0,,2,
명진산업 (2),AJR73663104,0,0,0,0,0.0,0,0,,0,
명진산업 (2),AJR73767202,0,0,0,0,0.0,0,0,,0,
명진산업 (2),AJR73768805,0,0,0,0,0.0496,0,0,,1,
명진산업 (2),AJR73965601,1502,0,914,1916,0.1986,3546,0,,15,
명진산업 (2),AJR73965602,1395,0,134,1906,0.1845,3430,0,,13,
명진산업 (2),AJR73965606,0,836,51,478,0.2634,1364,0,,9,
명진산업 (2),AJR73965607,0,836,51,478,0.2634,1364,0,,9,
명진산업 (2),AJR74005701,0,0,0,0,0.0858,0,0,,4,
명진산업 (2),AJR74125301,449,0,0,128,0.0225,577,0,,1,
명진산업 (2),AJR74230002,396,0,0,232,0.0516,628,0,,3,
명진산업 (2),AJR74266005,0,0,0,0,0.3767,0,0,,10,
명진산업 (2),AJR74365101,5956,56,10,1998,0.7533,8013,0,,18,
명진산업 (2),AJR74365202,707,0,0,175,0.0354,882,0,,1,
명진산업 (2),AJR74488601,933,0,0,529,0.1174,1459,0,,5,
명진산업 (2),AJR74488604,0,0,0,0,0.0,0,0,,0,
명진산업 (2),AJR75062906,563,1388,116,1563,0.5228,3605,0,,39,
명진산업 (2),AJR75062907,100,2396,70,975,0.254,3537,0,,20,
명진산업 (2),AJR75563402,472,243,83,297,0.0619,1011,0,,7,
명진산업 (2),AJR75563502,796,0,0,317,0.0398,1112,0,,2,
명진산업 (2),AJR75563701,0,0,0,0,0.4345,0,0,,5,
명진산업 (2),AJR75563702,0,0,0,0,0.8979,0,0,,11,
명진산업 (2),AJR75645201,0,6121,249,2668,0.899,9032,0,,57,
명진산업 (2),AJR75702801,0,0,0,0,0.7482,0,0,,13,
명진산업 (2),AJR75744401,2605,0,0,851,0.2976,2809,0,,9,
명진산업 (2),AJR76502618,1786,0,0,307,0.0893,2092,0,,3,
명진산업 (2),AJR77202902,531,0,33,559,0.0399,1122,0,,5,
명진산업 (2),AJR77243601,2590,235,0,513,0.1841,3335,0,,6,
명진산업 (2),MJU42282712,258,0,0,112,0.0325,370,0,,1,
명진산업 (2),MJU47979201,0,0,0,0,0.0219,0,0,,3,
명진산업 (2),MJU61942901,273,0,0,0,0.0202,0,0,,1,
명진산업 (2),MJU61943601,0,0,0,0,0.0,0,0,,0,
명진산업 (2),MJU61943608,0,0,0,0,0.0,0,0,,0,
명진산업 (2),MJU62968801,194,0,0,95,0.0097,288,0,,1,
명진산업 (2),MJU63618001,0,0,0,0,0.0,0,0,,0,
명진산업 (2),MJU66889701,0,0,0,0,0.0096,0,0,,1,
명진산업 (2),MJU66889801,240,0,0,60,0.0216,299,0,,2,
명진산업 (2),MJU66889901,296,0,0,78,0.0148,373,0,,1,
명진산업 (2),MJU66890001,288,0,0,78,0.0144,365,0,,1,
미래정밀 (2),5210A22950A,137,0,0,70,0.0178,206,0,,1,
미래정밀 (2),5210AP4026E,82,0,0,63,0.0106,144,0,,1,
미래정밀 (2),5211A10134Y,1380,0,0,478,0.1129,1429,0,,7,
미래정밀 (2),5211A16012A,2949,0,0,806,0.2422,3045,0,,8,
미래정밀 (2),5211A20095A,571,0,0,247,0.0744,815,0,,9,
미래정밀 (2),5211A20095M,450,0,0,172,0.0583,621,0,,4,
미래정밀 (2),5211A20117G,710,0,0,32,0.0583,740,0,,4,
미래정밀 (2),5211A20133B,624,0,0,29,0.0508,652,0,,7,
미래정밀 (2),5211A20133G,624,620,0,19,0.0508,1262,0,,6,
미래정밀 (2),5211A20466D,602,0,0,145,0.0797,746,0,,2,
미래정밀 (2),5211A20678F,285,0,0,192,0.0373,475,0,,3,
미래정밀 (2),5211A21382B,0,0,0,10,0.0,10,0,,1,
미래정밀 (2),5211A22074A,0,574,0,0,0.0,574,0,,3,
미래정밀 (2),5211A24117A,283,420,43,395,0.0369,1140,0,,4,
미래정밀 (2),5211A29904C,247,0,0,109,0.0311,356,0,,1,
미래정밀 (2),5211A29907A,1927,0,0,568,0.2538,2492,0,,5,
미래정밀 (2),5211A30708Q,1332,0,0,50,0.1089,1380,0,,10,
미래정밀 (2),5211A31629A,37,0,0,46,0.0048,83,0,,1,
미래정밀 (2),ACQ30605001,0,0,33,581,0.0,613,0,,1,
미래정밀 (2),ACQ30605001-4-1,0,0,0,0,0.0,0,0,,0,
미래정밀 (2),ADM73190801,1335,0,0,288,0.1764,1622,0,,2,
미래정밀 (2),ADM75351201,418,0,0,96,0.0554,513,0,,1,
미래정밀 (2),AHQ73469301,9875,1106,30,1871,1.308,12880,0,,9,
미래정밀 (2),AHQ73469301-4-1,0,0,0,0,0.0,0,0,,0,
미래정밀 (2),AJJ72332408,1291,0,0,28,0.1047,623,0,,6,
미래정밀 (2),AJJ72332410,1793,0,0,42,0.1467,1110,0,,9,
미래정밀 (2),AJJ73898620,2087,0,0,333,0.2756,2419,0,,4,
미래정밀 (2),AJJ73898629-4-1,0,0,14,90,0.0,104,0,,1,
미래정밀 (2),AJJ75358401,450,0,0,255,0.058,703,0,,4,
미래정밀 (2),AJJ75358421,113,0,0,82,0.0148,195,0,,1,
미래정밀 (2),AJJ75358425,426,1244,72,684,0.0556,2425,0,,8,
미래정밀 (2),AJJ75358426,1503,0,0,364,0.1984,1865,0,,4,
미래정밀 (2),AJJ75358441,3154,2525,83,1987,0.4162,7743,0,,10,
미래정밀 (2),AJJ75358444,552,1245,77,901,0.0719,2772,0,,9,
미래정밀 (2),AJJ75838620,128,0,0,52,0.0169,179,0,,1,
미래정밀 (2),AJJ75838626,683,1244,52,635,0.0341,2611,0,,8,
미래정밀 (2),AJJ75838627,0,91,10,171,0.0,271,0,,3,
미래정밀 (2),AJJ75918512,915,0,0,192,0.1208,1106,0,,1,
미래정밀 (2),AJJ76238401,2969,0,0,506,0.3927,3475,0,,2,
미래정밀 (2),AJJ76318301,2052,0,0,365,0.2717,2416,0,,3,
미래정밀 (2),AJJ76559005,1762,0,0,235,0.2334,1997,0,,1,
미래정밀 (2),AJJ76559008,0,0,0,0,0.0,0,0,,0,
미래정밀 (2),AJJ76602101,0,92,10,159,0.0,261,0,,3,
미래정밀 (2),AJJ76602101-4-1,236,0,0,104,0.0311,339,0,,1,
미래정밀 (2),AJR30001601,192,0,0,133,0.0249,324,0,,2,
미래정밀 (2),AJR30001701,617,0,0,279,0.0802,895,0,,3,
미래정밀 (2),AJR30001901,609,0,0,313,0.0801,920,0,,4,
미래정밀 (2),AJR30008101,89,3510,114,1796,0.0113,5502,0,,21,
미래정밀 (2),AJR30008101-4-1,323,0,0,105,0.0421,428,0,,1,
미래정밀 (2),AJR30008101-4-2,371,0,0,127,0.0484,497,0,,1,
미래정밀 (2),AJR30008101-4-3,424,0,0,139,0.0553,563,0,,1,
미래정밀 (2),AJR30008101-4-4,546,0,0,442,0.0688,988,0,,1,
미래정밀 (2),AJR30008101-4-5,732,0,0,467,0.0922,1198,0,,1,
미래정밀 (2),AJR30008101-4-6,936,0,0,609,0.1178,1544,0,,1,
미래정밀 (2),AJR30008101-4-7,386,0,0,312,0.0486,698,0,,1,
미래정밀 (2),AJR30008101-4-8,962,0,0,496,0.1212,1458,0,,1,
미래정밀 (2),AJR30008101-4-9,1150,0,0,744,0.1448,1893,0,,1,
미래정밀 (2),AJR30008201,5325,516,69,1434,0.7042,7341,0,,12,
미래정밀 (2),AJR30008202,4710,1724,46,1458,0.6233,7934,0,,19,
미래정밀 (2),AJR30009002,280,0,0,66,0.0371,345,0,,1,
미래정밀 (2),AJR30011101,400,0,0,94,0.0529,493,0,,1,
미래정밀 (2),AJR30011102,295,0,0,84,0.039,379,0,,1,
미래정밀 (2),AJR30012009,0,0,0,0,0.0,0,0,,0,
미래정밀 (2),AJR30012101,1124,0,0,306,0.1473,1428,0,,3,
미래정밀 (2),AJR30017802,295,0,37,561,0.0384,892,0,,4,
미래정밀 (2),AJR30027701,2364,0,0,289,0.3131,2653,0,,1,
미래정밀 (2),AJR30028405,0,0,0,0,0.0,0,0,,0,
미래정밀 (2),AJR30028411,4563,0,0,6114,0.6044,6114,0,,4,
미래정밀 (2),AJR30030101,870,0,0,418,0.1148,1285,0,,5,
미래정밀 (2),AJR30031601,1006,0,0,406,0.1328,1411,0,,4,
미래정밀 (2),AJR30031801,104,0,0,50,0.0136,154,0,,1,
미래정밀 (2),AJR30055201,1102,0,0,632,0.1449,1731,0,,6,
미래정밀 (2),AJR30060702,310,0,0,206,0.0391,515,0,,2,
미래정밀 (2),AJR30060805,3714,673,43,1190,0.491,5618,0,,6,
미래정밀 (2),AJR30060805-4-1,0,0,0,0,0.0,0,0,,0,
미래정밀 (2),AJR30061301,1242,0,0,272,0.1639,1513,0,,1,
미래정밀 (2),AJR30064601,122,0,0,52,0.0159,173,0,,1,
미래정밀 (2),AJR30065824,72,0,0,49,0.0093,121,0,,1,
미래정밀 (2),AJR30069701,95,0,0,92,0.0124,187,0,,2,
미래정밀 (2),AJR30073601,77,0,0,65,0.01,141,0,,1,
미래정밀 (2),AJR30073603,292,0,0,191,0.0287,482,0,,2,
미래정밀 (2),AJR30075401,6224,6902,223,2833,0.6085,16177,0,,21,
미래정밀 (2),AJR30075401-4-1,0,0,0,0,0.0,0,0,,0,
미래정밀 (2),AJR30075401-4-2,0,0,0,0,0.0,0,0,,0,
미래정밀 (2),AJR30075401-4-3,0,0,0,0,0.0,0,0,,0,
미래정밀 (2),AJR30075401-4-4,1662,0,0,252,0.0831,1913,0,,1,
미래정밀 (2),AJR30075401-4-6,2200,0,0,245,0.11,2444,0,,1,
미래정밀 (2),AJR30077901,1235,0,0,522,0.0956,1755,0,,4,
미래정밀 (2),AJR30087001,1873,0,0,400,0.2477,2271,0,,3,
미래정밀 (2),AJR30087301,1028,0,0,323,0.1031,1350,0,,3,
미래정밀 (2),AJR30087401,0,0,33,583,0.0,615,0,,1,
미래정밀 (2),AJR30087401-4-1,0,0,0,0,0.0,0,0,,0,
미래정밀 (2),AJR30089601,297,0,10,301,0.0387,607,0,,2,
미래정밀 (2),AJR30089601-4-1,251,390,0,108,0.0327,748,0,,2,
미래정밀 (2),AJR30089602,0,0,49,565,0.0,612,0,,3,
미래정밀 (2),AJR30089602-4-1,521,405,0,132,0.0688,1058,0,,2,
미래정밀 (2),AJR30089602-4-2,169,405,0,83,0.0223,657,0,,2,
미래정밀 (2),AJR30089602-4-3,209,405,0,87,0.0275,700,0,,2,
미래정밀 (2),AJR30089603,0,0,49,571,0.0,619,0,,3,
미래정밀 (2),AJR30089603-4-1,639,405,0,143,0.0844,1187,0,,2,
미래정밀 (2),AJR30089603-4-2,174,405,0,84,0.023,662,0,,2,
미래정밀 (2),AJR30089603-4-3,162,405,0,83,0.0214,649,0,,2,
미래정밀 (2),AJR30102201,1111,0,0,512,0.1456,1620,0,,6,
미래정밀 (2),AJR30105801,491,0,0,363,0.064,862,0,,6,
미래정밀 (2),AJR30116401,142,0,0,52,0.0065,194,0,,1,
미래정밀 (2),AJR30120401,941,0,0,306,0.0471,1245,0,,4,
미래정밀 (2),AJR30123401,810,4378,60,752,0.0405,5999,0,,4,
미래정밀 (2),AJR30133702,4238,123,33,957,0.1926,5347,0,,8,
미래정밀 (2),AJR30133702-4-1,1229,0,0,182,0.0558,1410,0,,1,
미래정밀 (2),AJR30133702-4-2,720,0,0,126,0.0327,845,0,,1,
미래정밀 (2),AJR30133703,5619,134,33,1339,0.2554,7120,0,,10,
미래정밀 (2),AJR30133703-4-1,1430,0,0,170,0.065,1599,0,,1,
미래정밀 (2),AJR30133703-4-2,744,0,0,125,0.0338,869,0,,1,
미래정밀 (2),AJR30140101,1237,0,0,314,0.0619,1549,0,,4,
미래정밀 (2),AJR30140103,645,0,0,151,0.0322,794,0,,2,
미래정밀 (2),AJR30140104,612,0,0,148,0.0306,759,0,,2,
미래정밀 (2),AJR30140105,729,0,0,158,0.0364,885,0,,2,
미래정밀 (2),AJR30140301,473,0,0,245,0.0215,716,0,,3,
미래정밀 (2),AJR30149802,1592,268,25,653,0.2098,2537,0,,6,
미래정밀 (2),AJR30149803,3385,420,0,123,0.2764,3925,0,,13,
미래정밀 (2),AJR30359801,219,0,0,173,0.0275,389,0,,4,
미래정밀 (2),AJR30360101,144,0,0,62,0.0187,205,0,,1,
미래정밀 (2),AJR34739818,98,0,0,50,0.0128,147,0,,1,
미래정밀 (2),AJR35744503,493,0,0,357,0.064,847,0,,4,
미래정밀 (2),AJR35938601,1614,0,0,298,0.2137,1911,0,,3,
미래정밀 (2),AJR36013005,550,0,0,130,0.0726,679,0,,1,
미래정밀 (2),AJR36013006,1300,0,0,316,0.1719,1615,0,,2,
미래정밀 (2),AJR36089801,427,0,0,96,0.0566,523,0,,1,
미래정밀 (2),AJR36478203,2629,0,0,1122,0.2149,2717,0,,9,
미래정밀 (2),AJR36478205,2688,0,0,1158,0.2198,2777,0,,8,
미래정밀 (2),AJR36618605,2772,0,0,477,0.3663,3247,0,,5,
미래정밀 (2),AJR36852202,509,1286,101,1600,0.0668,3493,0,,11,
미래정밀 (2),AJR36852202-4-1,180,0,0,163,0.0234,342,0,,1,
미래정밀 (2),AJR36852209,2189,67,10,896,0.2886,3159,0,,7,
미래정밀 (2),AJR36852209-4-1,0,0,0,0,0.0,0,0,,0,
미래정밀 (2),AJR36852706,0,386,0,-304,0.0,82,0,,2,
미래정밀 (2),AJR36852708,143,0,0,103,0.0107,246,0,,1,
미래정밀 (2),AJR55707001,0,1133,30,331,0.0,1493,0,,6,
미래정밀 (2),AJR55707008,123,0,0,86,0.016,208,0,,1,
미래정밀 (2),AJR55796808,0,455,13,159,0.0,626,0,,4,
미래정밀 (2),AJR65507704-4-1,2454,57,18,538,0.3251,3066,0,,4,
미래정밀 (2),AJR65507705,1227,8791,54,287,0.1626,10315,0,,10,
미래정밀 (2),AJR65507705-4-1,1227,1741,18,288,0.1626,3274,0,,4,
미래정밀 (2),AJR65507708,6346,8711,77,920,0.8407,15975,0,,10,
미래정밀 (2),AJR65507709,1227,9731,53,570,0.1626,11580,0,,9,
미래정밀 (2),AJR65507710,1362,8981,44,982,0.1805,11369,0,,10,
미래정밀 (2),AJR65507711,223,10608,44,90,0.0295,10921,0,,11,
미래정밀 (2),AJR65507712,1233,8643,34,185,0.1633,8861,0,,5,
미래정밀 (2),AJR65507713,1227,9612,44,739,0.1626,11621,0,,8,
미래정밀 (2),AJR65507716,0,10110,44,645,0.0,10798,0,,9,
미래정밀 (2),AJR65507720,1334,9956,83,2300,0.1765,13672,0,,11,
미래정밀 (2),AJR65507726,0,11255,44,780,0.0,12079,0,,10,
미래정밀 (2),AJR65507732,0,11520,44,865,0.0,12429,0,,12,
미래정밀 (2),AJR65507733,1298,11506,129,1817,0.1713,14748,0,,22,
미래정밀 (2),AJR68019502,0,1076,24,221,0.0,1320,0,,4,
미래정밀 (2),AJR68019502-4-1,87,0,0,73,0.0115,160,0,,1,
미래정밀 (2),AJR68019502-4-2,198,0,0,100,0.0261,297,0,,1,
미래정밀 (2),AJR69394512,2686,1157,35,1199,0.3532,5073,0,,9,
미래정밀 (2),AJR69394512-4-1,385,0,0,117,0.0499,502,0,,1,
미래정밀 (2),AJR71433340-4-1,574,0,0,149,0.0287,722,0,,2,
미래정밀 (2),AJR71433341,2720,0,0,733,0.136,3447,0,,8,
미래정밀 (2),AJR72367604,457,0,0,139,0.0604,595,0,,1,
미래정밀 (2),AJR72367702,3618,0,0,654,0.4557,4267,0,,8,
미래정밀 (2),AJR72910805,1674,0,0,543,0.2216,2215,0,,5,
미래정밀 (2),AJR72912302,647,0,0,443,0.0844,1087,0,,5,
미래정밀 (2),AJR72912307,747,0,0,452,0.0974,1197,0,,5,
미래정밀 (2),AJR72928103,1597,0,0,451,0.2112,2044,0,,6,
미래정밀 (2),AJR72929301,298,0,0,181,0.0394,478,0,,2,
미래정밀 (2),AJR72939602,3789,3132,227,2166,0.5006,9307,0,,18,
미래정밀 (2),AJR72939602-4-1,298,0,0,95,0.0394,393,0,,1,
미래정밀 (2),AJR72939602-4-2,213,0,0,121,0.0282,334,0,,1,
미래정밀 (2),AJR72939602-4-3,221,0,0,88,0.0292,308,0,,1,
미래정밀 (2),AJR72939602-4-4,177,0,0,86,0.0233,262,0,,1,
미래정밀 (2),AJR72939602-4-5,143,0,0,62,0.0189,204,0,,1,
미래정밀 (2),AJR73022901,171,0,0,135,0.0223,305,0,,2,
미래정밀 (2),AJR73023601,154,0,0,88,0.0199,242,0,,1,
미래정밀 (2),AJR73065501,440,0,0,283,0.0581,720,0,,4,
미래정밀 (2),AJR73065601,231,0,0,170,0.0299,400,0,,2,
미래정밀 (2),AJR73069402,1293,189,0,49,0.1058,1530,0,,8,
미래정밀 (2),AJR73088701,1115,0,0,44,0.0911,1156,0,,9,
미래정밀 (2),AJR73224001,950,0,0,323,0.1253,1270,0,,4,
미래정밀 (2),AJR73323802,3566,0,0,943,0.4491,4500,0,,12,
미래정밀 (2),AJR73324406,415,0,0,82,0.055,497,0,,1,
미래정밀 (2),AJR73324501,5843,3210,181,1859,0.2922,11092,0,,5,
미래정밀 (2),AJR73324503,89,4329,75,507,0.0116,5000,0,,4,
미래정밀 (2),AJR73342801,5172,2190,161,1820,0.2981,9339,0,,6,
미래정밀 (2),AJR73342803,5507,2436,68,1501,0.3885,9510,0,,7,
미래정밀 (2),AJR73343201-4-1,347,0,0,63,0.0453,410,0,,1,
미래정밀 (2),AJR73364601,1494,1804,50,836,0.1973,4181,0,,6,
미래정밀 (2),AJR73682805,1221,0,0,215,0.1614,1435,0,,2,
미래정밀 (2),AJR73767202,37,0,0,46,0.0048,83,0,,1,
미래정밀 (2),AJR73767208,359,0,0,145,0.0472,504,0,,2,
미래정밀 (2),AJR73767511,423,0,0,252,0.0559,674,0,,3,
미래정밀 (2),AJR73803003,814,0,0,112,0.1062,926,0,,1,
미래정밀 (2),AJR73804204,430,0,0,212,0.0558,640,0,,3,
미래정밀 (2),AJR73903407,181,0,0,110,0.0237,290,0,,2,
미래정밀 (2),AJR73910201,469,0,0,170,0.0616,637,0,,4,
미래정밀 (2),AJR73910202,356,0,0,120,0.047,475,0,,2,
미래정밀 (2),AJR73946115,2226,0,0,230,0.2948,2455,0,,1,
미래정밀 (2),AJR73947203,1641,404,23,474,0.2167,2541,0,,7,
미래정밀 (2),AJR73952006,137,0,0,72,0.0177,209,0,,1,
미래정밀 (2),AJR73952501,642,0,0,284,0.0841,923,0,,4,
미래정밀 (2),AJR73952502,0,0,0,0,0.0,0,0,,0,
미래정밀 (2),AJR73952503,241,0,0,171,0.0313,412,0,,2,
미래정밀 (2),AJR73963101,1375,0,0,257,0.1805,1631,0,,3,
미래정밀 (2),AJR73963104,1481,0,0,160,0.1959,1640,0,,1,
미래정밀 (2),AJR73964904,517,0,0,105,0.0685,621,0,,1,
미래정밀 (2),AJR73981107,1856,0,0,402,0.2455,2256,0,,3,
미래정밀 (2),AJR74005801,255,0,0,83,0.0337,338,0,,1,
미래정밀 (2),AJR74043402,188,0,0,77,0.0249,265,0,,1,
미래정밀 (2),AJR74043406,0,0,0,0,0.0,0,0,,0,
미래정밀 (2),AJR74043408,695,0,0,244,0.0908,938,0,,2,
미래정밀 (2),AJR74064002,317,0,0,128,0.0411,444,0,,2,
미래정밀 (2),AJR74107912,1472,92,21,459,0.1919,2043,0,,5,
미래정밀 (2),AJR74107918,681,0,0,120,0.0901,801,0,,2,
미래정밀 (2),AJR74145401,611,0,0,132,0.0807,743,0,,1,
미래정밀 (2),AJR74145402,594,0,0,128,0.0784,722,0,,1,
미래정밀 (2),AJR74165705,946,1358,49,893,0.1245,3244,0,,8,
미래정밀 (2),AJR74204401,226,0,0,111,0.0298,336,0,,2,
미래정밀 (2),AJR74242408,0,0,0,0,0.0,0,0,,0,
미래정밀 (2),AJR74243204,1721,0,0,299,0.2276,2019,0,,1,
미래정밀 (2),AJR74263401,1585,0,0,369,0.2092,1952,0,,3,
미래정밀 (2),AJR74266005,3002,0,0,789,0.3781,3788,0,,10,
미래정밀 (2),AJR74286001,704,0,0,84,0.0931,788,0,,1,
미래정밀 (2),AJR74286002,1155,0,0,138,0.153,1292,0,,2,
미래정밀 (2),AJR74288801,791,0,0,132,0.1048,922,0,,1,
미래정밀 (2),AJR74290701,1613,0,0,293,0.2097,1905,0,,2,
미래정밀 (2),AJR74364911,1943,26892,652,4480,0.2562,33963,0,,17,
미래정밀 (2),AJR74364911-4-1,223,0,0,90,0.0295,313,0,,1,
미래정밀 (2),AJR74364911-4-2,188,0,0,87,0.0248,274,0,,1,
미래정밀 (2),AJR74364911-4-3,125,0,0,65,0.0165,189,0,,1,
미래정밀 (2),AJR74364911-4-4,216,0,0,90,0.0285,305,0,,1,
미래정밀 (2),AJR74364912,0,780,20,220,0.0,1020,0,,4,
미래정밀 (2),AJR74364912-4-1,93,0,0,76,0.0122,169,0,,1,
미래정밀 (2),AJR74364912-4-2,48,0,0,55,0.0062,103,0,,1,
미래정밀 (2),AJR74364918,200,1170,30,555,0.026,1953,0,,9,
미래정밀 (2),AJR74364918-4-1,0,0,0,0,0.0,0,0,,0,
미래정밀 (2),AJR74364918-4-2,0,0,0,0,0.0,0,0,,0,
미래정밀 (2),AJR74364918-4-3,0,0,0,0,0.0,0,0,,0,
미래정밀 (2),AJR74364919,71,1620,45,489,0.0094,2223,0,,9,
미래정밀 (2),AJR74364919-4-1,210,0,0,87,0.0277,296,0,,1,
미래정밀 (2),AJR74364919-4-2,182,0,0,84,0.024,265,0,,1,
미래정밀 (2),AJR74364919-4-3,120,0,0,62,0.0159,182,0,,1,
미래정밀 (2),AJR74364919-4-4,210,0,0,87,0.0277,296,0,,1,
미래정밀 (2),AJR74364921,3032,17136,649,4121,0.4008,24934,0,,15,
미래정밀 (2),AJR74364921-4-1,204,0,0,86,0.0269,290,0,,1,
미래정밀 (2),AJR74364921-4-2,163,0,0,83,0.0215,245,0,,1,
미래정밀 (2),AJR74364921-4-3,211,0,0,87,0.0279,298,0,,1,
미래정밀 (2),AJR74364921-4-4,130,0,0,63,0.0172,192,0,,1,
미래정밀 (2),AJR74364922,337,390,10,218,0.0446,954,0,,3,
미래정밀 (2),AJR74364922-4-1,0,0,0,0,0.0,0,0,,0,
미래정밀 (2),AJR74364923,0,810,32,221,0.0,1062,0,,4,
미래정밀 (2),AJR74364923-4-1,193,0,0,85,0.0254,277,0,,1,
미래정밀 (2),AJR74364923-4-2,182,0,0,84,0.024,265,0,,1,
미래정밀 (2),AJR74364924,0,810,32,221,0.0,1062,0,,4,
미래정밀 (2),AJR74364924-4-1,193,0,0,85,0.0254,277,0,,1,
미래정밀 (2),AJR74364924-4-2,174,0,0,84,0.023,257,0,,1,
미래정밀 (2),AJR74365202,229,0,0,38,0.0303,266,0,,2,
미래정밀 (2),AJR74385603,325,0,0,148,0.0431,473,0,,1,
미래정밀 (2),AJR74462302,1104,0,0,175,0.146,1278,0,,1,
미래정밀 (2),AJR74462303,1242,0,0,372,0.1643,1613,0,,4,
미래정밀 (2),AJR74482401,217,0,30,1450,0.0287,1695,0,,3,
미래정밀 (2),AJR74482401-4-1,14526,0,0,1255,0.7263,15781,0,,1,
미래정밀 (2),AJR74522901-4-1,961,0,0,209,0.1271,1169,0,,2,
미래정밀 (2),AJR74522901-4-2,647,0,0,146,0.0857,792,0,,1,
미래정밀 (2),AJR74524701,1671,2816,118,921,0.221,5523,0,,11,
미래정밀 (2),AJR74602706,201,132,25,150,0.0253,506,0,,6,
미래정밀 (2),AJR74803512,263,0,0,140,0.0342,402,0,,2,
미래정밀 (2),AJR74803512-4-1,450,1225,378,921,0.058,2971,0,,8,
미래정밀 (2),AJR74803512-4-2,153,57,21,191,0.0192,420,0,,3,
미래정밀 (2),AJR74803521-4-1,58,0,0,37,0.0076,95,0,,1,
미래정밀 (2),AJR74803545-12-1,200,0,0,122,0.026,321,0,,2,
미래정밀 (2),AJR74803552-4-1,152,0,0,44,0.0076,195,0,,1,
미래정밀 (2),AJR74803552-4-2,618,0,0,152,0.0309,770,0,,1,
미래정밀 (2),AJR74803553-4-1,722,0,0,160,0.0361,882,0,,1,
미래정밀 (2),AJR74862701,869,600,63,750,0.1132,2280,0,,5,
미래정밀 (2),AJR74863102,123,0,0,98,0.016,220,0,,1,
미래정밀 (2),AJR74942516,129,690,90,422,0.0168,1330,0,,3,
미래정밀 (2),AJR74942523,80,0,0,61,0.0105,140,0,,1,
미래정밀 (2),AJR74942548,761,809,64,1010,0.0958,2641,0,,6,
미래정밀 (2),AJR74942615-4-1,990,690,139,1263,0.1251,3078,0,,8,
미래정밀 (2),AJR74942617-4-1,910,901,82,1149,0.1146,3040,0,,10,
미래정밀 (2),AJR74942623,900,0,0,464,0.1134,1362,0,,5,
미래정밀 (2),AJR74942627-4-1,149,0,0,98,0.0188,247,0,,1,
미래정밀 (2),AJR74963002,2145,2308,70,1263,0.1072,5781,0,,11,
미래정밀 (2),AJR74963002-4-1,267,0,0,90,0.0133,356,0,,1,
미래정밀 (2),AJR74963003,0,102,10,558,0.0,670,0,,3,
미래정밀 (2),AJR74963003-4-1,0,0,0,0,0.0,0,0,,0,
미래정밀 (2),AJR74984305,415,0,0,98,0.055,512,0,,1,
미래정밀 (2),AJR75103201-4-1,698,927,23,395,0.0905,2042,0,,4,
미래정밀 (2),AJR75103201-4-2,1870,1065,23,775,0.2468,3730,0,,6,
미래정밀 (2),AJR75104601,3418,0,0,762,0.452,4177,0,,8,
미래정밀 (2),AJR75142602,1016,0,0,381,0.0508,1394,0,,4,
미래정밀 (2),AJR75142606,1382,0,0,410,0.0691,1791,0,,4,
미래정밀 (2),AJR75222301,309,0,0,92,0.0408,401,0,,2,
미래정밀 (2),AJR75242802-4-1,489,517,21,466,0.0616,1491,0,,5,
미래정밀 (2),AJR75242802-4-2,487,777,13,195,0.0635,1470,0,,5,
미래정밀 (2),AJR75242806-4-1,486,517,21,425,0.0612,1446,0,,5,
미래정밀 (2),AJR75242816,487,0,0,76,0.0635,562,0,,1,
미래정밀 (2),AJR75243006,100,0,0,88,0.0126,187,0,,2,
미래정밀 (2),AJR75243106,1436,0,0,547,0.1844,1980,0,,4,
미래정밀 (2),AJR75243119,513,0,0,87,0.0646,599,0,,1,
미래정밀 (2),AJR75243125,0,287,11,193,0.0,491,0,,2,
미래정밀 (2),AJR75463108,666,0,0,188,0.0879,853,0,,2,
미래정밀 (2),AJR75463302,2306,1734,79,938,0.3044,5051,0,,16,
미래정밀 (2),AJR75483401,887,0,0,142,0.1173,1028,0,,3,
미래정밀 (2),AJR75484604,92,0,0,47,0.0121,138,0,,1,
미래정밀 (2),AJR75522803,1637,0,0,577,0.216,2209,0,,6,
미래정밀 (2),AJR75523201,735,0,0,229,0.093,962,0,,6,
미래정밀 (2),AJR75523201-4-1,0,0,0,0,0.0,0,0,,0,
미래정밀 (2),AJR75544201,1594,0,0,298,0.2095,1891,0,,3,
미래정밀 (2),AJR75544203,1902,0,0,496,0.2512,2396,0,,8,
미래정밀 (2),AJR75544204,26109,0,0,3860,3.4492,29952,0,,40,
미래정밀 (2),AJR75544223,91,0,0,47,0.012,137,0,,1,
미래정밀 (2),AJR75545702,705,0,0,453,0.0919,1156,0,,5,
미래정밀 (2),AJR75563402,0,243,46,394,0.0,683,0,,3,
미래정밀 (2),AJR75563402-4-1,0,0,0,0,0.0,0,0,,0,
미래정밀 (2),AJR75563502,315,2073,35,544,0.0414,2966,0,,10,
미래정밀 (2),AJR75604101,470,0,0,341,0.0613,810,0,,6,
미래정밀 (2),AJR75645201,628,0,0,97,0.0791,725,0,,1,
미래정밀 (2),AJR75645701,974,979,29,751,0.127,2731,0,,7,
미래정밀 (2),AJR75645801,625,0,0,108,0.0313,733,0,,1,
미래정밀 (2),AJR75662308,2723,172,12,868,0.3553,3772,0,,7,
미래정밀 (2),AJR75662308-4-1,1310,175,23,446,0.1711,1953,0,,6,
미래정밀 (2),AJR75662308-4-2,877,0,0,198,0.1137,1074,0,,1,
미래정밀 (2),AJR75662317,648,178,18,483,0.0851,1326,0,,5,
미래정밀 (2),AJR75662327,1056,1730,42,730,0.1397,3557,0,,8,
미래정밀 (2),AJR75662328,2234,178,23,591,0.2956,3026,0,,5,
미래정밀 (2),AJR75662332,1409,240,0,376,0.1088,2024,0,,5,
미래정밀 (2),AJR75662334,0,240,0,122,0.0,361,0,,4,
미래정밀 (2),AJR75662335,2723,0,0,0,0.3553,2099,2099,AJR75662308,2,"기존가,원소재상속:AJR75662308"
미래정밀 (2),AJR75662337,2346,246,20,755,0.2046,3366,0,,6,
미래정밀 (2),AJR75662342,584,246,20,468,0.0455,1317,0,,5,
미래정밀 (2),AJR75662345,224,240,0,269,0.0292,732,0,,6,
미래정밀 (2),AJR75709902,80,0,0,46,0.0105,125,0,,1,
미래정밀 (2),AJR75711501,4259,0,0,677,0.563,4932,0,,7,
미래정밀 (2),AJR75727201,270,0,0,96,0.0356,366,0,,2,
미래정밀 (2),AJR75743209,169,0,0,114,0.0221,282,0,,2,
미래정밀 (2),AJR75744140-4-1,1998,0,0,344,0.2643,2342,0,,1,
미래정밀 (2),AJR75763701,0,91,10,240,0.0,340,0,,3,
미래정밀 (2),AJR75763701-4-1,1302,0,0,189,0.1725,1490,0,,1,
미래정밀 (2),AJR75763801,1668,1530,111,1599,0.2204,4907,0,,4,
미래정밀 (2),AJR75782901,1954,204,29,969,0.2537,3150,0,,12,
미래정밀 (2),AJR75802401,495,0,0,268,0.0651,762,0,,3,
미래정밀 (2),AJR75802613,2256,0,0,3072,0.2988,3072,0,,2,
미래정밀 (2),AJR75827603,341,0,0,288,0.0432,628,0,,4,
미래정밀 (2),AJR75942501,68,0,0,57,0.0088,124,0,,1,
미래정밀 (2),AJR76164202,1296,0,0,254,0.0589,1549,0,,2,
미래정밀 (2),AJR76302601,1410,0,0,322,0.1862,1730,0,,2,
미래정밀 (2),AJR76322601,2418,685,65,491,0.3203,3659,0,,5,
미래정밀 (2),AJR76322601-4-1,346,0,0,82,0.0458,428,0,,1,
미래정밀 (2),AJR76462631,740,0,0,198,0.098,937,0,,1,
미래정밀 (2),AJR76462727,0,0,0,0,0.0,0,0,,0,
미래정밀 (2),AJR76462736,0,0,37,373,0.0,409,0,,1,
미래정밀 (2),AJR76463401,0,0,0,0,0.0,0,0,,0,
미래정밀 (2),AJR76483303,295,652,0,211,0.0384,1156,0,,5,
미래정밀 (2),AJR76483603,994,0,0,333,0.1305,1325,0,,4,
미래정밀 (2),AJR76522501,434,5820,198,2017,0.0566,8466,0,,17,
미래정밀 (2),AJR76523003,2699,0,0,419,0.357,3116,0,,2,
미래정밀 (2),AJR76545302,683,3008,75,945,0.0902,4709,0,,6,
미래정밀 (2),AJR76545302-4-1,171,0,0,81,0.0225,251,0,,1,
미래정밀 (2),AJR76563201,608,0,0,465,0.0793,1071,0,,5,
미래정밀 (2),AJR76582505,554,1240,149,1298,0.0733,3239,0,,13,
미래정밀 (2),AJR76582505-4-1,0,0,0,0,0.0,0,0,,0,
미래정밀 (2),AJR76582505-4-2,0,0,0,0,0.0,0,0,,0,
미래정밀 (2),AJR76582505-4-3,0,0,0,0,0.0,0,0,,0,
미래정밀 (2),AJR76582505-4-4,0,0,0,0,0.0,0,0,,0,
미래정밀 (2),AJR76582506,0,716,60,424,0.0,1200,0,,2,
미래정밀 (2),AJR76582506-4-1,0,0,0,0,0.0,0,0,,0,
미래정밀 (2),AJR76595403,163,0,0,98,0.0215,260,0,,2,
미래정밀 (2),AJR76602401,1362,0,0,435,0.1805,1797,0,,1,
미래정밀 (2),AJR76703602,2695,0,0,493,0.356,3186,0,,3,
미래정밀 (2),AJR76742305,217,0,0,60,0.0287,276,0,,1,
미래정밀 (2),AJR76822701,382,0,0,90,0.0506,471,0,,1,
미래정밀 (2),AJR76982501,2712,3967,143,790,0.359,7608,0,,7,
미래정밀 (2),AJR76982501-4-1,778,0,0,119,0.1034,897,0,,1,
미래정밀 (2),AJR76982501-4-2,124,0,0,43,0.0164,166,0,,1,
미래정밀 (2),AJR76982502,4079,3497,148,1120,0.5397,8842,0,,10,
미래정밀 (2),AJR76982502-4-1,778,0,0,119,0.1034,897,0,,1,
미래정밀 (2),AJR76982502-4-2,52,0,0,39,0.0068,90,0,,1,
미래정밀 (2),AJR77142502,484,0,0,82,0.0641,566,0,,1,
미래정밀 (2),AJR77142503,175,0,0,57,0.0232,231,0,,1,
미래정밀 (2),AJR77143101,0,0,0,0,0.0,0,0,,0,
미래정밀 (2),AJR77144201,217,0,0,80,0.0287,296,0,,1,
미래정밀 (2),AJR77144603,1196,504,37,695,0.1579,2430,0,,8,
미래정밀 (2),AJR77144603-4-1,0,0,0,0,0.0,0,0,,0,
미래정밀 (2),AJR77144603-4-2,0,0,0,0,0.0,0,0,,0,
미래정밀 (2),AJR77144606,0,2049,37,270,0.0,2355,0,,6,
미래정밀 (2),AJR77144606-4-1,0,0,0,0,0.0,0,0,,0,
미래정밀 (2),AJR77144606-4-2,0,0,0,0,0.0,0,0,,0,
미래정밀 (2),AJR77163101,1305,2416,23,721,0.1708,4462,0,,8,
미래정밀 (2),AJR77163101-4-1,0,0,0,0,0.0,0,0,,0,
미래정밀 (2),AJR77163102,133,0,0,70,0.0174,202,0,,1,
미래정밀 (2),AJR77167310,0,92,11,135,0.0,237,0,,3,
미래정밀 (2),AJR77167310-4-1,1774,0,0,294,0.2346,2068,0,,1,
미래정밀 (2),AJR77167311,3022,0,0,393,0.3996,1638,0,AJR77167310-4-1,5,기존가
미래정밀 (2),AJR77167311-4-1,0,0,0,0,0.2346,0,0,,1,
미래정밀 (2),AJR77171201,89,3510,114,1789,0.0113,5496,0,,21,
미래정밀 (2),AJR77171201-4-1,386,0,0,312,0.0486,698,0,,1,
미래정밀 (2),AJR77171201-4-10,452,390,18,410,0.0579,1268,0,,4,
미래정밀 (2),AJR77171201-4-2,559,0,0,443,0.0704,1002,0,,1,
미래정밀 (2),AJR77171201-4-3,740,0,0,468,0.0931,1207,0,,1,
미래정밀 (2),AJR77171201-4-4,948,0,0,610,0.1194,1558,0,,1,
미래정밀 (2),AJR77171201-4-5,977,0,0,497,0.1231,1474,0,,1,
미래정밀 (2),AJR77171201-4-6,1150,0,0,744,0.1448,1893,0,,1,
미래정밀 (2),AJR77171201-4-7,326,0,0,105,0.0425,431,0,,1,
미래정밀 (2),AJR77171201-4-8,375,0,0,127,0.0489,502,0,,1,
미래정밀 (2),AJR77171201-4-9,427,0,0,140,0.0557,566,0,,1,
미래정밀 (2),AJR77182401,2881,0,0,483,0.3817,3363,0,,3,
미래정밀 (2),AJR77182405,4166,0,0,654,0.5518,4818,0,,3,
미래정밀 (2),AJR77182406,2683,0,0,427,0.3554,3109,0,,2,
미래정밀 (2),AJR77202901,2153,0,0,482,0.2841,2633,0,,4,
미래정밀 (2),AJR77203901,1356,764,41,994,0.1761,3153,0,,11,
미래정밀 (2),AJR77222902,2039,0,0,381,0.2694,2419,0,,2,
미래정밀 (2),AJR77224501,3329,685,34,787,0.4407,4833,0,,7,
미래정밀 (2),AJR77224501-4-1,7039,1370,68,1584,0.9317,10057,0,,12,
미래정밀 (2),AJR77224503,1994,0,0,319,0.2641,2313,0,,1,
미래정밀 (2),AJR77224505,1098,0,0,227,0.1453,1325,0,,1,
미래정밀 (2),AJR77263009,1251,179,171,1192,0.0966,2671,0,,16,
미래정밀 (2),AJR77263009-4-1,854,0,0,157,0.066,1011,0,,1,
미래정밀 (2),AJR77263009-4-2,1105,0,0,268,0.0854,1372,0,,2,
미래정밀 (2),MJU47978302-4-1,120,0,0,0,0.0156,208,0,,1,
미래정밀 (2),MJU47978303-4-1,80,0,0,0,0.0104,152,0,,1,
미래정밀 (2),MJU47978304-4-1,237,0,0,0,0.0307,354,0,,1,
미래정밀 (2),MJU62947901,94,0,0,82,0.0123,175,0,,1,
미래정밀 (2),MJU63357501,1317,0,11,335,0.1745,1663,0,,2,
미래정밀 (2),MJU64287701,1315,0,0,170,0.1736,1485,0,,1,
미래정밀 (2),MJU64794403-4-1,0,0,0,0,0.0,0,0,,0,
미래정밀 (2),MJU64794403-4-2,0,0,0,0,0.0,0,0,,0,
미래정밀 (2),MJU64794404-4-3,0,0,0,0,0.0,0,0,,0,
미래정밀 (2),MJU64988801,1588,0,0,299,0.2104,1887,0,,1,
미래정밀 (2),WPC-25000,926,0,0,254,0.2337,1179,0,,3,
썬텍코리아 (3),AJR30004702,8779,56,256,3307,1.2551,12394,0,,11,
썬텍코리아 (3),AJR30037603,0,578,10,135,0.0,722,0,,3,
썬텍코리아 (3),AJR30037604,360,594,10,400,0.0469,1362,0,,7,
썬텍코리아 (3),AJR30077802,1603,1613,81,1229,0.1324,3633,0,,14,
썬텍코리아 (3),AJR30101601,9520,56,129,1957,0.4327,11661,0,,5,
썬텍코리아 (3),AJR30102601,3495,10915,218,1890,0.1747,16512,0,,18,
썬텍코리아 (3),AJR30125501,5863,19243,80,1005,0.2931,26190,0,,5,
썬텍코리아 (3),AJR30125505,5711,11948,80,1000,0.2856,18738,0,,5,
썬텍코리아 (3),AJR30125601,1548,21769,98,944,0.0774,24357,0,,10,
썬텍코리아 (3),AJR30125603,515,5581,33,370,0.0258,6497,0,,4,
썬텍코리아 (3),AJR30138203,2277,0,0,476,0.1138,2750,0,,4,
썬텍코리아 (3),AJR36852211,2993,1465,199,2833,0.3269,7481,0,,22,
썬텍코리아 (3),AJR55707008-1,809,4075,142,2089,0.1044,7110,0,,20,
썬텍코리아 (3),AJR55707008-2,247,1412,40,736,0.0323,2434,0,,8,
썬텍코리아 (3),AJR55707009,548,0,0,358,0.0704,904,0,,4,
썬텍코리아 (3),AJR55707009-1,548,1075,61,920,0.0704,2601,0,,8,
썬텍코리아 (3),AJR55707009-2,6715,0,0,1659,0.8483,8369,0,,15,
썬텍코리아 (3),AJR73952501,898,56,74,785,0.1178,1810,0,,6,
썬텍코리아 (3),AJR73952502,785,56,61,613,0.1031,1513,0,,5,
썬텍코리아 (3),AJR74823101,1966,56,122,1163,0.2587,3303,0,,8,
썬텍코리아 (3),AJR74823102,1966,56,122,1151,0.2587,3291,0,,8,
썬텍코리아 (3),AJR74823103,1759,56,96,864,0.2319,2772,0,,7,
썬텍코리아 (3),AJR74823104,1759,56,96,852,0.2319,2761,0,,7,
썬텍코리아 (3),AJR75462802,4497,4422,63,1093,0.2249,10070,0,,10,
썬텍코리아 (3),AJR76502618,4959,0,0,649,0.2479,5606,0,,4,
썬텍코리아 (3),AJR76523027,1133,3652,123,1270,0.1495,6175,0,,9,
썬텍코리아 (3),AJR76562804,14308,0,200,2780,0.7154,17284,0,,7,
썬텍코리아 (3),AJR77170701,1002,0,0,162,0.1327,1163,0,,2,
썬텍코리아 (3),AJR77170902,10204,0,289,4913,1.1609,15396,0,,23,
썬텍코리아 (3),AJR77182701,6029,0,0,1482,0.7592,7507,0,,13,
썬텍코리아 (3),AJR77182802,3941,0,139,2141,0.3025,6218,0,,6,
썬텍코리아 (3),AJR77182902,3594,0,129,1809,0.2759,5530,0,,5,
썬텍코리아 (3),AJR77183101,5823,0,0,1463,0.7333,7281,0,,13,
썬텍코리아 (3),AJR77188801,1738,19243,60,481,0.2303,21520,0,,4,
썬텍코리아 (3),AJR77224002,5033,15613,65,820,0.2516,21530,0,,5,
썬텍코리아 (3),AJR77224008,6329,15613,81,1054,0.3164,23076,0,,6,
썬텍코리아 (3),AJR77224501,3372,26669,199,1670,0.2445,31904,0,,17,
썬텍코리아 (3),AJR77224518,912,13722,124,844,0.1203,15598,0,,8,
썬텍코리아 (3),AJR77225602,3709,23123,138,859,0.1855,27827,0,,7,
썬텍코리아 (3),AJR77225607,5501,23123,148,1158,0.275,29927,0,,8,
이젠터 (2),5210A22950A,147,0,0,71,0.0192,218,0,,1,
이젠터 (2),5211A21904M,69,0,0,82,0.0089,150,0,,2,
이젠터 (2),ACQ30605001,599,0,0,246,0.079,843,0,,3,
이젠터 (2),ACQ30662801,470,0,0,158,0.062,627,0,,2,
이젠터 (2),AJJ74758302,770,820,50,597,0.0623,2235,0,,7,
이젠터 (2),AJJ75178301,473,0,0,245,0.0608,717,0,,4,
이젠터 (2),AJJ75178302,435,0,0,228,0.056,661,0,,4,
이젠터 (2),AJJ75358401,2719,2525,69,926,0.3595,6236,0,,8,
이젠터 (2),AJJ75358421,3051,927,70,1103,0.4033,5147,0,,7,
이젠터 (2),AJJ75358426,2741,3108,83,1075,0.3623,7005,0,,7,
이젠터 (2),AJJ75838610,2601,927,32,922,0.3436,4477,0,,9,
이젠터 (2),AJJ75838620,377,1209,72,603,0.0491,2259,0,,7,
이젠터 (2),AJJ75838622,222,927,16,196,0.0293,1361,0,,3,
이젠터 (2),AJJ75918402,189,927,23,279,0.0249,1417,0,,3,
이젠터 (2),AJJ75918512,770,0,0,185,0.1019,954,0,,2,
이젠터 (2),AJR30001401,3745,822,243,1778,0.4951,6586,0,,6,
이젠터 (2),AJR30001402,3253,0,148,1455,0.4301,4853,0,,6,
이젠터 (2),AJR30003301,570,3744,102,962,0.074,5377,0,,5,
이젠터 (2),AJR30004702,5845,14748,213,2111,0.4983,22913,0,,11,
이젠터 (2),AJR30007603,451,0,0,156,0.0596,607,0,,2,
이젠터 (2),AJR30007604,400,0,0,130,0.0528,530,0,,1,
이젠터 (2),AJR30009001,161,0,0,55,0.0212,215,0,,1,
이젠터 (2),AJR30009004,703,0,0,187,0.093,889,0,,2,
이젠터 (2),AJR30009005,792,0,0,144,0.1047,935,0,,1,
이젠터 (2),AJR30009403,906,0,0,208,0.1198,1113,0,,2,
이젠터 (2),AJR30011201,67,0,0,47,0.0087,113,0,,1,
이젠터 (2),AJR30019801,950,685,55,556,0.1254,2244,0,,5,
이젠터 (2),AJR30020701,7121,0,389,3850,0.9407,11359,0,,8,
이젠터 (2),AJR30025401,754,0,0,145,0.0996,899,0,,1,
이젠터 (2),AJR30025501,726,0,0,143,0.0959,869,0,,1,
이젠터 (2),AJR30025601,1886,100,80,1059,0.2483,3124,0,,5,
이젠터 (2),AJR30025701,143,0,0,94,0.0187,237,0,,2,
이젠터 (2),AJR30029901,8210,0,0,1298,1.0875,9505,0,,6,
이젠터 (2),AJR30031201,1871,0,0,421,0.2475,2290,0,,4,
이젠터 (2),AJR30031202,919,0,0,200,0.1213,1117,0,,2,
이젠터 (2),AJR30031801,0,0,0,0,0.0,0,0,,0,
이젠터 (2),AJR30037101,364,0,0,110,0.0481,474,0,,1,
이젠터 (2),AJR30038201,332,0,0,107,0.0439,439,0,,1,
이젠터 (2),AJR30038301,864,0,0,244,0.1143,1107,0,,3,
이젠터 (2),AJR30038401,305,0,0,143,0.0395,447,0,,2,
이젠터 (2),AJR30060702,704,1450,33,609,0.0931,2792,0,,11,
이젠터 (2),AJR30061101,522,0,16,696,0.0471,1232,0,,5,
이젠터 (2),AJR30069601,232,300,40,379,0.0307,951,0,,3,
이젠터 (2),AJR30069702,386,367,50,459,0.0511,1262,0,,4,
이젠터 (2),AJR30075101,3300,0,145,1834,0.434,5274,0,,12,
이젠터 (2),AJR30075401,14065,13286,410,5707,1.1511,33453,0,,45,
이젠터 (2),AJR30077901,1989,65,66,1232,0.1543,3348,0,,7,
이젠터 (2),AJR30078601,11847,0,0,1214,0.5385,13060,0,,2,
이젠터 (2),AJR30078701,2372,1296,183,1322,0.1897,5171,0,,6,
이젠터 (2),AJR30078702,1912,2023,134,952,0.1491,5019,0,,8,
이젠터 (2),AJR30079301,1191,0,0,259,0.1578,1449,0,,1,
이젠터 (2),AJR30079401,571,0,0,132,0.0757,703,0,,1,
이젠터 (2),AJR30087301,1689,0,0,428,0.2231,2114,0,,3,
이젠터 (2),AJR30087401,637,0,0,245,0.0841,880,0,,3,
이젠터 (2),AJR30095101,2945,0,0,643,0.2876,3588,0,,2,
이젠터 (2),AJR30099601,2580,0,0,523,0.3416,3102,0,,4,
이젠터 (2),AJR30103101,500,0,0,182,0.0661,681,0,,3,
이젠터 (2),AJR30103102,1171,0,0,368,0.1545,1536,0,,5,
이젠터 (2),AJR30116701,3571,0,223,1713,0.3354,5504,0,,6,
이젠터 (2),AJR30117302,5588,0,249,3395,0.4419,9228,0,,8,
이젠터 (2),AJR30120801,214,0,0,58,0.0107,271,0,,1,
이젠터 (2),AJR30123401,667,0,0,173,0.0881,839,0,,2,
이젠터 (2),AJR30125601,5190,68625,218,1704,0.2595,75735,0,,17,
이젠터 (2),AJR30140101,1127,0,0,231,0.0564,1358,0,,2,
이젠터 (2),AJR30140103,700,0,0,127,0.035,826,0,,1,
이젠터 (2),AJR30140104,677,0,0,125,0.0338,801,0,,1,
이젠터 (2),AJR30140105,696,0,0,126,0.0348,822,0,,1,
이젠터 (2),AJR32883906,2454,65,121,1843,0.3225,4479,0,,7,
이젠터 (2),AJR32883911,2030,65,87,1213,0.2675,3392,0,,6,
이젠터 (2),AJR34739811,1588,0,60,827,0.2092,2472,0,,4,
이젠터 (2),AJR34739816,1123,1904,161,1249,0.1485,4435,0,,7,
이젠터 (2),AJR34739818,403,0,0,149,0.0532,551,0,,2,
이젠터 (2),AJR34739820,2043,114,117,985,0.2702,3256,0,,6,
이젠터 (2),AJR34739824,1123,1924,161,1250,0.1485,4456,0,,7,
이젠터 (2),AJR36618618,2342,685,49,1087,0.3094,4159,0,,7,
이젠터 (2),AJR36618620,1524,685,65,968,0.2011,3239,0,,6,
이젠터 (2),AJR36618623,660,0,0,188,0.0871,847,0,,1,
이젠터 (2),AJR37039703,1030,3065,148,1464,0.1336,5705,0,,20,
이젠터 (2),AJR52676202,716,693,93,762,0.0947,2263,0,,6,
이젠터 (2),AJR53980903,2809,728,227,1737,0.3711,5498,0,,13,
이젠터 (2),AJR54072907,2871,0,0,1097,0.3806,3967,0,,4,
이젠터 (2),AJR55707008,246,538,20,430,0.0321,1232,0,,4,
이젠터 (2),AJR67807805,122,12,0,126,0.0158,258,0,,3,
이젠터 (2),AJR71429409,0,6004,128,671,0.0,6802,0,,7,
이젠터 (2),AJR71429420,0,5867,128,671,0.0,6665,0,,7,
이젠터 (2),AJR71429433,0,5926,128,671,0.0,6724,0,,7,
이젠터 (2),AJR72914201,0,541,60,223,0.0,824,0,,2,
이젠터 (2),AJR72914508,83,0,0,82,0.0108,164,0,,2,
이젠터 (2),AJR72919805,0,90,11,112,0.0,213,0,,3,
이젠터 (2),AJR73326604,3004,0,197,1713,0.3968,4912,0,,5,
이젠터 (2),AJR73326623,16491,4777,517,6042,2.1797,27815,0,,32,
이젠터 (2),AJR73326624,14242,136,449,4925,1.2481,19747,0,,13,
이젠터 (2),AJR73326629,2065,0,145,1596,0.2721,3803,0,,5,
이젠터 (2),AJR73326630,4856,0,224,2236,0.6415,7313,0,,5,
이젠터 (2),AJR73326631,4859,0,250,2845,0.6419,7951,0,,5,
이젠터 (2),AJR73326634,3052,0,220,2414,0.4028,5684,0,,6,
이젠터 (2),AJR737678,658,0,0,88,0.0541,745,0,,1,
이젠터 (2),AJR73767803,0,4860,226,561,0.0,5646,0,,4,
이젠터 (2),AJR73787405,839,0,100,740,0.1104,1675,0,,5,
이젠터 (2),AJR73787804,3701,0,80,1854,0.4878,5630,0,,10,
이젠터 (2),AJR73803003,93,2263,59,723,0.0122,3137,0,,5,
이젠터 (2),AJR73946112,104,0,0,81,0.0135,184,0,,2,
이젠터 (2),AJR73970503,1292,0,0,189,0.1706,1479,0,,3,
이젠터 (2),AJR73972012,75,0,0,82,0.0097,156,0,,2,
이젠터 (2),AJR739803,1204,1490,136,784,0.099,3611,0,,10,
이젠터 (2),AJR73980304,0,3446,152,559,0.0,4157,0,,4,
이젠터 (2),AJR73980305,0,4433,152,559,0.0,5144,0,,4,
이젠터 (2),AJR73980306,0,3650,152,559,0.0,4361,0,,4,
이젠터 (2),AJR74107915,2359,439,43,576,0.1941,3417,0,,9,
이젠터 (2),AJR74165705,2267,0,114,739,0.1867,3119,0,,3,
이젠터 (2),AJR74169203,4114,1028,172,1542,0.4112,6223,0,,14,
이젠터 (2),AJR74227601,1475,0,0,283,0.1951,1757,0,,2,
이젠터 (2),AJR74364818,4194,15285,222,2179,0.3073,21874,0,,17,
이젠터 (2),AJR74364825,4019,16167,223,2059,0.2923,22461,0,,17,
이젠터 (2),AJR74425403,3957,0,324,1676,0.5225,5952,0,,6,
이젠터 (2),AJR74425405,4694,0,362,1887,0.6198,6939,0,,6,
이젠터 (2),AJR74425406,4629,822,259,1862,0.6113,7569,0,,7,
이젠터 (2),AJR74425407,3558,822,217,1279,0.4702,5874,0,,7,
이젠터 (2),AJR74425408,567,4976,75,673,0.0735,6288,0,,5,
이젠터 (2),AJR74444508,1318,1223,63,794,0.174,3395,0,,9,
이젠터 (2),AJR74444509,2130,0,128,1251,0.281,3505,0,,7,
이젠터 (2),AJR74466305,179,0,0,123,0.0232,301,0,,2,
이젠터 (2),AJR74467001,199,0,0,113,0.0259,311,0,,3,
이젠터 (2),AJR74467003,636,1603,46,678,0.0831,2960,0,,5,
이젠터 (2),AJR74467101,406,0,0,256,0.0532,660,0,,5,
이젠터 (2),AJR74467103,593,1674,46,747,0.0775,3055,0,,7,
이젠터 (2),AJR74942523,1004,65,68,907,0.1314,2040,0,,8,
이젠터 (2),AJR74942547,1103,65,69,1234,0.1443,2467,0,,8,
이젠터 (2),AJR74942561,1104,0,73,1135,0.1444,2308,0,,7,
이젠터 (2),AJR74942581,2649,67,77,1242,0.1226,4030,0,,8,
이젠터 (2),AJR74943201,607,789,135,888,0.0794,2418,0,,6,
이젠터 (2),AJR74943202,343,0,0,255,0.0445,595,0,,3,
이젠터 (2),AJR74963001,3003,65,98,1223,0.1502,4386,0,,6,
이젠터 (2),AJR74963101,646,1626,271,1523,0.0842,4063,0,,10,
이젠터 (2),AJR74963102,710,0,0,183,0.0935,892,0,,2,
이젠터 (2),AJR75002401,624,0,0,152,0.0512,775,0,,2,
이젠터 (2),AJR75123901,2897,3816,347,2680,0.3806,9734,0,,12,
이젠터 (2),AJR75182901,972,770,46,823,0.1268,2609,0,,8,
이젠터 (2),AJR75223401,4875,822,259,1857,0.6438,7809,0,,7,
이젠터 (2),AJR75243105,1898,200,95,1476,0.249,3667,0,,12,
이젠터 (2),AJR75243106,677,0,43,693,0.0893,1412,0,,3,
이젠터 (2),AJR75243118,1192,65,51,807,0.1565,2112,0,,5,
이젠터 (2),AJR75243119,1561,2192,85,1380,0.2033,5214,0,,12,
이젠터 (2),AJR75243123,560,608,34,1184,0.043,2386,0,,5,
이젠터 (2),AJR75243125,543,608,46,693,0.0708,1888,0,,6,
이젠터 (2),AJR75342401,0,3130,96,309,0.0,3535,0,,6,
이젠터 (2),AJR75462802,0,67,16,196,0.0,278,0,,2,
이젠터 (2),AJR75482701,2668,1256,136,1076,0.2157,5134,0,,8,
이젠터 (2),AJR75483601,2270,685,55,959,0.2267,3965,0,,10,
이젠터 (2),AJR75483701,3793,0,0,871,0.3118,4659,0,,10,
이젠터 (2),AJR75544201,2658,1008,29,857,0.2575,4548,0,,9,
이젠터 (2),AJR75544202,281,0,0,84,0.0371,365,0,,1,
이젠터 (2),AJR75544203,492,0,0,179,0.0649,671,0,,2,
이젠터 (2),AJR75563003,171,0,0,138,0.0223,309,0,,3,
이젠터 (2),AJR75563402,477,243,52,666,0.0625,1436,0,,6,
이젠터 (2),AJR75645501,2260,0,96,634,0.1861,2990,0,,3,
이젠터 (2),AJR75645606,397,346,54,480,0.0517,1274,0,,7,
이젠터 (2),AJR75645701,2897,0,132,1011,0.2365,4035,0,,8,
이젠터 (2),AJR75645801,2939,0,152,1158,0.24,4104,0,,9,
이젠터 (2),AJR75710903,999,1523,35,437,0.1318,2992,0,,5,
이젠터 (2),AJR75711202,1056,1523,35,472,0.1381,3084,0,,5,
이젠터 (2),AJR75743201,689,0,0,141,0.0911,830,0,,1,
이젠터 (2),AJR75743204,4219,0,0,792,0.5574,5008,0,,8,
이젠터 (2),AJR75743207,965,0,0,319,0.1264,1282,0,,4,
이젠터 (2),AJR75743209,5900,0,50,2004,0.7789,7949,0,,11,
이젠터 (2),AJR75743301,605,0,0,147,0.0801,752,0,,1,
이젠터 (2),AJR75743307,2789,0,34,1047,0.3671,3867,0,,8,
이젠터 (2),AJR75744140,2788,2525,83,1396,0.3686,6788,0,,7,
이젠터 (2),AJR75763801,1576,0,0,297,0.2085,1873,0,,1,
이젠터 (2),AJR75827603,423,388,34,595,0.0559,1440,0,,5,
이젠터 (2),AJR75942501,1098,0,79,876,0.1436,2048,0,,7,
이젠터 (2),AJR76302601,322,0,0,167,0.0425,488,0,,1,
이젠터 (2),AJR76322601,405,0,0,135,0.0536,539,0,,2,
이젠터 (2),AJR76442507,393,927,32,393,0.0515,1743,0,,4,
이젠터 (2),AJR76502604,2055,1126,37,1170,0.2709,4382,0,,15,
이젠터 (2),AJR76502610,1893,1189,81,1576,0.2499,4732,0,,17,
이젠터 (2),AJR76502611,2084,1189,81,1601,0.2752,4949,0,,17,
이젠터 (2),AJR76502612,1021,1189,81,1088,0.1347,3375,0,,11,
이젠터 (2),AJR76523001,3244,0,0,618,0.4291,3861,0,,4,
이젠터 (2),AJR76523003,1353,0,0,296,0.179,1649,0,,2,
이젠터 (2),AJR76523011,2842,0,0,436,0.3759,3277,0,,2,
이젠터 (2),AJR76523012,1302,0,0,210,0.1722,1511,0,,1,
이젠터 (2),AJR76523027,660,0,0,170,0.0871,829,0,,2,
이젠터 (2),AJR76545302,464,0,0,131,0.0614,595,0,,1,
이젠터 (2),AJR76562401,915,3008,58,738,0.1208,4717,0,,7,
이젠터 (2),AJR76562811,4198,3900,206,2065,0.5561,10367,0,,9,
이젠터 (2),AJR76582501,4558,0,0,779,0.603,5334,0,,5,
이젠터 (2),AJR76582506,3585,497,159,2199,0.4734,6430,0,,20,
이젠터 (2),AJR76602401,2010,1055,41,1127,0.2645,4233,0,,9,
이젠터 (2),AJR76703612,1332,0,0,193,0.1765,1525,0,,1,
이젠터 (2),AJR76822701,4222,822,386,3553,0.54,8979,0,,8,
이젠터 (2),AJR76982501,1720,0,0,281,0.2279,2001,0,,2,
이젠터 (2),AJR77143101,1697,0,0,351,0.2243,2048,0,,2,
이젠터 (2),AJR77144207,2300,0,201,2292,0.3026,4791,0,,6,
이젠터 (2),AJR77144301,5301,0,224,2287,0.7004,7811,0,,5,
이젠터 (2),AJR77144305,5153,0,250,2510,0.6809,7910,0,,5,
이젠터 (2),AJR77144306,5301,0,224,2287,0.7004,7811,0,,5,
이젠터 (2),AJR77145701,3926,0,256,3459,0.5151,7636,0,,7,
이젠터 (2),AJR77145702,4049,0,249,3289,0.5311,7582,0,,8,
이젠터 (2),AJR77182601,3332,0,0,472,0.4414,3803,0,,2,
이젠터 (2),AJR77202404,954,0,0,178,0.1261,1131,0,,1,
이젠터 (2),AJR77202407,1313,0,0,202,0.1022,1515,0,,1,
이젠터 (2),AJR77202901,234,0,0,187,0.0305,419,0,,3,
이젠터 (2),AJR77222902,1,0,0,194,0.011,194,0,,2,
이젠터 (2),AJR77222905,1430,3044,97,943,0.1888,5511,0,,7,
이젠터 (2),AJR77224501SER,1944,42635,169,1409,0.2568,46154,0,,14,
이젠터 (2),AJR77224508,531,0,0,190,0.0701,721,0,,1,
이젠터 (2),AJR772245SER,74,0,0,50,0.0097,123,0,,1,
이젠터 (2),MJU47312202,94,0,0,81,0.0125,175,0,,2,
이젠터 (2),MJU63482104,1868,0,0,188,0.1535,2056,0,,2,
이젠터 (2),MJU63620002,1229,0,0,179,0.101,1408,0,,2,
이젠터 (2),S-SUB1,0,16348,0,0,0.0,16348,0,,4,
중앙정밀 (2),5210A25501A,791,0,0,110,0.1045,901,0,,1,
중앙정밀 (2),5210A30050Y,55,0,0,48,0.0072,103,0,,1,
중앙정밀 (2),5211A10134V,587,0,0,189,0.0477,775,0,,3,
중앙정밀 (2),5211A10530B,875,0,0,258,0.092,1131,0,,4,
중앙정밀 (2),5211A10688A,651,0,0,180,0.0529,829,0,,3,
중앙정밀 (2),5211A11023,954,0,0,148,0.0777,1101,0,,2,
중앙정밀 (2),5211A11024A,752,0,0,112,0.0616,863,0,,2,
중앙정밀 (2),5211A11065Q,690,0,0,88,0.0567,777,0,,1,
중앙정밀 (2),5211A11094A,3018,0,0,1610,0.2475,3810,0,,12,
중앙정밀 (2),5211A13303A,3369,0,0,581,0.2756,3946,0,,7,
중앙정밀 (2),5211A13303B,3168,0,0,575,0.2591,3740,0,,7,
중앙정밀 (2),5211A13303C,2363,0,0,414,0.1933,2775,0,,5,
중앙정밀 (2),5211A20031K,45,0,0,36,0.0036,80,0,,1,
중앙정밀 (2),5211A20117G,302,0,0,106,0.0248,406,0,,2,
중앙정밀 (2),5211A20141U,123,0,0,57,0.01,179,0,,1,
중앙정밀 (2),5211A20141Z,56,0,0,43,0.0046,99,0,,1,
중앙정밀 (2),5211A20233K,862,0,0,1004,0.0708,1865,0,,5,
중앙정밀 (2),5211A20297A,739,711,0,297,0.0607,1746,0,,4,
중앙정밀 (2),5211A20297B,492,1733,0,198,0.0405,2423,0,,4,
중앙정밀 (2),5211A20297C,492,2129,0,198,0.0405,2819,0,,4,
중앙정밀 (2),5211A20297D,739,3147,0,297,0.0607,4182,0,,4,
중앙정밀 (2),5211A20297E,1481,1888,0,1303,0.1219,4671,0,,7,
중앙정밀 (2),5211A20297F,2210,4065,0,1635,0.182,7907,0,,7,
중앙정밀 (2),5211A20297G,739,4664,0,890,0.0607,6291,0,,5,
중앙정밀 (2),5211A20297H,739,0,0,890,0.0607,1627,0,,5,
중앙정밀 (2),5211A20297J,1108,3083,0,1232,0.091,5422,0,,5,
중앙정밀 (2),5211A20297K,1851,6015,0,1645,0.1523,9509,0,,7,
중앙정밀 (2),5211A20297L,1231,0,0,1346,0.1012,2577,0,,5,
중앙정밀 (2),5211A20297M,1231,2675,0,1346,0.1012,5252,0,,5,
중앙정밀 (2),5211A20297N,744,3441,0,888,0.0611,5071,0,,6,
중앙정밀 (2),5211A20297P,744,3441,0,888,0.0611,5071,0,,6,
중앙정밀 (2),5211A20297Q,744,3705,0,888,0.0611,5335,0,,6,
중앙정밀 (2),5211A20297R,621,2986,0,774,0.051,4379,0,,6,
중앙정밀 (2),5211A20297S,1725,3659,0,1533,0.1419,6915,0,,7,
중앙정밀 (2),5211A20297T,1481,3029,0,1497,0.1219,6005,0,,7,
중앙정밀 (2),5211A20297U,739,2325,0,890,0.0607,3952,0,,5,
중앙정밀 (2),5211A20297V,1851,5315,0,1645,0.1523,8809,0,,7,
중앙정밀 (2),5211A20297W,616,2165,0,776,0.0506,3556,0,,5,
중앙정밀 (2),5211A20297X,739,7166,0,890,0.0607,8793,0,,5,
중앙정밀 (2),5211A20297Y,985,2989,0,1118,0.0809,5091,0,,5,
중앙정밀 (2),5211A20297Z,739,3992,0,890,0.0607,5619,0,,5,
중앙정밀 (2),5211A20356A,1361,4428,0,1035,0.1118,6822,0,,5,
중앙정밀 (2),5211A20356B,583,1614,0,589,0.0479,2785,0,,5,
중앙정밀 (2),5211A20356C,583,1830,0,589,0.0479,3001,0,,5,
중앙정밀 (2),5211A20356D,1166,711,0,972,0.0958,2848,0,,5,
중앙정밀 (2),5211A20356E,920,3143,0,712,0.0756,4774,0,,5,
중앙정밀 (2),5211A20356F,583,1857,0,589,0.0479,3028,0,,5,
중앙정밀 (2),5211A20356G,583,1941,0,589,0.0479,3112,0,,5,
중앙정밀 (2),5211A20356H,972,2280,0,844,0.0799,4095,0,,5,
중앙정밀 (2),5211A20356J,1166,3441,0,1035,0.0958,5641,0,,5,
중앙정밀 (2),5211A20356K,1166,2763,0,972,0.0958,4900,0,,5,
중앙정밀 (2),5211A20356L,778,2707,0,716,0.0639,4200,0,,5,
중앙정밀 (2),5211A20356M,1166,3705,0,972,0.0958,5842,0,,5,
중앙정밀 (2),5211A20356N,1166,4359,0,972,0.0958,6496,0,,5,
중앙정밀 (2),5211A20356P,1166,3897,0,972,0.0958,6034,0,,5,
중앙정밀 (2),5211A20356Q,616,2176,0,776,0.0506,3567,0,,5,
중앙정밀 (2),5211A20356R,1166,4119,0,972,0.0958,6256,0,,5,
중앙정밀 (2),5211A20356T,778,2531,0,716,0.0639,4024,0,,5,
중앙정밀 (2),5211A20356U,1166,3747,0,972,0.0958,5884,0,,5,
중앙정밀 (2),5211A20766Y,503,0,0,116,0.0413,618,0,,2,
중앙정밀 (2),5211A21084B,1169,0,0,161,0.096,1330,0,,1,
중앙정밀 (2),5211A21202L,1468,0,0,750,0.1192,2214,0,,8,
중앙정밀 (2),5211A21202R,1468,486,0,1122,0.1192,3072,0,,10,
중앙정밀 (2),5211A21714A,3510,0,0,532,0.2859,4040,0,,7,
중앙정밀 (2),5211A21789C,563,0,0,154,0.0453,717,0,,2,
중앙정밀 (2),5211A21812B,312,0,101,780,0.0393,1191,0,,7,
중앙정밀 (2),5211A22009Q,222,0,0,116,0.0291,337,0,,2,
중앙정밀 (2),5211A23308A,2717,0,0,373,0.2204,3088,0,,4,
중앙정밀 (2),5211A23318A,779,550,0,453,0.0637,1779,0,,6,
중앙정밀 (2),5211A24118B,149,0,0,134,0.0195,282,0,,2,
중앙정밀 (2),5211A24129B,479,0,0,148,0.0393,626,0,,2,
중앙정밀 (2),5211A24129F,1000,710,0,697,0.0818,2404,0,,6,
중앙정밀 (2),5211A24129J,949,430,0,663,0.0776,2039,0,,8,
중앙정밀 (2),5211A24129K,949,390,0,663,0.0776,1999,0,,6,
중앙정밀 (2),5211A30050D,91,0,0,68,0.012,158,0,,1,
중앙정밀 (2),5211A30123U,862,6346,0,1004,0.0708,8211,0,,5,
중앙정밀 (2),5211A30232X,468,0,0,163,0.038,630,0,,3,
중앙정밀 (2),5211A30297L,544,0,0,115,0.0447,659,0,,1,
중앙정밀 (2),5211A30708S,357,0,0,251,0.0465,605,0,,4,
중앙정밀 (2),5211A30708Z,1046,0,0,302,0.0849,1346,0,,5,
중앙정밀 (2),5211AP3989L,495,0,0,93,0.0407,586,0,,2,
중앙정밀 (2),AJJ72332408,709,0,0,166,0.0584,873,0,,3,
중앙정밀 (2),AJJ72332409,338,0,0,125,0.0268,462,0,,2,
중앙정밀 (2),AJJ73118503,1823,0,0,575,0.1459,2395,0,,7,
중앙정밀 (2),AJJ73178301,2154,0,0,430,0.1767,2579,0,,7,
중앙정밀 (2),AJJ74498305,589,0,0,208,0.0777,795,0,,4,
중앙정밀 (2),AJJ74578314,471,1253,35,395,0.0622,2152,0,,7,
중앙정밀 (2),AJJ74578316,1226,694,24,848,0.1618,2787,0,,12,
중앙정밀 (2),AJJ74578324,445,252,18,295,0.0588,1008,0,,4,
중앙정밀 (2),AJJ74578325,591,0,0,194,0.0782,784,0,,2,
중앙정밀 (2),AJJ74578327,1076,713,18,509,0.1406,2313,0,,8,
중앙정밀 (2),AJJ74618301,630,624,58,520,0.083,1829,0,,5,
중앙정밀 (2),AJJ74618302,928,1248,115,1001,0.1223,3288,0,,10,
중앙정밀 (2),AJJ75318301,314,65,11,221,0.0415,611,0,,3,
중앙정밀 (2),AJJ75358401,2944,7910,147,1479,0.389,12476,0,,16,
중앙정밀 (2),AJJ75918509,378,538,21,477,0.0492,1412,0,,5,
중앙정밀 (2),AJJ76238401,1114,0,0,576,0.1443,1686,0,,7,
중앙정밀 (2),AJJ76318301,497,0,0,165,0.0658,661,0,,2,
중앙정밀 (2),AJR30007104,1974,0,0,454,0.2606,2426,0,,3,
중앙정밀 (2),AJR30008101,5930,1170,54,1854,0.7517,8998,0,,18,
중앙정밀 (2),AJR30012008,486,55,18,249,0.0641,808,0,,3,
중앙정밀 (2),AJR30012009,325,0,0,103,0.0429,427,0,,1,
중앙정밀 (2),AJR30025101,2467,0,0,381,0.3257,2847,0,,3,
중앙정밀 (2),AJR30027701,485,0,0,98,0.064,582,0,,1,
중앙정밀 (2),AJR30038101,677,0,0,287,0.0894,961,0,,3,
중앙정밀 (2),AJR30089604,1786,1215,49,1080,0.2025,4128,0,,13,
중앙정밀 (2),AJR30089620,0,810,65,326,0.0,1200,0,,4,
중앙정밀 (2),AJR30089621,1148,1215,49,653,0.0894,3064,0,,9,
중앙정밀 (2),AJR30228804,755,0,0,425,0.0619,1177,0,,6,
중앙정밀 (2),AJR30228805,2360,0,0,302,0.1979,2660,0,,4,
중앙정밀 (2),AJR30359801,201,0,0,121,0.0262,321,0,,1,
중앙정밀 (2),AJR30374209,3911,0,0,2581,0.317,6480,0,,25,
중앙정밀 (2),AJR32563602,786,0,0,406,0.1024,1189,0,,5,
중앙정밀 (2),AJR34565827,820,1783,27,780,0.1033,3409,0,,12,
중앙정밀 (2),AJR34739818,267,1076,27,593,0.0349,1961,0,,8,
중앙정밀 (2),AJR36013006,349,0,0,106,0.0455,454,0,,1,
중앙정밀 (2),AJR36366801,1829,0,0,204,0.1503,2032,0,,2,
중앙정밀 (2),AJR36388617,491,0,0,144,0.0649,634,0,,2,
중앙정밀 (2),AJR36478201,2066,0,0,1495,0.1684,3130,0,,9,
중앙정밀 (2),AJR36478203,3631,507,64,3069,0.3455,6232,0,,17,
중앙정밀 (2),AJR36479521,154,538,7,175,0.0201,872,0,,3,
중앙정밀 (2),AJR36618618,525,0,0,257,0.0683,780,0,,4,
중앙정밀 (2),AJR36618620,736,0,0,214,0.0969,949,0,,2,
중앙정밀 (2),AJR36618623,639,0,41,492,0.0841,1169,0,,4,
중앙정밀 (2),AJR36852201,774,0,0,63,0.0629,836,0,,3,
중앙정밀 (2),AJR55908801,2551,0,0,373,0.2097,2922,0,,3,
중앙정밀 (2),AJR62820102,568,0,0,359,0.074,924,0,,4,
중앙정밀 (2),AJR65521324,1051,1338,60,472,0.1388,2919,0,,5,
중앙정밀 (2),AJR69405502,529,1444,28,698,0.0689,2694,0,,10,
중앙정밀 (2),AJR69405508,572,0,7,398,0.0745,975,0,,4,
중앙정밀 (2),AJR72586225,1935,100,23,603,0.2556,2660,0,,5,
중앙정밀 (2),AJR72926201,1010,0,0,259,0.082,1268,0,,4,
중앙정밀 (2),AJR72945005,814,0,20,317,0.1057,1150,0,,3,
중앙정밀 (2),AJR73005509,279,0,0,140,0.0364,418,0,,3,
중앙정밀 (2),AJR73040829,255,0,0,92,0.0337,346,0,,1,
중앙정밀 (2),AJR73042301,196,1076,14,386,0.0256,1670,0,,6,
중앙정밀 (2),AJR73063201,110,0,0,79,0.009,188,0,,2,
중앙정밀 (2),AJR73063202,97,0,0,80,0.0126,176,0,,2,
중앙정밀 (2),AJR73069601,1048,0,0,342,0.0857,1386,0,,6,
중앙정밀 (2),AJR73069602,439,0,0,231,0.0427,667,0,,4,
중앙정밀 (2),AJR73165501,3251,0,0,463,0.267,3711,0,,5,
중앙정밀 (2),AJR73182701,208,0,0,197,0.0271,403,0,,2,
중앙정밀 (2),AJR73323802,699,0,0,199,0.0923,897,0,,2,
중앙정밀 (2),AJR73682805,740,0,0,195,0.0964,934,0,,1,
중앙정밀 (2),AJR73767314,154,0,0,88,0.0201,242,0,,1,
중앙정밀 (2),AJR73768805,229,0,0,102,0.0299,331,0,,1,
중앙정밀 (2),AJR73802705,351,176,34,339,0.0458,899,0,,5,
중앙정밀 (2),AJR73898602,129,0,0,69,0.0169,198,0,,1,
중앙정밀 (2),AJR73946113,66,0,0,53,0.0086,118,0,,1,
중앙정밀 (2),AJR73964609,481,0,0,146,0.0395,627,0,,2,
중앙정밀 (2),AJR73964904,994,0,0,311,0.1295,1304,0,,2,
중앙정밀 (2),AJR73967513,187,0,0,106,0.0244,292,0,,1,
중앙정밀 (2),AJR74007502,3387,0,0,721,0.4478,4105,0,,5,
중앙정밀 (2),AJR74107914,1518,150,24,443,0.1983,2133,0,,6,
중앙정밀 (2),AJR74204001,155,0,0,113,0.0202,267,0,,3,
중앙정밀 (2),AJR74242480,973,0,0,108,0.1279,1080,0,,2,
중앙정밀 (2),AJR74268901,366,0,0,108,0.0483,473,0,,1,
중앙정밀 (2),AJR74364911,761,0,0,281,0.1004,1039,0,,5,
중앙정밀 (2),AJR74364920,1281,1215,97,1115,0.1421,3705,0,,13,
중앙정밀 (2),AJR74364925,672,0,0,344,0.0881,1014,0,,4,
중앙정밀 (2),AJR74423402,43,0,0,47,0.0056,89,0,,1,
중앙정밀 (2),AJR74423403,114,0,0,85,0.0149,199,0,,1,
중앙정밀 (2),AJR74803541,299,1076,40,666,0.039,2079,0,,6,
중앙정밀 (2),AJR74843602,140,0,0,88,0.0182,226,0,,3,
중앙정밀 (2),AJR74943201,461,2035,42,576,0.0609,3113,0,,8,
중앙정밀 (2),AJR74943202,0,1961,27,306,0.0,2294,0,,5,
중앙정밀 (2),AJR74963101,377,1552,110,576,0.0498,2613,0,,6,
중앙정밀 (2),AJR74963102,0,2946,125,617,0.0,3686,0,,10,
중앙정밀 (2),AJR74964810,1421,0,0,212,0.1875,1632,0,,2,
중앙정밀 (2),AJR74983905,85,0,0,57,0.011,141,0,,1,
중앙정밀 (2),AJR74984303,510,0,0,212,0.0674,721,0,,3,
중앙정밀 (2),AJR74984303-1-1,120,6685,193,1628,0.3863,8506,0,,13,
중앙정밀 (2),AJR74984303-1-2,59,2702,139,1112,0.1981,3952,0,,10,
중앙정밀 (2),AJR74984304,476,0,0,129,0.0628,605,0,,1,
중앙정밀 (2),AJR74984305-1-1,120,8376,193,1628,0.3863,10197,0,,13,
중앙정밀 (2),AJR74984305-1-2,59,3036,139,1112,0.1981,4286,0,,10,
중앙정밀 (2),AJR74985503,820,700,79,669,0.1069,2266,0,,7,
중앙정밀 (2),AJR74985504,414,0,0,215,0.054,628,0,,3,
중앙정밀 (2),AJR75463101,3491,716,37,893,0.4616,5130,0,,14,
중앙정밀 (2),AJR75463101-1-1,13,1116,29,183,0.0476,1327,0,,4,
중앙정밀 (2),AJR75463108,738,0,0,168,0.0977,906,0,,1,
중앙정밀 (2),AJR75463110,440,0,0,110,0.0582,549,0,,1,
중앙정밀 (2),AJR75463512,148,0,0,109,0.0193,256,0,,2,
중앙정밀 (2),AJR75483401,3150,1832,85,1032,0.4165,6091,0,,15,
중앙정밀 (2),AJR75483701,2679,120,37,813,0.3537,3642,0,,14,
중앙정밀 (2),AJR75504001,1292,85,18,327,0.1705,1721,0,,4,
중앙정밀 (2),AJR75544223,190,0,0,53,0.0252,243,0,,1,
중앙정밀 (2),AJR75563501,103,0,0,69,0.0134,171,0,,2,
중앙정밀 (2),AJR75584501,104,0,0,55,0.0134,158,0,,2,
중앙정밀 (2),AJR75604703,3763,2483,58,1041,0.4975,7341,0,,11,
중앙정밀 (2),AJR75624401,122,0,0,91,0.0154,213,0,,3,
중앙정밀 (2),AJR75624402,582,0,0,205,0.0762,785,0,,4,
중앙정밀 (2),AJR75645604,315,261,54,417,0.0411,1044,0,,5,
중앙정밀 (2),AJR75645605,429,261,54,453,0.0559,1193,0,,5,
중앙정밀 (2),AJR75645606,397,346,54,490,0.0517,1284,0,,7,
중앙정밀 (2),AJR75702302,481,261,54,454,0.0627,1247,0,,5,
중앙정밀 (2),AJR75711401,849,766,64,1025,0.1106,2700,0,,8,
중앙정밀 (2),AJR75711504,1234,1543,35,564,0.1629,3374,0,,6,
중앙정밀 (2),AJR75712102,177,0,0,57,0.0231,233,0,,1,
중앙정밀 (2),AJR75743204,723,1126,57,644,0.0942,2547,0,,7,
중앙정밀 (2),AJR75743207,687,749,27,569,0.0895,2029,0,,10,
중앙정밀 (2),AJR75743209,3746,1644,197,1683,0.4948,7264,0,,11,
중앙정밀 (2),AJR75743302,1510,1746,48,1243,0.1974,4540,0,,14,
중앙정밀 (2),AJR75744515,1957,0,0,175,0.2588,2131,0,,1,
중앙정밀 (2),AJR75747504,785,0,0,470,0.0989,1252,0,,5,
중앙정밀 (2),AJR75763103,1075,55,30,412,0.1395,1569,0,,4,
중앙정밀 (2),AJR75802501,465,1076,27,553,0.0606,2118,0,,8,
중앙정밀 (2),AJR75918402,355,0,7,296,0.0463,656,0,,4,
중앙정밀 (2),AJR75962501,1238,0,0,371,0.1623,1607,0,,4,
중앙정밀 (2),AJR76322601,964,0,0,347,0.1273,1309,0,,5,
중앙정밀 (2),AJR76322701,431,685,60,406,0.0568,1579,0,,5,
중앙정밀 (2),AJR76363001,90,0,0,67,0.0118,157,0,,1,
중앙정밀 (2),AJR76363002,1485,0,0,210,0.1963,1695,0,,2,
중앙정밀 (2),AJR76363201,1810,1253,35,606,0.2389,3700,0,,8,
중앙정밀 (2),AJR76402407,831,0,0,150,0.1096,980,0,,1,
중앙정밀 (2),AJR76442701,45,0,0,41,0.0056,85,0,,1,
중앙정밀 (2),AJR76442702,36,0,0,40,0.0045,76,0,,1,
중앙정밀 (2),AJR76463401,0,2916,60,599,0.0,3575,0,,4,
중앙정밀 (2),AJR76502605,0,252,16,193,0.0,461,0,,2,
중앙정밀 (2),AJR76522501,220,0,0,193,0.0286,410,0,,3,
중앙정밀 (2),AJR76523001,302,5891,72,822,0.0396,7083,0,,13,
중앙정밀 (2),AJR76523008,883,0,0,213,0.1166,2031,0,,2,
중앙정밀 (2),AJR76982501,255,0,0,81,0.0337,335,0,,1,
중앙정밀 (2),AJR77163403,613,450,11,405,0.0803,1476,0,,5,
중앙정밀 (2),AJR77164003,79,0,0,48,0.0104,126,0,,1,
중앙정밀 (2),AJR77171201,6429,1560,73,2270,0.8156,10321,0,,22,
중앙정밀 (2),AJR77188701,1130,685,30,538,0.1492,2381,0,,6,
중앙정밀 (2),AJR77202901,2073,0,0,408,0.2741,2479,0,,3,
중앙정밀 (2),AJR77224505,4723,2466,131,1213,0.6247,8529,0,,10,
중앙정밀 (2),AJR77224506,443,685,37,395,0.0585,1558,0,,5,
중앙정밀 (2),AJR77224507,1054,682,32,498,0.1391,2265,0,,4,
중앙정밀 (2),AJR77224508,1918,1504,62,745,0.2535,4227,0,,6,
중앙정밀 (2),AJR77224901,509,0,0,157,0.0672,666,0,,1,
중앙정밀 (2),AJR77225301,5025,120,23,1812,0.6635,6973,0,,17,
중앙정밀 (2),AJR77225303,5363,120,23,1560,0.4142,7058,0,,16,
중앙정밀 (2),AJR77225304,745,0,0,174,0.0575,918,0,,1,
중앙정밀 (2),AJR77263004,519,0,0,152,0.0685,670,0,,1,
중앙정밀 (2),AJR77263005,618,0,0,212,0.0816,829,0,,1,
중앙정밀 (2),AJR77263007,904,0,0,0,0.0698,0,0,,1,
중앙정밀 (2),AJR77263009,759,0,0,169,0.0586,927,0,,1,
중앙정밀 (2),MJU61861611,217,0,0,63,0.0287,279,0,,1,
중앙정밀 (2),MJU61861617,157,0,0,57,0.0207,214,0,,1,
중앙정밀 (2),MJU61861618,144,0,0,56,0.0189,199,0,,1,
중앙정밀 (2),MJU61880501,297,0,0,104,0.0392,400,0,,1,
중앙정밀 (2),MJU61880502,242,0,0,99,0.0319,340,0,,1,
중앙정밀 (2),MJU61880503,200,0,0,95,0.0264,294,0,,1,
중앙정밀 (2),MJU62030601,63,0,0,44,0.0083,106,0,,1,
중앙정밀 (2),MJU62032701,427,0,0,94,0.0564,520,0,,1,
중앙정밀 (2),MJU62614301,320,0,0,104,0.0417,423,0,,1,
중앙정밀 (2),MJU63358401,372,0,0,120,0.0491,491,0,,1,
중앙정밀 (2),MJU63358402,303,0,0,149,0.04,451,0,,1,
중앙정밀 (2),MJU63470901,553,0,0,142,0.073,694,0,,1,
중앙정밀 (2),MJU63470903,144,0,0,71,0.0189,214,0,,1,
중앙정밀 (2),MJU63501512,296,0,0,99,0.039,394,0,,1,
중앙정밀 (2),MJU63501513,163,0,0,55,0.0215,218,0,,1,
중앙정밀 (2),MJU63501514,163,0,0,70,0.0215,233,0,,1,
중앙정밀 (2),MJU63746501,64,0,0,39,0.0083,102,0,,1,
중앙정밀 (2),MJU64856607,230,0,0,98,0.03,327,0,,1,
중앙정밀 (2),MJU64856608,230,0,0,98,0.03,327,0,,1,
중앙정밀 (2),MJU64856609,129,0,0,89,0.0169,217,0,,1,
중앙정밀 (2),MJU64856610,196,0,0,95,0.0256,291,0,,1,
중앙정밀 (2),MJU64856611,196,0,0,95,0.0256,291,0,,1,
중앙정밀 (2),MJU64856612,129,0,0,89,0.0169,217,0,,1,
중앙정밀 (2),MJU64907007,127,0,0,71,0.0165,197,0,,2,
중앙정밀 (2),SAMPLE,1551,0,0,203,0.126,1753,0,,2,
케이비 (2),5210A23376A,174,0,0,84,0.023,258,0,,1,
케이비 (2),5210A31629A,60,0,0,48,0.0048,108,0,,1,
케이비 (2),5210A31630A,168,0,0,91,0.0133,258,0,,1,
케이비 (2),5210A31631A,140,0,0,89,0.0111,228,0,,1,
케이비 (2),5211A11604A,918,0,0,460,0.0584,1376,0,,5,
케이비 (2),5211A21811B,580,0,0,540,0.0756,1115,0,,7,
케이비 (2),5211A23363A,1025,0,0,386,0.1349,1409,0,,5,
케이비 (2),5211A39010A,439,0,0,362,0.0553,798,0,,5,
케이비 (2),ACQ30605001,223,0,0,101,0.0154,324,0,,1,
케이비 (2),ACQ30662801,841,0,33,503,0.0547,1374,0,,3,
케이비 (2),ACQ30662801-16-1,0,0,0,0,0.0,0,0,,0,
케이비 (2),ADM72950701,1303,0,0,219,0.0857,1522,0,,1,
케이비 (2),ADM72950714,1059,0,0,207,0.1402,1265,0,,1,
케이비 (2),ADM72950717,5088,0,0,783,0.2975,5869,0,,3,
케이비 (2),AHQ734693001,0,1040,36,312,0.0,1388,0,,2,
케이비 (2),AHQ73469301,4126,0,0,755,0.307,4877,0,,7,
케이비 (2),AHQ73469301-16-1,339,0,0,64,0.0169,402,0,,1,
케이비 (2),AJJ73040838,648,0,0,203,0.0448,851,0,,2,
케이비 (2),AJJ73898602,1253,0,0,294,0.083,1546,0,,3,
케이비 (2),AJJ73898612,3904,0,0,989,0.4594,4890,0,,7,
케이비 (2),AJJ75358446,4805,2525,83,1220,0.3266,8631,0,,6,
케이비 (2),AJJ75639406,609,0,0,144,0.0806,753,0,,1,
케이비 (2),AJJ75639409,2342,0,0,336,0.1616,2677,0,,1,
케이비 (2),AJJ75838620,1491,2418,145,1514,0.0835,5563,0,,12,
케이비 (2),AJJ76418704,608,0,0,175,0.0802,782,0,,2,
케이비 (2),AJR30007603,1076,0,0,179,0.0732,1255,0,,1,
케이비 (2),AJR30007604,688,0,0,149,0.0471,836,0,,1,
케이비 (2),AJR30009002,1394,0,0,189,0.0956,1582,0,,1,
케이비 (2),AJR30009003,1259,0,0,288,0.0863,1546,0,,2,
케이비 (2),AJR30009401,943,0,0,168,0.0641,1110,0,,1,
케이비 (2),AJR30009402,905,0,0,148,0.0615,1052,0,,1,
케이비 (2),AJR30010701,2311,0,0,265,0.1586,2576,0,,1,
케이비 (2),AJR30010702,3816,0,0,557,0.2617,4372,0,,3,
케이비 (2),AJR30012009,86,0,0,48,0.0057,133,0,,1,
케이비 (2),AJR30012101,8462,6502,176,2113,0.4231,17248,0,,11,
케이비 (2),AJR30012101-16-1,559,0,0,171,0.0279,729,0,,1,
케이비 (2),AJR30012101-16-2,0,0,0,0,0.0,0,0,,0,
케이비 (2),AJR30012101-16-3,1663,0,0,218,0.0832,1881,0,,1,
케이비 (2),AJR30019901,806,0,0,220,0.1064,1025,0,,1,
케이비 (2),AJR30027708,207,0,0,76,0.0273,282,0,,1,
케이비 (2),AJR30033101,10433,0,0,1377,0.6817,11808,0,,5,
케이비 (2),AJR30051301,1110,0,0,177,0.0688,1286,0,,1,
케이비 (2),AJR30060701-16-1,293,0,0,107,0.0191,399,0,,1,
케이비 (2),AJR30060703,1518,287,48,820,0.1026,2671,0,,5,
케이비 (2),AJR30060704,1833,507,48,995,0.1177,3381,0,,6,
케이비 (2),AJR30060704-16-1,0,0,0,0,0.0,0,0,,0,
케이비 (2),AJR30060707,3807,2347,65,1192,0.1903,7408,0,,8,
케이비 (2),AJR30060707-16-1,0,0,0,0,0.0,0,0,,0,
케이비 (2),AJR30060805,467,0,0,181,0.0289,647,0,,2,
케이비 (2),AJR30063602,2459,0,0,438,0.3253,2897,0,,2,
케이비 (2),AJR30064401,1672,0,0,227,0.2215,1898,0,,1,
케이비 (2),AJR30065824,666,0,0,186,0.0881,852,0,,1,
케이비 (2),AJR30065901,0,440,49,196,0.0,651,0,,3,
케이비 (2),AJR30065902,2986,0,0,834,0.3949,3818,0,,6,
케이비 (2),AJR30069601,47,0,0,47,0.0061,94,0,,1,
케이비 (2),AJR30071101,6478,0,0,849,0.4048,7326,0,,4,
케이비 (2),AJR30071102,4995,0,0,611,0.3127,5605,0,,2,
케이비 (2),AJR30075101,11959,3831,188,3749,0.886,19722,0,,12,
케이비 (2),AJR30075101-16-1,911,0,0,348,0.0705,1259,0,,1,
케이비 (2),AJR30079201,389,0,0,93,0.0306,482,0,,1,
케이비 (2),AJR30087001,1040,0,0,272,0.0717,1311,0,,3,
케이비 (2),AJR30087301,1132,0,0,237,0.0788,1368,0,,2,
케이비 (2),AJR30087401,1348,0,0,359,0.0937,1706,0,,3,
케이비 (2),AJR30102601,7603,2152,146,3062,0.4521,12952,0,,26,
케이비 (2),AJR30102601-16-1,0,0,0,0,0.0,0,0,,0,
케이비 (2),AJR30102601-16-2,0,0,0,0,0.0,0,0,,0,
케이비 (2),AJR30102601-16-3,0,0,0,0,0.0,0,0,,0,
케이비 (2),AJR30102602,1110,716,40,487,0.0729,2352,0,,4,
케이비 (2),AJR30102602-16-1,0,0,0,0,0.0,0,0,,0,
케이비 (2),AJR30103101,1065,0,0,192,0.0693,1256,0,,1,
케이비 (2),AJR30103102,1057,0,0,191,0.0688,1248,0,,1,
케이비 (2),AJR30103201,2516,0,0,656,0.165,3169,0,,6,
케이비 (2),AJR30103203,2304,0,0,581,0.1511,2882,0,,5,
케이비 (2),AJR30103301,744,0,0,165,0.0488,909,0,,1,
케이비 (2),AJR30103401,327,0,0,142,0.0214,468,0,,2,
케이비 (2),AJR30103402,617,0,0,106,0.0405,723,0,,1,
케이비 (2),AJR30106101,4720,2089,129,2839,0.3283,9769,0,,22,
케이비 (2),AJR30106101-16-1,181,0,0,64,0.0143,245,0,,1,
케이비 (2),AJR30106101-16-2,233,0,0,90,0.0152,322,0,,1,
케이비 (2),AJR30123001,2491,0,0,444,0.161,2932,0,,4,
케이비 (2),AJR30123401,3970,4266,148,2017,0.2611,10399,0,,12,
케이비 (2),AJR30123401-16-1,268,0,0,54,0.0177,321,0,,1,
케이비 (2),AJR30123401-16-2,0,0,0,0,0.0,0,0,,0,
케이비 (2),AJR30359801,745,0,0,592,0.0969,1333,0,,7,
케이비 (2),AJR328839,342,0,0,321,0.0443,661,0,,4,
케이비 (2),AJR34739818,1274,2936,150,1294,0.1683,5654,0,,7,
케이비 (2),AJR36541603,100,0,0,86,0.013,186,0,,1,
케이비 (2),AJR36618620,1675,0,0,224,0.2219,1899,0,,1,
케이비 (2),AJR37048404,2218,0,0,752,0.2928,2967,0,,7,
케이비 (2),AJR41630601,204,0,0,129,0.0266,333,0,,1,
케이비 (2),AJR52676202-16-1,1844,67,99,1322,0.1461,3330,0,,6,
케이비 (2),AJR52737614,2787,0,0,637,0.3686,3422,0,,4,
케이비 (2),AJR72367603,382,0,0,126,0.0497,507,0,,1,
케이비 (2),AJR72367702,2505,0,0,813,0.3252,3315,0,,8,
케이비 (2),AJR72367706,1544,0,0,266,0.1985,1809,0,,2,
케이비 (2),AJR72572902,196,0,0,93,0.0132,289,0,,1,
케이비 (2),AJR72910805,1376,0,0,415,0.1818,1790,0,,3,
케이비 (2),AJR72946805,102,0,0,77,0.0134,179,0,,1,
케이비 (2),AJR72952503,1689,0,0,578,0.2226,2264,0,,6,
케이비 (2),AJR72952603,321,0,0,121,0.0424,442,0,,1,
케이비 (2),AJR72953301,313,685,49,531,0.0413,1576,0,,4,
케이비 (2),AJR72982303,2784,0,0,330,0.2212,3114,0,,1,
케이비 (2),AJR73023302,242,0,0,99,0.0316,340,0,,1,
케이비 (2),AJR73062401,371,0,0,183,0.0487,552,0,,2,
케이비 (2),AJR73065501,911,0,0,343,0.0592,1253,0,,3,
케이비 (2),AJR73326639,3565,0,0,423,0.2482,3988,0,,1,
케이비 (2),AJR73767201,1405,0,0,224,0.0977,1628,0,,1,
케이비 (2),AJR73767202,827,0,0,181,0.1078,1008,0,,1,
케이비 (2),AJR73767208,1391,0,0,230,0.0937,1621,0,,1,
케이비 (2),AJR73767314,124,0,0,62,0.0164,186,0,,1,
케이비 (2),AJR73786401,181,0,0,76,0.0239,257,0,,1,
케이비 (2),AJR73803001,130,0,0,51,0.0084,181,0,,1,
케이비 (2),AJR73803002,103,0,0,49,0.0066,152,0,,1,
케이비 (2),AJR73804305,326,0,0,277,0.0423,602,0,,4,
케이비 (2),AJR73915607,1379,0,0,302,0.1821,1680,0,,2,
케이비 (2),AJR73915611,887,0,0,246,0.1168,1132,0,,2,
케이비 (2),AJR73945001,291,0,0,358,0.038,648,0,,3,
케이비 (2),AJR73952503,288,0,0,156,0.0381,444,0,,1,
케이비 (2),AJR73965601,2973,0,0,828,0.384,3799,0,,4,
케이비 (2),AJR73965602,2869,0,0,819,0.3701,3685,0,,4,
케이비 (2),AJR73982802,325,0,0,236,0.0422,560,0,,3,
케이비 (2),AJR73984806,1395,0,0,706,0.1841,2097,0,,8,
케이비 (2),AJR74005701,494,0,0,139,0.0322,633,0,,2,
케이비 (2),AJR74007502,0,1576,52,393,0.0,2020,0,,5,
케이비 (2),AJR74007502-16-1,1367,0,0,224,0.1808,1590,0,,1,
케이비 (2),AJR74007502-16-2,389,0,0,101,0.0513,489,0,,1,
케이비 (2),AJR74043402,194,0,0,78,0.0257,271,0,,1,
케이비 (2),AJR74162504,567,0,0,136,0.0369,703,0,,1,
케이비 (2),AJR74182302,1354,0,0,336,0.0925,1688,0,,4,
케이비 (2),AJR74182602,2429,0,0,53,0.1565,197,0,,2,
케이비 (2),AJR74203404,615,0,0,420,0.0795,1033,0,,3,
케이비 (2),AJR74224202,88,0,0,48,0.0054,135,0,,1,
케이비 (2),AJR74242401,254,0,0,212,0.0319,464,0,,3,
케이비 (2),AJR74242408,175,0,0,91,0.0111,266,0,,1,
케이비 (2),AJR74263316,580,0,0,775,0.0731,1351,0,,10,
케이비 (2),AJR74266005,3909,0,0,2118,0.4972,6019,0,,12,
케이비 (2),AJR74290701,212,0,0,433,0.0271,642,0,,3,
케이비 (2),AJR74385601,559,0,0,358,0.0729,914,0,,4,
케이비 (2),AJR74385604,996,0,0,165,0.1315,1160,0,,1,
케이비 (2),AJR74385607,267,0,0,161,0.0349,427,0,,2,
케이비 (2),AJR74444508,321,2733,116,1264,0.0416,4433,0,,9,
케이비 (2),AJR74482401,508,0,0,145,0.0415,652,0,,1,
케이비 (2),AJR74488601,1022,1008,40,1109,0.1241,3173,0,,10,
케이비 (2),AJR74488601-16-1,82,0,0,61,0.0107,143,0,,1,
케이비 (2),AJR74488601-16-2,53,0,0,37,0.007,90,0,,1,
케이비 (2),AJR74488604,1046,1008,40,985,0.1056,3074,0,,9,
케이비 (2),AJR74488604-16-1,79,0,0,94,0.0103,173,0,,1,
케이비 (2),AJR74488604-16-2,28,0,0,34,0.0036,62,0,,1,
케이비 (2),AJR74524701,151,0,0,72,0.0103,223,0,,1,
케이비 (2),AJR74643301,1787,0,0,276,0.1136,2062,0,,1,
케이비 (2),AJR74663701,1944,0,0,306,0.1236,2249,0,,1,
케이비 (2),AJR74803521-16-1,286,0,0,87,0.016,372,0,,2,
케이비 (2),AJR74823101,486,0,0,394,0.0631,878,0,,5,
케이비 (2),AJR74844101,620,0,0,452,0.0805,1069,0,,6,
케이비 (2),AJR74963002,191,0,0,166,0.0248,357,0,,2,
케이비 (2),AJR74984402,4064,0,0,900,0.5363,4961,0,,6,
케이비 (2),AJR74984403,4264,0,0,608,0.5558,4870,0,,3,
케이비 (2),AJR75062906,2443,0,0,909,0.2695,3347,0,,11,
케이비 (2),AJR75062907,201,0,0,74,0.0135,275,0,,1,
케이비 (2),AJR75104030,143,0,0,120,0.0187,261,0,,2,
케이비 (2),AJR75104601,735,0,0,445,0.0466,1178,0,,5,
케이비 (2),AJR75242814,849,1514,164,1347,0.0847,3869,0,,10,
케이비 (2),AJR75242814-16-1,425,0,0,240,0.0401,664,0,,2,
케이비 (2),AJR75242816-16-1,287,0,0,126,0.0215,413,0,,1,
케이비 (2),AJR75243124,642,0,0,517,0.0768,1156,0,,5,
케이비 (2),AJR75243125,2177,757,41,839,0.1666,3811,0,,6,
케이비 (2),AJR75462802,979,0,0,197,0.1292,1175,0,,1,
케이비 (2),AJR75462803,1282,0,0,225,0.1693,1507,0,,1,
케이비 (2),AJR75463503,2845,0,0,505,0.3756,3348,0,,3,
케이비 (2),AJR75464301,603,0,0,405,0.0781,1004,0,,5,
케이비 (2),AJR75464302,604,0,0,422,0.0784,1023,0,,5,
케이비 (2),AJR75464602,458,0,0,101,0.0604,559,0,,1,
케이비 (2),AJR75483602,1516,0,0,229,0.2002,1745,0,,1,
케이비 (2),AJR75563701,3607,0,0,1800,0.4621,5401,0,,13,
케이비 (2),AJR75563702,11031,0,0,2178,1.3911,12910,0,,22,
케이비 (2),AJR75604801,12693,0,0,1209,0.6347,13902,0,,1,
케이비 (2),AJR75623703,3847,0,0,607,0.5078,4452,0,,3,
케이비 (2),AJR75643001,232,0,0,189,0.0299,421,0,,2,
케이비 (2),AJR75645201,1776,0,0,731,0.2277,2503,0,,7,
케이비 (2),AJR75662347,1437,246,41,485,0.111,2207,0,,5,
케이비 (2),AJR75662348,2019,0,0,310,0.1302,2329,0,,1,
케이비 (2),AJR75662349,0,478,0,0,0.0,478,0,,6,
케이비 (2),AJR75662349-16-1,3171,0,0,539,0.2468,3709,0,,2,
케이비 (2),AJR75662350,0,239,0,0,0.0,239,0,,3,
케이비 (2),AJR75662350-16-1,1482,0,0,261,0.1139,1742,0,,1,
케이비 (2),AJR75704003,822,0,0,151,0.1085,973,0,,1,
케이비 (2),AJR75709904,1050,0,0,189,0.0651,1238,0,,1,
케이비 (2),AJR75711901,251,0,0,91,0.0332,342,0,,1,
케이비 (2),AJR75712801,432,0,0,297,0.0563,725,0,,5,
케이비 (2),AJR75713001,1344,682,32,664,0.1155,2719,0,,8,
케이비 (2),AJR75713001-16-1,130,0,0,63,0.0169,193,0,,1,
케이비 (2),AJR75713101,269,0,0,173,0.0349,441,0,,2,
케이비 (2),AJR75713301,952,0,0,341,0.1257,1292,0,,2,
케이비 (2),AJR75747504,1255,0,0,463,0.0627,1716,0,,4,
케이비 (2),AJR75805201,391,0,0,225,0.0507,614,0,,3,
케이비 (2),AJR75826401,1395,0,0,438,0.1837,1829,0,,5,
케이비 (2),AJR75827603-16-1,568,861,34,812,0.0429,2272,0,,7,
케이비 (2),AJR75962501,2358,0,0,628,0.2154,2983,0,,5,
케이비 (2),AJR76363001,2990,0,0,507,0.2919,3496,0,,3,
케이비 (2),AJR76363002,1456,0,0,198,0.096,1654,0,,1,
케이비 (2),AJR76385604,0,0,0,0,0.0,0,0,,0,
케이비 (2),AJR76462629,165,0,0,96,0.0215,260,0,,2,
케이비 (2),AJR76502618,1692,0,0,389,0.0846,2078,0,,3,
케이비 (2),AJR76562811,121,0,0,70,0.0075,190,0,,1,
케이비 (2),AJR76582801,955,0,0,640,0.1203,1592,0,,6,
케이비 (2),AJR76823101,657,0,0,179,0.0868,836,0,,2,
케이비 (2),AJR77142502,3586,0,0,1254,0.3907,4836,0,,7,
케이비 (2),AJR77187802,54,0,0,67,0.0071,121,0,,1,
케이비 (2),AJR77188801,4955,0,0,667,0.3087,5620,0,,4,
케이비 (2),AJR77189101,83,0,0,84,0.0107,167,0,,1,
케이비 (2),AJR77189103,160,0,0,151,0.0208,310,0,,2,
케이비 (2),AJR77202301,3531,0,0,600,0.4661,4128,0,,4,
케이비 (2),AJR77202901,510,0,0,166,0.0674,676,0,,2,
케이비 (2),AJR77222902,1714,0,0,266,0.1193,1980,0,,1,
케이비 (2),AJR77224501,244,0,0,82,0.0322,325,0,,1,
케이비 (2),AJR77224805,3274,0,0,548,0.4322,3819,0,,5,
케이비 (2),AJR77225303,5878,0,153,1456,0.3965,7328,0,,19,
케이비 (2),AJR77263009,976,0,0,173,0.0668,1148,0,,1,
케이비 (2),AJT75744143-16-1,435,0,0,93,0.0295,527,0,,1,
케이비 (2),MJU37361117,372,0,0,123,0.0296,494,0,,1,
케이비 (2),MJU47941706,3796,0,0,406,0.2425,4202,0,,1,
케이비 (2),MJU60436406,350,0,0,85,0.0284,435,0,,1,
케이비 (2),MJU61940002,1667,0,0,267,0.1348,1934,0,,1,
케이비 (2),MJU61942901,661,0,0,195,0.0408,855,0,,2,
케이비 (2),MJU62096501-1,0,0,0,0,0.0,0,0,,0,
케이비 (2),MJU62918101,610,0,0,112,0.0493,721,0,,1,
케이비 (2),MJU62918102,464,0,0,97,0.0375,560,0,,1,
케이비 (2),MJU63407306,101,0,0,49,0.008,149,0,,1,
케이비 (2),MJU63616901,102,0,0,49,0.0083,151,0,,1,
케이비 (2),MJU63787801,560,0,0,151,0.039,711,0,,1,
케이비 (2),MJU63908201,1421,0,0,248,0.1129,1668,0,,1,
케이비 (2),MJU63947901,1514,0,0,273,0.1203,1786,0,,1,
케이비 (2),MJU64671117,603,0,0,142,0.0401,744,0,,1,
케이비 (2),MJU64671118,765,0,0,157,0.0509,922,0,,1,
케이비 (2),MJU64856601,508,0,0,119,0.0317,626,0,,1,
케이비 (2),MJU64856602,508,0,0,119,0.0317,626,0,,1,
케이비 (2),MJU64856603,288,0,0,101,0.018,388,0,,1,
케이비 (2),MJU64856604,288,0,0,101,0.018,388,0,,1,
케이비 (2),MJU64856605,498,0,0,118,0.0311,615,0,,1,
케이비 (2),MJU64856606,498,0,0,118,0.0311,615,0,,1,
케이비 (2),MJU66503301,670,0,0,124,0.0411,793,0,,1,
케이비 (2),MJU66548505,687,0,0,133,0.0555,820,0,,1,
케이비 (2),MJU66548901,387,0,0,124,0.0307,510,0,,1,
케이비 (2),MJU66566803,2191,0,0,301,0.1526,2492,0,,1,
케이비 (2),MJU66763402,2216,0,0,258,0.1415,2474,0,,1,
케이비 (2),MJU66763405,2397,0,0,273,0.1531,2670,0,,1,
케이비 (2),MJU66870401,2784,0,0,322,0.1939,3105,0,,1,
