협력사,품번,품명,metal,DxTxL
대원산업,5210A23089A,pinch off,CU,6.35x0.7x143.0
대원산업,5210A23089D,Tube Connector,CU,6.35x0.7x192.0
대원산업,AJR30073603-12-1,"Tube,Connector",,0.0x0.0x0.0
대원산업,MJU00743201,Tube Connector,CU,12.7x0.8x104.0
대원산업,MJU00777211,Tube Connector,고강도,22.2x1.0x269.0
대원산업,MJU30589201,"Tube,Connector",CU,6.35x0.7x59.0
대원산업,MJU42282703,"Tube,Connector",CU,6.35x0.7x194.0
대원산업,MJU61942802,"Tube,Connector",CU,9.52x0.7x62.0
대원산업,MJU61986601,"Tube,Connector",CU,7.0x0.7x200.0
대원산업,MJU61986701,"Tube,Connector",CU,7.0x0.7x198.0
대원산업,MJU61986801,"Tube,Connector",CU,7.0x0.7x215.0
대원산업,MJU63436501,"Tube,Connector",CU,6.35x0.7x171.0
대원산업,MJU63648301,"Tube,Connector",CU,7.0x0.7x165.0
대원산업,MJU63648302,"Tube,Connector",CU,7.0x0.7x180.0
대원산업,MJU63648303,"Tube,Connector",CU,7.0x0.7x170.0
대원산업,MJU63648304,"Tube,Connector",CU,7.0x0.7x182.0
대원산업,MJU64963001,"Tube,Connector",CU,6.35x0.7x153.0
대원산업,MJU64987004,"Tube,Connector",CU,9.52x0.7x497.0
대원산업,MJU65048401,Tube Connector,CU,6.35x0.7x136.0
대원산업,MJU65149402,"Tube,Connector",CU,12.7x0.8x255.0
대원산업,MJU65587701,"Tube,Connector",CU,12.7x0.8x72.0
대원산업,MJU65587801,"Tube,Connector",CU,15.88x1.0x255.0
대원산업,MJU65587802,"Tube,Connector",CU,15.88x1.0x255.0
대원산업,MJU65626403,"Tube,Connector",CU,12.7x0.8x84.0
대원산업,MJU65626509,"Tube,Connector",CU,15.88x1.0x85.0
대원산업,MJU66266606,"Tube,Connector",CU,15.88x1.0x735.0
대원산업,MJU66478501,Tube Connector,CU,12.7x0.8x67.0
대원산업,MJU66507023,"Tube,Connector",CU,12.7x0.8x205.0
대원산업,MJU66773701,"Tube,Connector",CU,12.7x0.8x377.0
대원산업,MJU66798704,"Tube,Connector",CU,22.2x1.2x68.0
대원산업,MJU66801001,"Tube,Connector",CU,22.2x1.2x343.0
대원산업,MJU66818901,"Tube,Connector",CU,12.7x0.8x62.0
대원산업,MJU66824501,Tube Connector,CU,12.7x0.8x57.0
대원산업,MJU66829601,"Tube,Connector",CU,12.7x0.8x54.0
대원산업,MJU66829701,"Tube,Connector",CU,12.7x0.8x286.0
대원산업,MJU66930301,Tube Connector,고강도,7.0x0.55x61.0
대원산업,MJU66958401,Tube Connector,CU,12.7x0.8x55.8
명진산업,MJU00698801,"Tube,Connector",CU,4.76x0.7x308.0
명진산업,MJU00702401,Tube Connector,CU,4.76x0.7x304.0
명진산업,MJU00702402,Tube Connector,CU,4.76x0.7x303.0
명진산업,MJU00702403,Tube Connector,CU,4.76x0.7x305.0
명진산업,MJU00702405,Tube Connector,CU,4.76x0.7x306.0
명진산업,MJU00702406,Tube Connector,CU,4.76x0.7x479.0
명진산업,MJU00702407,Tube Connector,CU,4.76x0.7x306.0
명진산업,MJU00702409,Tube Connector,CU,4.76x0.7x103.0
명진산업,MJU00788501,"Tube,Connector",CU,3.2x0.6x215.0
명진산업,MJU00788502,"Tube,Connector",CU,3.2x0.6x113.0
명진산업,MJU00788503,"Tube,Connector",CU,3.2x0.6x272.0
명진산업,MJU00788504,"Tube,Connector",CU,3.2x0.6x135.0
명진산업,MJU42805403,"Tube,capillary",CU,2.6x0.7x250.0
명진산업,MJU61346401,Tube Connector,CU,4.0x0.6x824.0
명진산업,MJU61346601,Tube Connector,CU,4.0x0.6x824.0
명진산업,MJU61351101,Tube Connector,CU,4.0x0.6x824.0
명진산업,MJU61351201,Tube Connector,CU,4.0x0.6x1074.0
명진산업,MJU61351501,Tube Connector,CU,4.0x0.6x924.0
명진산업,MJU61351601,Tube Connector,CU,4.0x0.6x265.0
명진산업,MJU61351801,Tube Connector,CU,4.0x0.6x1074.0
명진산업,MJU61380001,"Tube,Connector",CU,4.76x0.7x533.0
명진산업,MJU61380201,"Tube,Connector",CU,4.76x0.7x743.0
명진산업,MJU61380401,"Tube,Connector",CU,4.76x0.7x744.0
명진산업,MJU61380501,"Tube,Connector",CU,4.76x0.7x953.0
명진산업,MJU61382801,"Tube,Connector",CU,4.76x0.7x1103.0
명진산업,MJU61382901,"Tube,Connector",CU,4.76x0.7x1363.0
명진산업,MJU61387701,"Tube,Connector",CU,4.76x0.7x533.0
명진산업,MJU61940501,Tube Connector,CU,9.52x0.7x51.0
명진산업,MJU62078701,Tube Connector,CU,4.76x0.7x268.0
명진산업,MJU62078802,Tube Connector,CU,4.76x0.7x263.0
명진산업,MJU62791001,"Tube,Connector",CU,4.0x0.7x380.0
명진산업,MJU63009003,"Tube,Connector",CU,6.35x0.7x995.0
명진산업,MJU64093707,Tube Connector,CU,4.76x0.7x289.0
명진산업,MJU64093708,Tube Connector,CU,4.76x0.7x257.0
명진산업,MJU64093709,Tube Connector,CU,4.76x0.7x377.0
명진산업,MJU64093710,Tube Connector,CU,4.76x0.7x462.0
명진산업,MJU64794201,"Tube,Connector",CU,6.35x0.7x176.0
명진산업,MJU64794202,"Tube,Connector",CU,6.35x0.7x178.0
명진산업,MJU64794302,"Tube,Connector",CU,9.52x0.7x167.0
명진산업,MJU64794402-19-1,"Tube,Connector",CU,0.0x0.0x0.0
명진산업,MJU64921201-19-1,"Tube,Connector",CU,0.0x0.0x0.0
명진산업,MJU65849601,"Tube,Connector",CU,9.52x0.7x74.0
명진산업,MJU66507047,"Tube,Connector",CU,6.35x0.7x105.0
명진산업,MJU66507048,"Tube,Connector",CU,9.52x0.7x320.0
명진산업,MJU66507049,"Tube,Connector",CU,9.52x0.7x164.0
명진산업,MJU66548501,"Tube,Connector",CU,9.52x0.7x302.0
명진산업,MJU66548502,"Tube,Connector",CU,9.52x0.7x241.0
명진산업,MJU66889701,"Tube,Connector",CU,3.2x0.6x136.0
명진산업,MJU66889701-19-1,"Tube,Connector",CU,3.2x0.6x136.0
명진산업,MJU66889801,"Tube,Connector",CU,3.2x0.6x136.0
명진산업,MJU66889801-19-1,"Tube,Connector",CU,3.2x0.6x136.0
명진산업,MJU66889901-19-1,"Tube,Connector",CU,4.0x0.6x252.0
명진산업,MJU66890001-19-1,"Tube,Connector",CU,4.0x0.6x246.0
명진산업,MJU66900304,"Tube,Connector",CU,6.35x0.7x642.0
미래정밀,5210A26667G,"Tube,Connector",CU,6.35x0.7x180.0
미래정밀,5210A26761A,Tube Connector,CU,6.35x0.7x70.0
미래정밀,5210A26762A,Tube Connector,CU,6.35x0.7x205.0
미래정밀,5210A26764A,Tube Connector,CU,6.35x0.7x68.0
미래정밀,5210A26764B,Tube Connector,CU,6.35x0.7x407.0
미래정밀,5210A26768A,Tube Connector,CU,6.35x0.7x190.0
미래정밀,5210A30554F,Tube Connector,CU,7.0x0.7x46.0
미래정밀,5210A30846A,Tube Connector,CU,7.0x0.7x85.0
미래정밀,AJR68019502-4-2,"Tube,Connector",,0.0x0.0x0.0
미래정밀,MJU00702205,Tube Connector,CU,15.88x1.0x92.0
미래정밀,MJU00750604,Tube Connector,CU,7.0x0.7x131.8
미래정밀,MJU00750605,Tube Connector,CU,7.0x0.7x147.1
미래정밀,MJU00776601,Tube Connector,고강도,9.52x0.55x433.0
미래정밀,MJU00776602,Tube Connector,고강도,9.52x0.55x529.0
미래정밀,MJU00776603,Tube Connector,고강도,9.52x0.55x243.0
미래정밀,MJU00776605,Tube Connector,고강도,9.52x0.55x225.0
미래정밀,MJU00792311,Tube Connector,CU,9.52x0.7x112.0
미래정밀,MJU00792312,Tube Connector,CU,9.52x0.7x114.0
미래정밀,MJU00792313,Tube Connector,CU,9.52x0.7x105.0
미래정밀,MJU00792314,Tube Connector,CU,9.52x0.7x401.0
미래정밀,MJU00792315,Tube Connector,CU,9.52x0.7x53.0
미래정밀,MJU00792316,Tube Connector,CU,9.52x0.7x134.0
미래정밀,MJU00792317,Tube Connector,CU,9.52x0.7x63.0
미래정밀,MJU00792318,Tube Connector,CU,9.52x0.7x112.0
미래정밀,MJU00792319,Tube Connector,CU,9.52x0.7x73.0
미래정밀,MJU00792320,Tube Connector,CU,9.52x0.7x114.0
미래정밀,MJU00855301,Tube Connector,고강도,9.52x0.55x293.0
미래정밀,MJU00855302,Tube Connector,고강도,9.52x0.55x284.0
미래정밀,MJU00855305,Tube Connector,고강도,9.52x0.55x470.0
미래정밀,MJU00855306,Tube Connector,고강도,9.52x0.55x323.0
미래정밀,MJU00855307,Tube Connector,고강도,9.52x0.55x228.0
미래정밀,MJU00855308,Tube Connector,고강도,9.52x0.55x245.0
미래정밀,MJU37361324,"Tube,Connector",CU,6.35x0.7x85.0
미래정밀,MJU37361325,"Tube,Connector",CU,6.35x0.7x196.0
미래정밀,MJU41838703,"Tube,Connector",CU,15.88x1.0x144.0
미래정밀,MJU42756802,"Tube,Connector",CU,9.52x0.7x188.0
미래정밀,MJU58941301,"Tube,Connector",CU,6.35x0.7x229.0
미래정밀,MJU58941302,"Tube,Connector",CU,6.35x0.7x174.0
미래정밀,MJU58941303,"Tube,Connector",CU,6.35x0.7x186.0
미래정밀,MJU60436638,"Tube,Connector",CU,12.7x0.8x975.0
미래정밀,MJU61870401,Tube Connector,CU,6.35x0.7x566.0
미래정밀,MJU61880901,Tube Connector,CU,9.52x0.7x88.0
미래정밀,MJU61881001,Tube Connector,CU,9.52x0.7x121.0
미래정밀,MJU61881301,Tube Connector,CU,9.52x0.7x128.0
미래정밀,MJU61882401,"Tube,Connector",CU,12.7x0.8x75.0
미래정밀,MJU61882414,"Tube,Connector",CU,12.7x0.8x61.0
미래정밀,MJU61882501,"Tube,Connector",CU,12.7x0.8x240.0
미래정밀,MJU61882801,"Tube,Connector",CU,12.7x0.8x197.0
미래정밀,MJU61882901,"Tube,Connector",CU,12.7x0.8x138.0
미래정밀,MJU61883001,"Tube,Connector",CU,12.7x0.8x132.0
미래정밀,MJU61949301,"Tube,Connector",CU,9.52x0.7x119.0
미래정밀,MJU61949302,"Tube,Connector",CU,9.52x0.7x84.0
미래정밀,MJU61949303,"Tube,Connector",CU,9.52x0.7x60.0
미래정밀,MJU61949304,"Tube,Connector",CU,9.52x0.7x125.0
미래정밀,MJU62072902,"Tube,Connector",CU,7.0x0.7x130.0
미래정밀,MJU62072903,"Tube,Connector",CU,7.0x0.7x130.0
미래정밀,MJU62267502,"Tube,Connector",CU,7.0x0.7x189.0
미래정밀,MJU62267504,"Tube,Connector",CU,7.0x0.7x254.0
미래정밀,MJU62267505,"Tube,Connector",CU,7.0x0.7x232.0
미래정밀,MJU62371104,"Tube,Connector",CU,15.88x1.0x139.0
미래정밀,MJU62793401,"Tube,Connector",CU,7.94x0.7x70.0
미래정밀,MJU62834701,Tube Connector,CU,6.35x0.7x46.0
미래정밀,MJU62970702,Tube Connector,CU,12.7x0.8x242.0
미래정밀,MJU63060001,"Tube,Connector",CU,9.52x0.7x503.0
미래정밀,MJU63060002,"Tube,Connector",CU,9.52x0.7x487.0
미래정밀,MJU63076601,"Tube,Connector",CU,9.52x0.7x198.0
미래정밀,MJU63076701,"Tube,Connector",CU,6.35x0.7x107.0
미래정밀,MJU63076702,"Tube,Connector",CU,9.52x0.7x107.0
미래정밀,MJU63076801,"Tube,Connector",CU,6.35x0.7x191.0
미래정밀,MJU63076802,"Tube,Connector",CU,9.52x0.7x186.0
미래정밀,MJU63088211,"Tube,Connector",CU,9.52x0.7x220.0
미래정밀,MJU63088212,"Tube,Connector",CU,7.94x0.7x411.0
미래정밀,MJU63125203,Tube Connector,CU,12.7x0.8x135.0
미래정밀,MJU63208004,Tube Connector,CU,12.7x0.8x183.0
미래정밀,MJU63208005,Tube Connector,CU,12.7x0.8x182.0
미래정밀,MJU63208101,"Tube,Connector",CU,7.0x0.7x173.0
미래정밀,MJU63208102,"Tube,Connector",CU,7.0x0.7x100.0
미래정밀,MJU63287701,Tube Connector,CU,6.35x0.7x211.0
미래정밀,MJU63357501,"Tube,Connector",CU,9.52x0.7x55.0
미래정밀,MJU63406917,Tube Connector,CU,6.35x0.7x207.0
미래정밀,MJU63429401,Tube Connector,CU,7.0x0.7x115.0
미래정밀,MJU63429402,Tube Connector,CU,7.0x0.7x99.0
미래정밀,MJU63429403,Tube Connector,CU,7.0x0.7x93.0
미래정밀,MJU63429404,Tube Connector,CU,7.0x0.7x99.0
미래정밀,MJU63429405,Tube Connector,CU,7.0x0.7x115.0
미래정밀,MJU63467003,Tube Connector,CU,9.52x0.7x625.0
미래정밀,MJU63467004,Tube Connector,CU,9.52x0.7x183.0
미래정밀,MJU63467006,Tube Connector,CU,9.52x0.7x484.0
미래정밀,MJU63494201,"Tube,Connector",CU,15.88x1.0x132.0
미래정밀,MJU63494301,"Tube,Connector",CU,12.7x0.8x381.0
미래정밀,MJU63494302,"Tube,Connector",CU,12.7x0.8x261.0
미래정밀,MJU63501403,"Tube,Connector",CU,15.88x1.0x268.0
미래정밀,MJU63616702,Tube Connector,CU,12.7x0.8x173.0
미래정밀,MJU63650903,Tube Connector,CU,6.35x0.7x65.0
미래정밀,MJU63650908,"Tube,Connector",CU,12.7x0.8x769.0
미래정밀,MJU63650909,"Tube,Connector",CU,12.7x0.8x660.0
미래정밀,MJU63650911,"Tube,Connector",CU,15.88x1.0x1098.0
미래정밀,MJU63687703,"Tube,Connector",CU,6.35x0.7x147.0
미래정밀,MJU63706401,Tube Connector,CU,6.35x0.7x190.0
미래정밀,MJU63707001,Tube Connector,CU,6.35x0.7x220.0
미래정밀,MJU63707101,Tube Connector,CU,9.52x0.7x152.0
미래정밀,MJU63711305,Tube Connector,CU,7.0x0.7x87.0
미래정밀,MJU64067401,Tube Connector,CU,9.52x0.7x298.0
미래정밀,MJU64067501,Tube Connector,CU,7.0x0.7x82.0
미래정밀,MJU64091101,Tube Connector,CU,7.0x0.7x122.0
미래정밀,MJU64091102,Tube Connector,CU,7.0x0.7x126.0
미래정밀,MJU64091103,Tube Connector,CU,7.0x0.7x57.0
미래정밀,MJU64091104,Tube Connector,CU,7.0x0.7x126.0
미래정밀,MJU64406301,Tube Connector,CU,7.0x0.7x134.0
미래정밀,MJU64406302,Tube Connector,CU,7.0x0.7x129.0
미래정밀,MJU64406303,Tube Connector,CU,7.0x0.7x159.0
미래정밀,MJU64406304,Tube Connector,CU,7.0x0.7x170.0
미래정밀,MJU64406401,Tube Connector,CU,7.0x0.7x107.0
미래정밀,MJU64406402,Tube Connector,CU,7.0x0.7x107.0
미래정밀,MJU64406403,Tube Connector,CU,7.0x0.7x108.0
미래정밀,MJU64406404,Tube Connector,CU,7.0x0.7x113.0
미래정밀,MJU64707501,"Tube,Connector",CU,9.52x0.7x48.0
미래정밀,MJU64707502,"Tube,Connector",CU,9.52x0.7x66.0
미래정밀,MJU64712301,"Tube,Connector",CU,6.35x0.7x260.0
미래정밀,MJU64786109,"Tube,Connector",CU,7.94x0.7x125.0
미래정밀,MJU64795601,"Tube,Connector",CU,6.35x0.7x90.0
미래정밀,MJU64795608,Tube Connector,고강도,6.35x0.55x93.26
미래정밀,MJU64795609,Tube Connector,고강도,6.35x0.55x56.63
미래정밀,MJU64795610,Tube Connector,고강도,6.35x0.55x93.26
미래정밀,MJU64795701,"Tube,Connector",CU,6.35x0.7x198.0
미래정밀,MJU64868527,Tube Connector,CU,6.35x0.7x97.0
미래정밀,MJU64868529,Tube Connector,CU,12.7x0.8x1052.0
미래정밀,MJU64868531,"Tube,Connector",CU,6.35x0.7x178.0
미래정밀,MJU64868535,"Tube,Connector",CU,6.35x0.7x155.0
미래정밀,MJU64868548,"Tube,Connector",CU,6.35x0.7x142.0
미래정밀,MJU64868556,"Tube,Connector",CU,6.35x0.7x169.0
미래정밀,MJU64868568,Tube Connector,CU,6.35x0.7x138.0
미래정밀,MJU64868570,Tube Connector,CU,6.35x0.7x95.0
미래정밀,MJU64868579,Tube Connector,CU,6.35x0.7x146.0
미래정밀,MJU64964401,"Tube,Connector",CU,7.94x0.7x593.0
미래정밀,MJU64964402,"Tube,Connector",CU,7.94x0.7x420.0
미래정밀,MJU64967801,"Tube,Connector",CU,6.35x0.7x132.0
미래정밀,MJU64967901,"Tube,Connector",CU,6.35x0.7x329.0
미래정밀,MJU65026201,Tube Connector,CU,6.35x0.7x150.0
미래정밀,MJU65026202,Tube Connector,CU,6.35x0.7x70.0
미래정밀,MJU65486429,Tube Connector,CU,9.52x0.7x156.0
미래정밀,MJU65486430,Tube Connector,CU,9.52x0.7x67.0
미래정밀,MJU65533902,Tube Connector,고강도,9.52x0.55x202.0
미래정밀,MJU65534002,Tube Connector,고강도,9.52x0.55x211.0
미래정밀,MJU65587603,"Tube,Connector",CU,4.76x0.7x132.0
미래정밀,MJU65707420,"Tube,Connector",CU,15.88x1.0x244.0
미래정밀,MJU65707422,"Tube,Connector",CU,15.88x1.0x242.0
미래정밀,MJU65707423,"TUBE, CONNECTOR",CU,15.88x1.0x250.0
미래정밀,MJU65766110,Tube Connector,CU,7.0x0.7x161.0
미래정밀,MJU65766111,Tube Connector,CU,9.52x0.7x324.0
미래정밀,MJU65766112,Tube Connector,CU,7.0x0.7x183.0
미래정밀,MJU65766113,Tube Connector,CU,9.52x0.7x234.0
미래정밀,MJU65986405,Tube Connector,CU,9.52x0.7x178.0
미래정밀,MJU66006802,"Tube,Connector",CU,6.35x0.7x587.0
미래정밀,MJU66166605,"Tube,Connector",CU,9.52x0.7x152.0
미래정밀,MJU66266601,"Tube,Connector",CU,15.88x1.0x446.0
미래정밀,MJU66266602,"Tube,Connector",CU,15.88x1.0x470.0
미래정밀,MJU66266607,"Tube,Connector",CU,15.88x1.0x55.0
미래정밀,MJU66266618,Tube Connector,CU,15.88x1.0x478.0
미래정밀,MJU66366804,"Tube,Connector",CU,9.52x0.7x211.0
미래정밀,MJU66366805,"Tube,Connector",CU,9.52x0.7x115.0
미래정밀,MJU66366806,"Tube,Connector",CU,6.35x0.7x217.0
미래정밀,MJU66366812,"Tube,Connector",CU,7.94x0.7x429.0
미래정밀,MJU66366813,"Tube,Connector",CU,9.52x0.7x135.0
미래정밀,MJU66366814,"Tube,Connector",CU,6.35x0.7x168.0
미래정밀,MJU66478801,Tube Connector,CU,12.7x0.8x204.0
미래정밀,MJU66493602,"Tube,Connector",CU,12.7x0.8x324.0
미래정밀,MJU66494202,"Tube,Connector",CU,12.7x0.8x307.0
미래정밀,MJU66506801,Tube Connector,CU,15.88x1.0x160.0
미래정밀,MJU66510401,"Tube,Connector",CU,12.7x0.8x117.0
미래정밀,MJU66570402,Tube Connector,CU,22.2x1.2x441.0
미래정밀,MJU66763702,Tube Connector,CU,25.4x1.2x295.0
미래정밀,MJU66798601,Tube Connector,CU,22.2x1.2x461.0
미래정밀,MJU66806302,"Tube,Connector",CU,9.52x0.7x190.0
미래정밀,MJU66806303,"Tube,Connector",CU,9.52x0.7x134.0
미래정밀,MJU66806304,"Tube,Connector",CU,9.52x0.7x119.0
미래정밀,MJU66806305,"Tube,Connector",CU,9.52x0.7x158.0
미래정밀,MJU66806306,"Tube,Connector",CU,9.52x0.7x117.0
미래정밀,MJU66810501,"Tube,Connector",CU,9.52x0.7x188.0
미래정밀,MJU66810502,"Tube,Connector",CU,9.52x0.7x269.0
미래정밀,MJU66810503,"Tube,Connector",CU,9.52x0.7x231.0
미래정밀,MJU66894824,Tube Connector,CU,9.52x0.7x60.0
미래정밀,MJU66894825,Tube Connector,CU,9.52x0.7x66.3
미래정밀,MJU66902601,Tube Connector,CU,15.88x1.0x427.0
미래정밀,MJU66928201,Tube Connector,CU,15.88x1.0x279.0
미래정밀,MJU66928208,Tube Connector,CU,15.88x1.0x754.0
미래정밀,MJU66928301,Tube Connector,CU,12.7x0.8x435.0
미래정밀,MJU66928303,Tube Connector,CU,12.7x0.8x504.0
미래정밀,MJU66928305,Tube Connector,CU,12.7x0.8x242.0
미래정밀,MJU66928307,Tube Connector,CU,12.7x0.8x251.0
미래정밀,MJU66928312,Tube Connector,CU,9.52x0.7x686.0
미래정밀,MJU66929501,Tube Connector,고강도,12.7x0.6x289.0
미래정밀,MJU66929502,Tube Connector,고강도,6.35x0.55x105.0
미래정밀,MJU66929503,Tube Connector,고강도,6.35x0.55x122.0
미래정밀,MJU66929504,Tube Connector,고강도,6.35x0.55x192.0
미래정밀,MJU66932501,Tube Connector,CU,6.35x0.7x42.0
미래정밀,MJU66932502,Tube Connector,CU,6.35x0.7x42.0
미래정밀,MJU66932503,Tube Connector,CU,6.35x0.7x195.0
미래정밀,MJU66932504,Tube Connector,CU,6.35x0.7x58.0
미래정밀,MJU66932505,Tube Connector,CU,6.35x0.7x52.0
미래정밀,MJU66932530,Tube Connector,CU,6.35x0.7x230.0
미래정밀,MJU66942901,Tube Connector,CU,12.7x0.8x93.0
미래정밀,MJU66954303,Tube Connector,CU,7.94x0.7x106.0
미래정밀,MJU66954308,Tube Connector,CU,15.88x1.0x303.0
미래정밀,MJU66954309,Tube Connector,CU,15.88x1.0x279.0
미래정밀,MJU66954608,Tube Connector,CU,12.7x0.8x165.0
미래정밀,MJU66954610,Tube Connector,CU,6.35x0.7x169.0
미래정밀,MJU66958506,Tube Connector,CU,12.7x0.8x293.0
미래정밀,MJU66959604,Tube Connector,CU,9.52x0.7x202.0
미래정밀,MJU67028001,Tube Connector,고강도,7.0x0.55x66.0
썬텍코리아,MJU00787901,Tube Connector,CU,12.7x0.8x301.4
썬텍코리아,MJU00787902,Tube Connector,CU,12.7x0.8x299.0
썬텍코리아,MJU00787903,Tube Connector,CU,12.7x0.8x84.0
썬텍코리아,MJU00788001,Tube Connector,CU,9.52x0.7x91.0
썬텍코리아,MJU00788002,Tube Connector,CU,9.52x0.7x64.0
썬텍코리아,MJU00788306,Tube Connector,CU,6.35x0.7x135.0
썬텍코리아,MJU00788307,Tube Connector,CU,6.35x0.7x107.0
썬텍코리아,MJU00788308,Tube Connector,CU,6.35x0.7x88.0
썬텍코리아,MJU00788309,Tube Connector,CU,6.35x0.7x151.0
썬텍코리아,MJU00788310,Tube Connector,CU,6.35x0.7x132.0
썬텍코리아,MJU63208002,Tube Connector,CU,12.7x0.8x262.0
썬텍코리아,MJU63208003,Tube Connector,CU,9.52x0.7x248.0
썬텍코리아,MJU63208104,Tube Connector,CU,7.0x0.7x92.0
썬텍코리아,MJU63208105,Tube Connector,CU,7.0x0.7x138.0
썬텍코리아,MJU63208106,Tube Connector,CU,7.0x0.7x98.0
썬텍코리아,MJU64948401,Tube Connector,CU,15.88x1.0x145.0
썬텍코리아,MJU66479601,Tube Connector,CU,9.52x0.7x115.0
썬텍코리아,MJU66479701,Tube Connector,CU,9.52x0.7x171.0
썬텍코리아,MJU66479802,Tube Connector,CU,15.88x1.0x367.0
썬텍코리아,MJU66479803,Tube Connector,고강도,15.88x0.75x341.0
썬텍코리아,MJU66507045,Tube Connector,CU,9.52x0.7x414.0
썬텍코리아,MJU66507051,Tube Connector,CU,9.52x0.7x98.0
썬텍코리아,MJU66507052,Tube Connector,CU,9.52x0.7x366.0
썬텍코리아,MJU66507053,Tube Connector,CU,9.52x0.7x655.0
썬텍코리아,MJU66749602,Tube Connector,CU,9.52x0.7x59.0
썬텍코리아,MJU66799901,Tube Connector,CU,9.52x0.7x100.0
썬텍코리아,MJU66823202,Tube Connector,CU,6.35x0.7x126.0
썬텍코리아,MJU66823302,Tube Connector,CU,6.35x0.7x165.0
이젠터,5210A20851E,"TUBE, CONNECTOR",CU,7.0x0.7x92.0
이젠터,5210A20851M,"TUBE, CONNECTOR",CU,7.0x0.7x76.0
이젠터,5210A22034A,Tube Connector,CU,7.0x0.7x53.0
이젠터,5210A22034B,Tube Connector,CU,7.0x0.7x126.0
이젠터,5210A22034U,"Tube,Connector",CU,7.0x0.7x69.0
이젠터,5210A24677G,"Tube,Connector",CU,7.0x0.7x56.0
이젠터,5210A24677J,"Tube,Connector",CU,7.0x0.7x76.0
이젠터,5210A31939A,"Tube,Connector",CU,6.35x0.7x144.0
이젠터,MJU00722803,Tube Connector,CU,9.52x0.7x235.0
이젠터,MJU00722804,Tube Connector,CU,9.52x0.7x149.0
이젠터,MJU00750702,Tube Connector,CU,9.52x0.7x66.0
이젠터,MJU00752701,Tube Connector,CU,15.88x1.0x121.0
이젠터,MJU00752901,Tube Connector,CU,12.7x0.8x132.0
이젠터,MJU00753001,Tube Connector,CU,15.88x1.0x287.0
이젠터,MJU00792302,Tube Connector,CU,9.52x0.7x169.0
이젠터,MJU00792304,Tube Connector,CU,9.52x0.7x307.0
이젠터,MJU00792306,Tube Connector,CU,9.52x0.7x316.0
이젠터,MJU00792308,Tube Connector,CU,9.52x0.7x204.0
이젠터,MJU00792310,Tube Connector,CU,9.52x0.7x209.0
이젠터,MJU40246001,Tube Connector,CU,12.7x0.8x101.0
이젠터,MJU47146601,Tube Connector,CU,7.0x0.7x81.0
이젠터,MJU47146602,Tube Connector,CU,7.0x0.7x97.0
이젠터,MJU47146603,Tube Connector,CU,7.0x0.7x97.0
이젠터,MJU60436226,"TUBE,CONNECTOR",CU,9.52x0.7x190.0
이젠터,MJU60436237,Tube Connector,CU,12.7x0.8x555.0
이젠터,MJU62672401,"TUBE,CONNECTOR",CU,7.0x0.7x58.0
이젠터,MJU62842304,"Tube,Connector",CU,7.0x0.7x111.0
이젠터,MJU62842305,"Tube,Connector",CU,7.0x0.7x126.0
이젠터,MJU62842317,"Tube,Connector",CU,7.0x0.7x101.0
이젠터,MJU62842318,"Tube,Connector",CU,7.0x0.7x141.0
이젠터,MJU62842319,"Tube,Connector",CU,7.0x0.7x144.0
이젠터,MJU63160502,Tube Connector,CU,9.52x0.7x56.0
이젠터,MJU63491101,Tube Connector,CU,7.0x0.7x102.0
이젠터,MJU63491102,Tube Connector,CU,7.0x0.7x95.0
이젠터,MJU63491103,Tube Connector,CU,7.0x0.7x117.0
이젠터,MJU63491105,Tube Connector,CU,7.0x0.7x139.0
이젠터,MJU63612304,"Tube,Connector",CU,12.7x0.8x928.0
이젠터,MJU63612307,"Tube,Connector",CU,12.7x0.8x922.0
이젠터,MJU63612308,"Tube,Connector",CU,12.7x0.8x569.0
이젠터,MJU63612402,"Tube,Connector",CU,12.7x0.8x214.0
이젠터,MJU63614801,Tube Connector,CU,12.7x0.8x65.0
이젠터,MJU63650902,"Tube,Connector",CU,12.7x0.8x528.0
이젠터,MJU63650912,"Tube,Manifold",CU,12.7x0.8x502.0
이젠터,MJU64387101,"Tube,Connector",CU,6.35x0.7x62.0
이젠터,MJU64408010,"TUBE,CONNECTOR",CU,6.35x0.7x171.0
이젠터,MJU64428601,"TUBE,CONNECTOR",CU,9.52x0.7x90.0
이젠터,MJU64431904,"Tube,Connector",CU,4.76x0.7x113.0
이젠터,MJU64431905,"Tube,Connector",CU,4.76x0.7x63.0
이젠터,MJU64687501,"Tube,Connector",CU,15.88x1.0x125.0
이젠터,MJU64687701-01,"Tube,Connector",CU,12.7x0.8x64.0
이젠터,MJU64688401-8301,"Tube,Connector",CU,15.88x1.0x840.0
이젠터,MJU64706602,"Tube,Connector",CU,15.88x1.0x178.0
이젠터,MJU64707301-1,"TUBE,CONNECTOR",CU,9.52x0.7x244.0
이젠터,MJU64790901,"TUBE,CONNECTOR",CU,9.52x0.7x224.0
이젠터,MJU64927401,"Tube,Connector",CU,12.7x0.8x293.0
이젠터,MJU65486408,"Tube,Connector",CU,9.52x0.7x166.0
이젠터,MJU65486409,"Tube,Connector",CU,9.52x0.7x73.0
이젠터,MJU65486419,"Tube,Connector",CU,9.52x0.7x170.0
이젠터,MJU65846917,"Tube,Connector",CU,9.52x0.7x52.0
이젠터,MJU65946701,"Tube,Connector",CU,12.7x0.8x821.0
이젠터,MJU65946702,"Tube,Connector",CU,12.7x0.8x909.0
이젠터,MJU65946703,"Tube,Connector",CU,12.7x0.8x161.0
이젠터,MJU65946704,"Tube,Connector",CU,12.7x0.8x277.0
이젠터,MJU65946705,"Tube,Connector",CU,12.7x0.8x261.0
이젠터,MJU66266603,"Tube,Connector",CU,15.88x1.0x344.0
이젠터,MJU66266706,"Tube,Connector",CU,15.88x1.0x232.0
이젠터,MJU66366304,"Tube,Connector",CU,6.35x0.7x70.0
이젠터,MJU66366305,"Tube,Connector",CU,6.35x0.7x85.0
이젠터,MJU66366308,"Tube,Connector",CU,6.35x0.7x130.0
이젠터,MJU66759906,Tube Connector,고강도,12.7x0.6x490.0
이젠터,MJU66779315,Tube Connector,CU,9.52x0.7x63.0
이젠터,MJU66797501,"Tube,Connector",CU,7.0x0.7x197.0
이젠터,MJU66805505,"Tube,Connector",CU,9.52x0.7x39.0
이젠터,MJU66821301,"Tube,Connector",CU,9.52x0.7x299.0
이젠터,MJU66824906,"Tube,Connector",CU,9.52x0.7x274.0
이젠터,MJU66825101,"Tube,Connector",CU,12.7x0.8x244.0
이젠터,MJU66825102,"Tube,Connector",CU,12.7x0.8x60.0
이젠터,MJU66825103,"Tube,Connector",CU,12.7x0.8x152.0
이젠터,MJU66825301,"Tube,Connector",CU,7.0x0.7x195.0
이젠터,MJU66825302,"Tube,Connector",CU,7.0x0.7x142.0
이젠터,MJU66894810,Tube Connector,CU,9.52x0.7x48.0
이젠터,MJU66900005,Tube Connector,CU,9.52x0.7x68.0
이젠터,MJU66930201,Tube Connector,고강도,19.05x0.8x1031.0
이젠터,MJU66930202,Tube Connector,고강도,19.05x0.8x278.0
이젠터,MJU66930303,"Tube,Connector",고강도,12.7x0.6x117.0
이젠터,MJU66933502,Tube Connector,CU,15.88x1.0x435.0
이젠터,MJU66933503,Tube Connector,CU,15.88x1.0x188.0
이젠터,MJU66936610,Tube Connector,CU,12.7x0.8x244.0
이젠터,MJU66936612,Tube Connector,CU,9.52x0.7x531.0
이젠터,MJU66946201,Tube Connector,CU,15.88x1.0x448.0
이젠터,MJU66951201,Tube Connector,CU,12.7x0.8x77.0
이젠터,MJU66951404,Tube Connector,CU,12.7x0.8x120.0
이젠터,MJU66951405,Tube Connector,CU,12.7x0.8x110.0
이젠터,MJU66954401,Tube Connector,CU,9.52x0.7x236.0
이젠터,MJU66954406,Tube Connector,CU,9.52x0.7x43.0
이젠터,MJU66954409,Tube Connector,CU,9.52x0.7x202.0
이젠터,MJU66954603,Tube Connector,CU,12.7x0.8x427.0
이젠터,MJU66954605,Tube Connector,CU,9.52x0.7x290.0
이젠터,MJU66954607,Tube Connector,CU,9.52x0.7x424.0
이젠터,MJU66954704,Tube Connector,CU,9.52x0.7x213.0
이젠터,MJU66954705,Tube Connector,CU,9.52x0.7x147.0
이젠터,MJU66954707,Tube Connector,CU,9.52x0.7x156.0
이젠터,MJU66958403,"Tube,Connector",CU,12.7x0.8x240.0
이젠터,MJU66958505,Tube Connector,CU,12.7x0.8x313.0
이젠터,MJU66980601,Tube Connector,고강도,15.88x0.75x460.0
이젠터,MJU66991001,Tube Connector,CU,15.88x1.0x94.0
이젠터,MJU66991002,Tube Connector,CU,15.88x1.0x131.0
이젠터,MJU66991003,Tube Connector,CU,15.88x1.0x606.0
이젠터,MJU66997102,Tube Connector,CU,9.52x0.7x141.0
이젠터,MJU66997103,Tube Connector,CU,9.52x0.7x186.0
이젠터,MJU66997105,Tube Connector,CU,9.52x0.7x209.0
이젠터,MJU66997108,Tube Connector,CU,9.52x0.7x182.0
이젠터,MJU66998904,Tube Connector,CU,9.52x0.7x249.0
이젠터,MJU66999005,Tube Connector,CU,9.52x0.7x114.0
이젠터,MJU66999401,Tube Pinch Off,CU,6.35x0.7x202.0
중앙정밀,5210A23937A,"Tube,Connector",CU,6.35x0.7x160.0
중앙정밀,AJR75712102,"Tube,Connector",CU,6.35x0.7x241.0
중앙정밀,MJU30589101,"Tube,Connector",CU,6.35x0.7x248.0
중앙정밀,MJU36873402,"Tube,Connector",CU,6.35x0.7x358.0
중앙정밀,MJU36873403,"Tube,Connector",CU,6.35x0.7x163.0
중앙정밀,MJU36873404,"Tube,Connector",CU,6.35x0.7x214.0
중앙정밀,MJU36873405,"Tube,Connector",CU,6.35x0.7x224.0
중앙정밀,MJU62032701,"Tube,Connector",CU,9.52x0.7x388.0
중앙정밀,MJU62079301,"Tube,Connector",CU,6.35x0.7x46.0
중앙정밀,MJU62079303,"Tube,Connector",CU,6.35x0.7x62.0
중앙정밀,MJU62079304,"Tube,Connector",CU,6.35x0.7x58.0
중앙정밀,MJU62098801,"Tube,Connector",CU,7.94x0.7x42.0
중앙정밀,MJU62098901,"Tube,Connector",CU,6.35x0.7x106.0
중앙정밀,MJU62099101,"Tube,Connector",CU,6.35x0.7x50.0
중앙정밀,MJU62614301,"Tube,Connector",CU,6.35x0.9x402.0
중앙정밀,MJU62817601,"Tube,Connector",CU,6.35x0.7x194.0
중앙정밀,MJU63156802,"Tube,Connector",CU,12.7x0.8x176.0
중앙정밀,MJU63156903,"Tube,Connector",CU,6.35x0.7x85.0
중앙정밀,MJU63209803,"Tube,Connector",CU,12.7x0.8x673.0
중앙정밀,MJU63335901,"Tube,Connector",CU,6.35x0.7x46.0
중앙정밀,MJU63406931,"Tube,Connector",CU,9.52x0.7x166.0
중앙정밀,MJU63406932,"Tube,Connector",CU,12.7x0.8x213.0
중앙정밀,MJU63470901,"Tube,Connector",CU,9.52x0.7x449.0
중앙정밀,MJU63470903,"Tube,Connector",CU,9.52x0.7x117.0
중앙정밀,MJU63691215,"Tube,Connector",고강도,6.35x0.55x173.0
중앙정밀,MJU64046501,"Tube,Connector",CU,6.35x0.7x54.0
중앙정밀,MJU64671107,"Tube,Connector",CU,9.52x0.7x348.0
중앙정밀,MJU64706603,"Tube,Connector",CU,12.7x0.8x133.0
중앙정밀,MJU64706701,"Tube,Connector",CU,12.7x0.8x179.0
중앙정밀,MJU64706901,"Tube,Connector",CU,9.52x0.7x105.0
중앙정밀,MJU64707301,"Tube,Connector",CU,9.52x0.7x244.0
중앙정밀,MJU64707601,"Tube,Connector",CU,9.52x0.7x246.0
중앙정밀,MJU64707801,"Tube,Connector",CU,12.7x0.8x139.0
중앙정밀,MJU64768701,"Tube,Connector",CU,9.52x0.7x129.0
중앙정밀,MJU64768901,"Tube,Connector",CU,9.52x0.7x85.0
중앙정밀,MJU64769001,"Tube,Connector",CU,9.52x0.7x276.0
중앙정밀,MJU64769101,"Tube,Connector",CU,12.7x0.8x159.0
중앙정밀,MJU64787101,"Tube,Connector",CU,6.35x0.7x80.0
중앙정밀,MJU64787103,"Tube,Connector",CU,6.35x0.7x79.0
중앙정밀,MJU64794101,"Tube,Connector",CU,6.35x0.7x146.0
중앙정밀,MJU65008412,"Tube,Connector",CU,12.7x0.8x1005.0
중앙정밀,MJU65207303,"Tube,Connector",CU,9.52x0.7x127.0
중앙정밀,MJU65486418,"Tube,Connector",CU,6.35x0.7x114.0
중앙정밀,MJU65588302,"Tube,Connector",CU,12.7x0.8x713.0
중앙정밀,MJU65626510,"Tube,Connector",CU,12.7x0.8x222.0
중앙정밀,MJU65626701,"Tube,Connector",CU,9.52x0.7x160.0
중앙정밀,MJU65626703,"Tube,Connector",CU,9.52x0.7x317.0
중앙정밀,MJU65686703,"Tube,Connector",CU,9.52x0.7x762.0
중앙정밀,MJU65868013,"Tube,Connector",CU,6.35x0.7x60.0
중앙정밀,MJU66366302,"Tube,Connector",CU,12.7x0.8x286.0
중앙정밀,MJU66366303,"Tube,Connector",CU,7.94x0.7x162.0
중앙정밀,MJU66366801,"Tube,Connector",CU,15.88x1.0x459.0
중앙정밀,MJU66366802,"Tube,Connector",CU,15.88x1.0x86.0
중앙정밀,MJU66470001,"Tube,Connector",CU,9.52x0.7x157.0
중앙정밀,MJU66479501,"Tube,Connector",CU,9.52x0.7x204.0
중앙정밀,MJU66571301,"Tube,Connector",CU,9.52x0.7x218.0
중앙정밀,MJU66749603,"Tube,Connector",CU,9.52x0.7x542.0
중앙정밀,MJU66760006,"Tube,Connector",CU,9.52x0.7x316.0
중앙정밀,MJU66773002,"Tube,Connector",CU,9.52x0.7x270.0
중앙정밀,MJU66799001,"Tube,Connector",CU,9.52x0.7x669.0
중앙정밀,MJU66799002,"Tube,Connector",CU,9.52x0.7x641.0
중앙정밀,MJU66824601,"Tube,Connector",CU,9.52x0.7x221.0
중앙정밀,MJU66824602,"Tube,Connector",CU,9.52x0.7x200.0
중앙정밀,MJU66824603,"Tube,Connector",CU,9.52x0.7x131.0
중앙정밀,MJU66870701,"Tube,Connector",CU,9.52x0.7x427.0
중앙정밀,MJU66871201,"Tube,Connector",CU,9.52x0.7x511.0
중앙정밀,MJU66936605,"Tube,Connector",CU,6.35x0.7x263.0
중앙정밀,MJU66936608,"Tube,Connector",CU,9.52x0.7x434.0
중앙정밀,MJU66960904,"Tube,Connector",고강도,6.35x0.55x211.0
중앙정밀,MJU66960906,"Tube,Connector",고강도,6.35x0.55x294.0
중앙정밀,MJU66968102,"Tube,Connector",고강도,6.35x0.55x220.0
케이비,5210A22520B,"Tube,Connector",CU,6.35x0.9x71.0
케이비,5210A23376A,"Tube,Connector",CU,9.52x1.45x69.0
케이비,5210A26795A,"Tube,Connector",CU,6.35x0.7x110.0
케이비,5210A26795B,"Tube,Connector",CU,6.35x0.7x97.0
케이비,5210A26795C,"Tube,Connector",CU,6.35x0.7x81.0
케이비,5210A26795D,"Tube,Connector",CU,6.35x0.7x90.0
케이비,5210A26795E,"Tube,Connector",CU,6.35x0.7x98.0
케이비,5210A26795F,"Tube,Connector",CU,6.35x0.7x106.0
케이비,5210A26860A,"Tube,Connector",CU,6.35x0.7x134.0
케이비,5210A26861A,"Tube,Connector",CU,6.35x0.7x109.0
케이비,5210A26862A,"Tube,Connector",CU,6.35x0.7x115.0
케이비,5210A26863A,"Tube,Connector",CU,6.35x0.7x136.0
케이비,5210A26864A,"Tube,Connector",CU,6.35x0.7x97.0
케이비,5210A31624A,"Tube,Connector",CU,4.76x0.7x128.0
케이비,5210A31625A,"Tube,Connector",CU,4.76x0.7x73.0
케이비,5210A31626A,"Tube,Connector",CU,4.76x0.7x104.0
케이비,5210A31627A,"Tube,Connector",CU,4.76x0.7x203.0
케이비,MJU00695801,"Tube,Connector",CU,9.52x1.45x305.0
케이비,MJU00697601,"Tube,Connector",CU,9.52x1.45x288.0
케이비,MJU00698701,"Tube,Connector",CU,6.35x0.9x224.0
케이비,MJU00698901,"Tube,Connector",CU,9.52x1.45x103.0
케이비,MJU00699101,"Tube,Connector",CU,9.52x1.45x201.0
케이비,MJU00702203,"Tube,Connector",CU,9.52x0.7x447.0
케이비,MJU00702204,"Tube,Connector",CU,15.88x1.0x239.0
케이비,MJU00702501,"Tube,Connector",CU,7.0x0.7x369.0
케이비,MJU00702502,"Tube,Connector",CU,7.0x0.7x369.0
케이비,MJU00722805,"Tube,Connector",CU,9.52x0.7x252.0
케이비,MJU00722808,"Tube,Connector",CU,15.88x1.0x639.0
케이비,MJU00722811,"Tube,Connector",CU,12.7x0.8x738.0
케이비,MJU00722812,"Tube,Connector",CU,15.88x1.0x303.0
케이비,MJU00722813,"Tube,Connector",CU,15.88x1.0x80.2
케이비,MJU00722814,"Tube,Connector",CU,15.88x1.0x326.0
케이비,MJU00732401,"Tube,Connector",CU,5.0x0.7x148.0
케이비,MJU00732801,"Tube,Connector",CU,12.7x0.8x832.0
케이비,MJU00732901,"Tube,Connector",CU,9.52x0.7x530.0
케이비,MJU00734301,"Tube,Connector",CU,12.7x0.8x835.0
케이비,MJU00734401,"Tube,Connector",CU,9.52x0.7x631.0
케이비,MJU00743301,"Tube,Connector",CU,12.7x0.8x296.0
케이비,MJU00743601,"Tube,Connector",CU,12.7x0.8x136.0
케이비,MJU00788302,"Tube,Connector",CU,6.35x0.7x47.0
케이비,MJU00788303,"Tube,Connector",CU,6.35x0.7x59.0
케이비,MJU00788304,"Tube,Connector",CU,6.35x0.7x97.0
케이비,MJU00788305,"Tube,Connector",CU,6.35x0.7x89.0
케이비,MJU00788401,"Tube,Connector",CU,4.76x0.7x125.0
케이비,MJU00788402,"Tube,Connector",CU,4.76x0.7x200.0
케이비,MJU00788403,"Tube,Connector",CU,4.76x0.7x125.0
케이비,MJU00788404,"Tube,Connector",CU,4.76x0.7x176.0
케이비,MJU00788405,"Tube,Connector",CU,4.76x0.7x171.0
케이비,MJU30588601,"Tube,Connector",CU,4.76x0.7x118.0
케이비,MJU30588701,"Tube,Connector",CU,4.76x0.7x78.0
케이비,MJU30588801,"Tube,Connector",CU,4.76x0.7x104.0
케이비,MJU30588901,"Tube,Connector",CU,4.76x0.7x58.0
케이비,MJU30589001,"Tube,Connector",CU,9.52x0.7x213.0
케이비,MJU37361117,"Tube,Connector",CU,6.35x0.7x284.0
케이비,MJU37361316,"Tube,Connector",CU,9.52x0.7x177.0
케이비,MJU37361317,"Tube,Connector",CU,9.52x0.7x154.0
케이비,MJU37361320,"Tube,Connector",CU,9.52x0.7x130.0
케이비,MJU37361321,"Tube,Connector",CU,9.52x0.7x321.0
케이비,MJU37499501,"Tube,Connector",CU,7.0x0.7x91.0
케이비,MJU38274201,"Tube,Connector",CU,7.0x0.7x94.0
케이비,MJU38274202,"Tube,Connector",CU,7.0x0.7x101.0
케이비,MJU38274203,"Tube,Connector",CU,7.0x0.7x96.0
케이비,MJU38274204,"Tube,Connector",CU,7.0x0.7x96.0
케이비,MJU41942216,"Tube,Connector",CU,19.05x1.0x1286.0
케이비,MJU42239001,"Tube,Connector",CU,9.52x1.45x258.0
케이비,MJU42239004,"Tube,Connector",CU,9.52x1.45x440.0
케이비,MJU42948301,"Tube,Connector",CU,7.0x0.7x60.0
케이비,MJU47213201,"Tube,Connector",CU,9.52x1.45x53.0
케이비,MJU57271806,"Tube,Connector",CU,5.0x0.7x65.0
케이비,MJU60436406,"Tube,Connector",CU,12.7x0.8x118.0
케이비,MJU60436412,"Tube,Connector",CU,12.7x0.8x336.0
케이비,MJU60436413,"Tube,Connector",CU,12.7x0.8x113.0
케이비,MJU60436608,"Tube,Connector",CU,12.7x0.8x473.0
케이비,MJU60436609,"Tube,Connector",CU,12.7x0.8x753.0
케이비,MJU60436625,"Tube,Connector",CU,12.7x0.8x405.0
케이비,MJU60436626,"Tube,Connector",CU,12.7x0.8x820.0
케이비,MJU61356001,"Tube,Connector",CU,6.35x0.7x468.0
케이비,MJU61722001,"Tube,Connector",CU,6.35x0.7x93.0
케이비,MJU61722101,"Tube,Connector",CU,4.76x0.7x100.0
케이비,MJU61884601,"Tube,Connector",CU,6.35x0.7x129.0
케이비,MJU61940004,"Tube,Connector",CU,9.52x1.45x106.0
케이비,MJU61940701,"Tube,Connector",CU,9.52x0.7x85.0
케이비,MJU61942801,"Tube,Connector",CU,6.35x0.7x35.0
케이비,MJU61942901,"Tube,Connector",CU,9.52x0.7x149.0
케이비,MJU61949501,"Tube,Connector",CU,5.0x0.7x287.0
케이비,MJU61949502,"Tube,Connector",CU,5.0x0.7x297.0
케이비,MJU61987003,"Tube,Connector",CU,19.05x1.0x455.0
케이비,MJU62066801,"Tube,Connector",CU,9.52x0.7x206.0
케이비,MJU62287006,"Tube,Connector",CU,15.88x1.0x354.0
케이비,MJU62287008,"Tube,Connector",CU,15.88x1.0x368.0
케이비,MJU62360301,"Tube,Connector",CU,4.76x0.7x389.0
케이비,MJU62360401,"Tube,Connector",CU,4.76x0.7x380.0
케이비,MJU62360501,"Tube,Connector",CU,4.76x0.7x380.0
케이비,MJU62360601,"Tube,Connector",CU,4.76x0.7x397.0
케이비,MJU62390701,"Tube,Connector",CU,15.88x1.0x206.0
케이비,MJU62393501,"Tube,Connector",CU,4.76x0.7x386.0
케이비,MJU62393601,"Tube,Connector",CU,4.76x0.7x390.0
케이비,MJU62393806,"Tube,Connector",CU,9.52x0.7x535.0
케이비,MJU62406601,"Tube,Connector",CU,9.52x1.45x48.0
케이비,MJU62406703,"Tube,Connector",CU,6.35x0.7x134.0
케이비,MJU62692001,"Tube,Connector",CU,9.52x1.45x180.0
케이비,MJU62792001,"Tube,Connector",CU,12.7x0.8x346.0
케이비,MJU62792003,"Tube,Connector",CU,12.7x0.8x377.0
케이비,MJU62792301,"Tube,Connector",CU,15.88x1.0x229.0
케이비,MJU62792304,"Tube,Connector",CU,15.88x1.0x247.0
케이비,MJU62841603,"Tube,Connector",CU,12.7x0.8x96.0
케이비,MJU62866401,"Tube,Connector",CU,7.94x0.7x62.0
케이비,MJU62866402,"Tube,Connector",CU,6.35x0.7x62.0
케이비,MJU62912101,"Tube,Connector",CU,9.52x1.45x282.0
케이비,MJU62915301,"Tube,Connector",CU,12.7x0.8x791.0
케이비,MJU62915302,"Tube,Connector",CU,12.7x0.8x733.0
케이비,MJU62922201,"Tube,Connector",CU,6.35x0.7x130.0
케이비,MJU62987402,"Tube,Connector",CU,6.35x0.9x75.0
케이비,MJU62989201,"Tube,Connector",CU,6.35x0.7x109.0
케이비,MJU62993607,"Tube,Connector",CU,7.0x0.7x63.0
케이비,MJU63009001,"Tube,Connector",CU,6.35x0.7x939.0
케이비,MJU63009002,"Tube,Connector",CU,6.35x0.7x1039.0
케이비,MJU63009004,"Tube,Connector",CU,6.35x0.7x899.0
케이비,MJU63010004,"Tube,Connector",CU,7.0x0.7x114.0
케이비,MJU63010005,"Tube,Connector",CU,7.0x0.7x120.0
케이비,MJU63010006,"Tube,Connector",CU,7.0x0.7x135.0
케이비,MJU63083401,"Tube,Connector",CU,9.52x1.45x349.0
케이비,MJU63083601,"Tube,Connector",CU,9.52x0.7x127.0
케이비,MJU63083701,"Tube,Connector",CU,9.52x0.7x115.0
케이비,MJU63208001,"Tube,Connector",CU,12.7x0.8x231.0
케이비,MJU63337501,"Tube,Connector",CU,7.0x0.7x114.0
케이비,MJU63406104,"Tube,Connector",CU,9.52x0.7x54.0
케이비,MJU63407306,"Tube,Connector",CU,6.35x0.9x62.0
케이비,MJU63429801,"Tube,Connector",CU,9.52x1.45x213.0
케이비,MJU63436601,"Tube,Connector",CU,9.52x1.45x300.0
케이비,MJU63447303,"Tube,Connector",CU,9.52x0.7x226.0
케이비,MJU63467701,"Tube,Connector",CU,9.52x0.7x268.0
케이비,MJU63479112,"Tube,Connector",CU,9.52x1.45x204.0
케이비,MJU63509602,"Tube,Connector",CU,9.52x0.7x270.0
케이비,MJU63509916,"Tube,Connector",CU,5.0x0.7x101.0
케이비,MJU63509917,"Tube,Connector",CU,5.0x0.7x94.0
케이비,MJU63509918,"Tube,Connector",CU,5.0x0.7x87.0
케이비,MJU63509919,"Tube,Connector",CU,5.0x0.7x86.0
케이비,MJU63509920,"Tube,Connector",CU,5.0x0.7x88.0
케이비,MJU63510701,"Tube,Connector",CU,4.76x0.7x245.0
케이비,MJU63510702,"Tube,Connector",CU,4.76x0.7x208.0
케이비,MJU63526201,"Tube,Connector",CU,4.76x0.7x172.0
케이비,MJU63526202,"Tube,Connector",CU,4.76x0.7x195.5
케이비,MJU63526203,"Tube,Connector",CU,4.76x0.7x205.5
케이비,MJU63526204,"Tube,Connector",CU,4.76x0.7x205.5
케이비,MJU63526205,"Tube,Connector",CU,4.76x0.7x205.5
케이비,MJU63526206,"Tube,Connector",CU,4.76x0.7x245.5
케이비,MJU63616501,"Tube,Connector",CU,6.35x0.7x86.0
케이비,MJU63616504,"Tube,Connector",CU,6.35x0.7x64.0
케이비,MJU63616601,"Tube,Connector",CU,6.35x0.7x289.0
케이비,MJU63616605,"Tube,Connector",CU,6.35x0.7x267.0
케이비,MJU63616901,"Tube,Connector",CU,9.52x0.7x51.0
케이비,MJU63617301,"Tube,Connector",CU,9.52x1.45x395.0
케이비,MJU63648401,"Tube,Connector",CU,6.35x0.9x190.0
케이비,MJU63706501,"Tube,Connector",CU,12.7x0.8x118.0
케이비,MJU63706901-01,"Tube,Connector",CU,19.05x1.0x86.0
케이비,MJU63713901,"Tube,Connector",CU,6.35x0.9x75.0
케이비,MJU63714001,"Tube,Connector",CU,9.52x0.7x198.0
케이비,MJU63714003,"Tube,Connector",CU,9.52x0.7x195.0
케이비,MJU63714101,"Tube,Connector",CU,9.52x0.7x95.0
케이비,MJU63714102,"Tube,Connector",CU,9.52x0.7x85.0
케이비,MJU63751002,"Tube,Connector",CU,12.7x0.8x63.0
케이비,MJU63787801,"Tube,Connector",CU,12.7x0.8x153.0
케이비,MJU63908201,"Tube,Connector",CU,6.35x0.7x1190.0
케이비,MJU63947901,"Tube,Connector",CU,6.35x0.7x1190.0
케이비,MJU64050301,"Tube,Connector",CU,9.52x0.7x107.0
케이비,MJU64050302,"Tube,Connector",CU,9.52x0.7x93.0
케이비,MJU64050303,"Tube,Connector",CU,12.7x0.8x364.0
케이비,MJU64226404,"Tube,Connector",CU,9.52x1.45x99.0
케이비,MJU64329103,"Tube,Connector",CU,5.0x0.7x110.0
케이비,MJU64329104,"Tube,Connector",CU,5.0x0.7x111.0
케이비,MJU64329105,"Tube,Connector",CU,5.0x0.7x114.0
케이비,MJU64329106,"Tube,Connector",CU,5.0x0.7x119.0
케이비,MJU64329109,"Tube,Connector",CU,5.0x0.7x110.0
케이비,MJU64407201,"Tube,Connector",CU,19.05x1.0x64.0
케이비,MJU64427701,"Tube,Connector",CU,9.52x0.7x112.0
케이비,MJU64428201,"Tube,Connector",CU,9.52x0.7x497.0
케이비,MJU64428601-1,"Tube,Connector",CU,9.52x0.7x90.0
케이비,MJU64428702,"Tube,Connector",CU,9.52x1.45x831.0
케이비,MJU64428703,"Tube,Connector",CU,9.52x1.45x420.0
케이비,MJU64428801,"Tube,Connector",CU,6.35x0.7x101.0
케이비,MJU64429224,"Tube,Connector",CU,5.0x0.7x207.0
케이비,MJU64429225,"Tube,Connector",CU,5.0x0.7x228.0
케이비,MJU64429226,"Tube,Connector",CU,5.0x0.7x198.0
케이비,MJU64429227,"Tube,Connector",CU,5.0x0.7x161.0
케이비,MJU64431914,"Tube,Connector",CU,4.76x0.7x292.0
케이비,MJU64431915,"Tube,Connector",CU,4.76x0.7x274.0
케이비,MJU64431916,"Tube,Connector",CU,4.76x0.7x235.0
케이비,MJU64687502,"Tube,Connector",CU,15.88x1.0x64.0
케이비,MJU64688201,"Tube,Connector",CU,9.52x1.45x395.0
케이비,MJU64688202,"Tube,Connector",CU,9.52x1.45x515.0
케이비,MJU64708801,"Tube,Connector",CU,9.52x1.45x963.0
케이비,MJU64711201,"Tube,Connector",CU,7.0x0.7x143.0
케이비,MJU64711202,"Tube,Connector",CU,7.0x0.7x126.0
케이비,MJU64711203,"Tube,Connector",CU,7.0x0.7x125.0
케이비,MJU64711204,"Tube,Connector",CU,7.0x0.7x136.0
케이비,MJU64711205,"Tube,Connector",CU,7.0x0.7x159.0
케이비,MJU64711301,"Tube,Connector",CU,7.0x0.7x151.0
케이비,MJU64711302,"Tube,Connector",CU,7.0x0.7x133.0
케이비,MJU64711303,"Tube,Connector",CU,7.0x0.7x122.0
케이비,MJU64711304,"Tube,Connector",CU,7.0x0.7x127.0
케이비,MJU64711305,"Tube,Connector",CU,7.0x0.7x140.0
케이비,MJU64731605,"Tube,Connector",CU,9.52x1.45x609.0
케이비,MJU64749001,"Tube,Connector",CU,9.52x0.7x374.0
케이비,MJU64787001,"Tube,Connector",CU,9.52x1.45x168.0
케이비,MJU64787402,"Tube,Connector",CU,9.52x1.45x909.0
케이비,MJU64809901,"Tube,Connector",CU,4.76x0.7x363.0
케이비,MJU64809902,"Tube,Connector",CU,4.76x0.7x417.0
케이비,MJU64809903,"Tube,Connector",CU,4.76x0.7x468.0
케이비,MJU64809904,"Tube,Connector",CU,4.76x0.7x596.0
케이비,MJU64809905,"Tube,Connector",CU,4.76x0.7x661.0
케이비,MJU64809906,"Tube,Connector",CU,4.76x0.7x747.0
케이비,MJU64809912,"Tube,Connector",CU,6.35x0.7x382.0
케이비,MJU64809913,"Tube,Connector",CU,6.35x0.7x283.0
케이비,MJU64809914,"Tube,Connector",CU,6.35x0.7x114.0
케이비,MJU64809915,"Tube,Connector",CU,12.7x0.8x418.0
케이비,MJU64809916,"Tube,Connector",CU,4.76x0.7x50.0
케이비,MJU64809917,"Tube,Connector",CU,4.76x0.7x117.0
케이비,MJU64809918,"Tube,Connector",CU,4.76x0.7x227.0
케이비,MJU64850701,"Tube,Connector",CU,9.52x1.45x622.0
케이비,MJU64850702,"Tube,Connector",CU,9.52x1.45x803.0
케이비,MJU64850703,"Tube,Connector",CU,9.52x1.45x121.0
케이비,MJU64856901,"Tube,Connector",CU,12.7x0.8x65.0
케이비,MJU64867635,"Tube,Connector",CU,7.94x0.7x977.0
케이비,MJU64868534,"Tube,Connector",CU,6.35x0.7x73.0
케이비,MJU64868549,"Tube,Connector",CU,6.35x0.7x266.0
케이비,MJU64868550,"Tube,Connector",CU,6.35x0.7x124.0
케이비,MJU64967601,"Tube,Connector",CU,9.52x1.45x435.0
케이비,MJU64980101,"Tube,Connector",CU,6.35x0.7x85.0
케이비,MJU64980102,"Tube,Connector",CU,6.35x0.7x175.0
케이비,MJU64987002,"Tube,Connector",CU,7.94x0.7x116.0
케이비,MJU64988901,"Tube,Connector",CU,9.52x0.7x687.0
케이비,MJU65030901,"Tube,Connector",CU,4.76x0.7x251.0
케이비,MJU65030902,"Tube,Connector",CU,4.76x0.7x484.0
케이비,MJU65030914,"Tube,Connector",CU,6.35x0.7x398.0
케이비,MJU65030915,"Tube,Connector",CU,6.35x0.7x150.0
케이비,MJU65048501,"Tube,Connector",CU,7.0x0.7x200.0
케이비,MJU65048502,"Tube,Connector",CU,7.0x0.7x87.0
케이비,MJU65048504,"Tube,Connector",CU,7.0x0.7x159.0
케이비,MJU65048701,"Tube,Connector",CU,7.0x0.7x118.0
케이비,MJU65048703,"Tube,Connector",CU,9.52x1.45x173.0
케이비,MJU65048704,"Tube,Connector",CU,6.35x0.7x101.0
케이비,MJU65048705,"Tube,Connector",CU,9.52x0.7x312.0
케이비,MJU65048708,"Tube,Connector",CU,9.52x1.45x162.0
케이비,MJU65149401,"Tube,Connector",CU,9.52x0.7x68.0
케이비,MJU65149403,"Tube,Connector",CU,7.94x0.7x74.0
케이비,MJU65149407,"Tube,Connector",CU,7.94x0.7x67.0
케이비,MJU65207201,"Tube,Connector",CU,6.35x0.9x315.0
케이비,MJU65207202,"Tube,Connector",CU,6.35x0.9x362.0
케이비,MJU65207301,"Tube,Connector",CU,9.52x1.45x154.0
케이비,MJU65207302,"Tube,Connector",CU,9.52x1.45x50.0
케이비,MJU65207304,"Tube,Connector",CU,9.52x1.45x156.0
케이비,MJU65486416,"Tube,Connector",CU,9.52x1.45x207.0
케이비,MJU65516635,"Tube,Connector",CU,9.52x0.7x993.0
케이비,MJU65588310,"Tube,Connector",CU,9.52x1.45x365.0
케이비,MJU65686706,"Tube,Connector",CU,9.52x1.45x67.0
케이비,MJU66366306,"Tube,Connector",CU,9.52x1.45x95.0
케이비,MJU66480602,"Tube,Connector",CU,9.52x1.45x408.0
케이비,MJU66480701,"Tube,Connector",CU,9.52x1.45x72.0
케이비,MJU66480703,"Tube,Connector",CU,9.52x1.45x121.0
케이비,MJU66483601,"Tube,Connector",CU,7.0x0.7x96.0
케이비,MJU66507046,"Tube,Connector",CU,7.94x0.7x265.0
케이비,MJU66507054,"Tube,Connector",CU,9.52x0.7x144.0
케이비,MJU66507055,"Tube,Connector",CU,9.52x0.7x158.0
케이비,MJU66526301,"Tube,Connector",CU,9.52x1.45x123.0
케이비,MJU66526303,"Tube,Connector",CU,9.52x1.45x144.0
케이비,MJU66526306,"Tube,Connector",CU,9.52x1.45x414.0
케이비,MJU66526307,"Tube,Connector",CU,9.52x1.45x736.0
케이비,MJU66527901,"Tube,Connector",CU,4.76x0.7x328.0
케이비,MJU66527902,"Tube,Connector",CU,4.76x0.7x307.0
케이비,MJU66527903,"Tube,Connector",CU,4.76x0.7x247.0
케이비,MJU66528001,"Tube,Connector",CU,4.76x0.7x253.0
케이비,MJU66528002,"Tube,Connector",CU,4.76x0.7x251.0
케이비,MJU66528003,"Tube,Connector",CU,4.76x0.7x220.0
케이비,MJU66548505,"Tube,Connector",CU,9.52x1.45x169.0
케이비,MJU66548901,"Tube,Connector",CU,6.35x0.9x235.0
케이비,MJU66566802,"Tube,Connector",CU,12.7x0.8x388.0
케이비,MJU66566803,"Tube,Connector",CU,12.7x0.8x598.0
케이비,MJU66566911,"Tube,Connector",CU,15.88x1.0x250.0
케이비,MJU66567002,"Tube,Connector",CU,15.88x1.0x560.0
케이비,MJU66572001,"Tube,Connector",CU,19.05x1.0x81.0
케이비,MJU66746801,"Tube,Connector",CU,9.52x1.45x155.0
케이비,MJU66746901,"Tube,Connector",CU,9.52x1.45x545.0
케이비,MJU66763502,"Tube,Connector",CU,9.52x1.45x80.0
케이비,MJU66773702,"Tube,Connector",CU,12.7x0.8x165.0
케이비,MJU66773703,"Tube,Connector",CU,12.7x0.8x309.0
케이비,MJU66777902,"Tube,Connector",CU,9.52x0.7x659.0
케이비,MJU66779316,"Tube,Connector",CU,9.52x1.45x43.0
케이비,MJU66845505,"Tube,Connector",CU,4.76x0.7x385.0
케이비,MJU66845506,"Tube,Connector",CU,4.76x0.7x544.0
케이비,MJU66845507,"Tube,Connector",CU,4.76x0.7x813.0
케이비,MJU66845508,"Tube,Connector",CU,4.76x0.7x933.0
케이비,MJU66845509,"Tube,Connector",CU,4.76x0.7x1064.0
케이비,MJU66868008,"Tube,Connector",CU,12.7x0.8x984.0
케이비,MJU66899402,"Tube,Connector",CU,5.0x0.7x208.0
케이비,MJU66899503,"Tube,Connector",CU,5.0x0.7x157.0
케이비,MJU66900103,"Tube,Connector",CU,5.0x0.7x139.0
케이비,MJU66928207,"Tube,Connector",CU,12.7x0.8x76.0
케이비,MJU66928209,"Tube,Connector",CU,9.52x0.7x943.0
케이비,MJU66928316,"Tube,Connector",CU,12.7x0.8x130.0
케이비,MJU66932516,"Tube,Connector",CU,9.52x0.7x187.0
케이비,MJU66936609,"Tube,Connector",CU,15.88x1.0x556.0
케이비,MJU66954302,"Tube,Connector",CU,6.35x0.7x276.0
케이비,MJU66954307,"Tube,Connector",CU,9.52x1.45x96.0
케이비,MJU66954404,"Tube,Connector",CU,9.52x0.7x90.0
케이비,MJU66954411,"Tube,Connector",CU,9.52x0.7x80.0
케이비,MJU66954604,"Tube,Connector",CU,7.94x0.7x137.0
케이비,MJU66954609,"Tube,Connector",CU,12.7x0.8x237.0
케이비,MJU66954706,"Tube,Connector",CU,6.35x0.7x230.0
케이비,MJU66954708,"Tube,Connector",CU,7.94x0.7x327.0
케이비,MJU66954709,"Tube,Connector",CU,6.35x0.7x233.0
케이비,MJU66997104,"Tube,Connector",CU,9.52x0.7x220.0
케이비,MJU66997106,"Tube,Connector",CU,9.52x0.7x992.0
케이비,MJU66997107,"Tube,Connector",CU,9.52x0.7x308.0
케이비,MJU66997201,"Tube,Connector",CU,12.7x0.8x224.0
케이비,MJU66997202,"Tube,Connector",CU,12.7x0.8x177.0
케이비,MJU66997203,"Tube,Connector",CU,12.7x0.8x203.0
케이비,MJU66997204,"Tube,Connector",CU,12.7x0.8x194.0
케이비,MJU66997205,"Tube,Connector",CU,12.7x0.8x242.0
케이비,MJU66999302,"Tube,Connector",CU,7.0x0.7x140.0
케이비,MJU66999305,"Tube,Connector",CU,7.0x0.7x128.0
케이비,MJU66999306,"Tube,Connector",CU,7.0x0.7x134.0
케이비,MJU66999307,"Tube,Connector",CU,7.0x0.7x128.0
케이비,MJU67039401,"Tube,Connector",CU,12.7x0.8x682.0
케이비,MJU67039402,"Tube,Connector",CU,6.35x0.7x78.0
