품번,품명,make_type,구성품수,사용상위제품수(공용도),대표상위LG제품,상위최근출고,판정(독립ASSY/SUB)
4848A20007P,Accumulator,3,1,34,AJR65507705,1083.0,
5210A13011G,"Tube,Connector",2,1,4,5211A19008C,15.0,
5210A13011H,"Tube,Connector",2,1,4,5211A19008C,15.0,
5210A13011J,"Tube,Connector",2,1,4,5211A19008C,15.0,
5210A13011K,"Tube,Connector",2,1,4,5211A19008C,15.0,
5210A22271A,"Tube,Capillary Bending",2,1,1,5211A20466D,55.0,
5210A22271B,"Tube,Capillary Bending",2,1,1,5211A20466D,55.0,
5210A22271C,"Tube,Capillary Bending",2,1,1,5211A20466D,55.0,
5210A22271D,"Tube,Capillary Bending",2,1,1,5211A20466D,55.0,
5210A22271E,"Tube,Capillary Bending",2,1,1,5211A20466D,55.0,
5210A22526A,"Tube,Capillary Bending",2,1,2,5211A11023C,8.0,
5210A23936A,"Tube, Capillary Bending",2,1,1,5211A10549A,5.0,
5210A23936B,"Tube, Capillary Bending",2,1,1,5211A10549A,5.0,
5210A23936C,"Tube, Capillary Bending",2,1,1,5211A10549A,5.0,
5210A23936D,"Tube, Capillary Bending",2,1,1,5211A10549A,5.0,
5210A23936E,"Tube, Capillary Bending",2,1,1,5211A10549A,5.0,
5210A23936F,"Tube, Capillary Bending",2,1,1,5211A10549A,5.0,
5210A23936G,"Tube, Capillary Bending",2,1,1,5211A10549A,5.0,
5210A23936H,"Tube, Capillary Bending",2,1,1,5211A10549A,5.0,
5210A23936J,"Tube, Capillary Bending",2,1,1,5211A10549A,5.0,
5210A30994B,"Tube,Connector",2,1,2,5211A10305E,110.0,
5210A30994C,"Tube,Connector",2,1,2,5211A10305E,110.0,
5210A30994D,"Tube,Connector",2,1,2,5211A10305E,110.0,
5210A30994H,"TUBE, CONNECTOR",2,1,2,5211A10305J,300.0,
5210A30994J,"TUBE, CONNECTOR",2,1,2,5211A10305J,300.0,
5210A30994K,"TUBE, CONNECTOR",2,1,2,5211A10305J,300.0,
5210A30998B,"Tube,Connector",2,1,2,5211A10305E,110.0,
5210A30998C,"Tube,Connector",2,1,2,5211A10305E,110.0,
5210A30998F,"TUBE, CONNECTOR",2,1,2,5211A10305J,300.0,
5210A30998G,"TUBE, CONNECTOR",2,1,2,5211A10305J,300.0,
5210AP3851A,"TUBE, MANIFOLD",1,1,1,5211AP3868A,5.0,
5211A22074A,"Tube, Assembly, Connector",1,3,33,AJR73767318,16.0,
5211A23363A,SUB ASSY,1,6,1,5211A23366A,15.0,
5998A20002Q,"Separator, Oil",3,1,1,AHQ73469301,6396.0,
5998A20004A,"Separator,Oil",3,1,1,AJR73026401,3.0,
AAA36923606,Accessory Assembly,2,4,15,PQ061503K03.AKOR,50.0,
AAA36923607,Accessory Assembly,2,3,9,PQ060903E52.AKOR,835.0,
AAA36923608,Accessory Assembly,3,5,15,PQ061508C11.AKOR,23507.0,
AAA36923611,Accessory Assembly,3,5,12,PQ060905K02.AKOR,2975.0,
AAA68954002,Accessory Assembly,3,5,12,PQ060907A11.AKOR,1480.0,
AAA71799405,"Accessory Assembly,Outdoor",1,3,1,PVT-R780.AKM,219.0,
AAB35754002,Accumulator,3,7,20,AGF30058403,10.0,
AET73671514,"Install Part Assembly, Set",1,20,1,PQ061503K03.AKOR,50.0,
AET73671516,"Install Part Assembly, Set",1,19,1,PQ060903E52.AKOR,835.0,
AET73671517,"Install Part Assembly, Set",1,20,1,PQ061503K11.AKOR,15130.0,
AET73671519,"Install Part Assembly, Set",1,21,1,PQ060903E11.AKOR,1350.0,
AET73671520,Install Part Assembly,1,20,1,PQ061203K11.AKOR,77759.0,
AET73671521,"Install Part Assembly,Set",1,22,1,PW061203K11.AKOR,140.0,
AET73671526,"Install Part Assembly,Set",1,19,1,PQ060903E30.AKOR,63219.0,
AET73831438,Install Part Assembly Set,1,18,1,PQ061508C11.AKOR,23507.0,
AET73831439,"Install Part Assembly, Set",1,17,1,PQ061208C11.AKOR,63824.0,
AET73831442,"Install Part Assembly, Set",1,11,1,PQ060907A11.AKOR,1480.0,
AET73831456,"Install Part Assembly,Set",1,11,1,PQ060905K02.AKOR,2975.0,
AET73831467,"Install Part Assembly, Set",1,12,1,PQ060907A15.AKOR,25.0,
AET73831469,"Install Part Assembly,Set",1,10,1,PQ060905R01.AKOR,157084.0,
AET73831473,"Install Part Assembly,Set",1,10,1,PW060905R01.AKOR,6565.0,
AET73831475,"Install Part Assembly,Set",1,11,1,PQ060907A30.AKOR,22254.0,
AET73831478,"Install Part Assembly, Set",1,21,2,PQ061208C41.AKOR,103010.0,
AET73831479,"Install Part Assembly, Set",1,21,2,PQ061508C41.AKOR,6315.0,
AET73831480,"Install Part Assembly, Set",1,18,1,PQ061208C14.AKOR,12328.0,
AET73831481,"Install Part Assembly, Set",1,11,1,PQ060907A31.AKOR,2644.0,
AET73831482,"Install Part Assemblym, Set",1,9,1,SH091505DA0.AKCXLHD,1045.0,
AFY73689501,AFY73689501,3,8,2,AJR73786307,3.0,
AFY73689504,Muffler Assy,3,4,2,AJJ75639409,2860.0,
AFY73689506,Muffler Assembly,3,3,1,AJR75711901,232.0,
AFY73689511,MTS SUB,2,5,3,AJR75744535,478.0,
AFY73689514,Muffler Assembly,5,5,2,AJR75103117,5.0,
AGF30058504,"Package Assemble, C/CKD",1,6,1,AGF30058404,1050.0,
AGF30058505,"Package Assembly,C/SKD",1,4,1,AGF30058407,21680.0,
AGF30444701,"Package Assembly, C/SKD",1,8,1,AGF30444802,19082.0,
AGF30444703,"Package Assembly, C/SKD",1,9,1,AGF30444804,4217.0,
AGG00376901,"Packing Assembly, C/SKD",,8,1,AGF04106701,24289.0,
AGG00376902,"Packing Assembly, C/SKD",1,8,1,AGF04106702,15885.0,
AGG00376903,"Packing Assembly, C/SKD",1,8,1,AGF04106703,12056.0,
AGG00399402,"Packing Assembly,C/SKD",1,6,1,AGF30024008,1327.0,
AGG00416301,"Packing Assembly,C/SKD",1,8,1,AGF04226601,60.0,
AGG00416302,"Packing Assembly,C/SKD",2,8,1,AGF04226602,60.0,
AGG00416303,"Packing Assembly, C/SKD",1,6,1,AGF04226603,290.0,
AHQ72909201,"Separator Assembly,Oil",1,19,1,AJR73026401,3.0,
AJC75119303,EASY LINK(Ø12.7),3,12,1,AET30216903,5.0,
AJJ73040828,Supporter Assembly,1,4,6,AJR76523005,7.0,
AJJ73898601,체결 SUB,1,5,6,AJJ73898602,20.0,
AJJ73898619,AJJ73898619,1,6,1,AJJ73898618,2.0,
AJJ73898628,Supporter Assembly,1,4,1,AJJ73898629,5.0,
AJJ73898651,Supporter Assembly,1,4,1,AJJ75838627,303.0,
AJJ74158907,AJJ74158907,1,4,1,AJJ74758302,2.0,
AJJ75358411,체결 SUB,1,6,1,AJR36618618,2.0,
AJJ75358416,Supporter Assembly,1,7,1,AJR36618618,2.0,
AJJ75358439,Supporter Assembly,1,5,1,AJR36618620,2758.0,
AJJ75358440,Supporter Assembly,1,6,1,AJR36618620,2758.0,
AJJ75358442,Supporter Assembly,1,5,1,AJR36618623,1991.0,
AJJ75358443,Supporter Assembly,1,4,1,AJR36618623,1991.0,
AJR30000501,"Tube Assembly, Expansion",1,3,3,AJR77224805,10167.0,
AJR30020101,"Tube Assembly,Expansion",1,11,1,AJR30019901,80.0,
AJR30051201,"Tube Assembly,Solenoide",1,2,3,AJR77224518,7583.0,
AJR30051202,"Tube Assembly,Solenoide",1,2,4,AJR77224516,2.0,
AJR30057201,STS Connector,3,2,1,AEG74792502,5073.0,
AJR30057401,STS Connector,3,3,1,AEG74792502,5073.0,
AJR30069701,Eva Out,1,2,1,AJR30069601,327.0,
AJR30069801,Eva In,1,2,2,AJR30069601,327.0,
AJR30080601,"Tube Assembly,Solenoide",1,10,2,AJR30105801,200.0,
AJR30080701,Tube Assembly,1,6,2,AJR30105801,200.0,
AJR30122701,"Tube Assembly, Connector",1,3,1,AJR30123401,9394.0,
AJR30123101,"Tube Assembly,Suction(Outdoor)",1,3,1,AJR30123401,9394.0,
AJR30123201,"Tube Assembly,Reverse",1,6,1,AJR30123401,9394.0,
AJR30125501,"Tube Assembly,Solenoide",1,1,2,AJR30125601,7179.0,
AJR30125502,"Tube Assembly,Solenoide",1,2,1,AJR30125601,7179.0,
AJR30125503,"Tube Assembly,Solenoide",1,6,2,AJR30125602,176.0,
AJR30125504,"Tube Assembly,Solenoide",1,1,1,AJR30125603,220.0,
AJR30125505,"Tube Assembly,Solenoide",1,1,2,AJR30125603,220.0,
AJR30133503,"Tube Assembly,Expansion",1,1,1,AJR30125601,7179.0,
AJR30133504,"Tube Assembly,Expansion",1,2,1,AJR30125603,220.0,
AJR30138401,"Tube Assembly,Expansion",1,10,2,AJR30138101,8.0,
AJR30138402,"Tube Assembly,Expansion",1,9,1,AJR30138103,19.0,
AJR30138403,"Tube Assembly,Expansion",1,9,1,AJR30138104,7.0,
AJR30138501,"Tube Assembly,Expansion",1,8,2,AJR30138101,8.0,
AJR30138502,"Tube Assembly,Expansion",1,8,1,AJR30138103,19.0,
AJR30138503,"Tube Assembly,Expansion",1,8,1,AJR30138104,7.0,
AJR33295125,6.35*5m 접합관,3,5,12,PQ061508C11.AKOR,23507.0,
AJR33295126,9.52*5m 접합관,3,5,7,PQ060905K02.AKOR,2975.0,
AJR33295127,15.88*5m 접합관,3,5,7,PQ061508C11.AKOR,23507.0,
AJR33295144,12.7*5m 접합관,3,5,4,PQ061208C11.AKOR,63824.0,
AJR33295150,6.35*7.5m 접합관,3,5,4,PQ060907A11.AKOR,1480.0,
AJR33295151,9.52*7.5m 접합관,3,5,4,PQ060907A11.AKOR,1480.0,
AJR33295152,6.35*8m 코팅관,3,3,4,PQ061208C41.AKOR,103010.0,
AJR33295153,12.7*8m 코팅관,3,3,2,PQ061208C41.AKOR,103010.0,
AJR33295154,15.88*8m 코팅관,3,3,2,PQ061508C41.AKOR,6315.0,
AJR36904201,AJR36904201,1,3,2,AJR72937704,8.0,
AJR52737623,AJR52737623,2,5,2,AJJ73898618,2.0,
AJR52737635,AJR52737635,2,2,1,AJJ73898629,5.0,
AJR55829113,Tube Assembly,1,6,1,AEG74589807,170.0,
AJR71429341,"Tube Assembly,Suction",1,2,1,AJR76523012,120.0,
AJR72916202,Tube Assembly,1,9,1,PVT-R780.AKM,219.0,
AJR72929201,프레스 밴딩 SUB,1,2,14,AJR72928401,55.0,
AJR72929210,사내 SUB,1,2,2,AJR73965702,10.0,
AJR72935101,AJR72935101,1,7,1,AJJ72912201,2.0,
AJR72940102,15.88*3M 직관 (SUB),2,2,11,PQ061503K03.AKOR,50.0,
AJR72940106,6.35*2M 직관 (SUB),2,2,10,PQ061503K03.AKOR,50.0,
AJR72942901,"Tube Assembly,Connector",1,3,2,AJR72937704,8.0,
AJR72950705,Tube Assembly Suction,1,3,1,AJJ75639409,2860.0,
AJR73343201,사내 고압 SUB,1,2,3,AJR55796808,112.0,
AJR73343303,사내 저압 SUB,1,2,1,AJR55796808,112.0,
AJR73566520,Tube Assembly,1,4,1,AJR74485504,10.0,
AJR73566525,Tube Assembly,1,2,1,AJR74485504,10.0,
AJR73663104,AJR73663104,1,4,3,AJJ74618301,75.0,
AJR73665401,판형 SUB,2,5,1,ADM72950701,11.0,
AJR73724007,"Tube Assembly, Condense(In)",1,11,2,ADM72950717,193.0,
AJR73724104,판형 SUB,1,4,3,ADM72950717,193.0,
AJR73743901,판형 SUB,1,8,2,ADM72950714,473.0,
AJR73743904,판형 SUB,1,8,3,ADM72950717,193.0,
AJR73744406,"Tube Assembly,Condenser(In)",1,12,1,ADM72950714,473.0,
AJR73744411,"Tube Assembly, Condenser(In)",1,12,3,ADM72950717,193.0,
AJR73763001,AJR73763001,1,11,2,AJR73982401,30.0,
AJR73782506,"Tube Assembly, Capillary",2,2,1,AJR30105801,200.0,
AJR73803006,"Tube Assembly, Connector",1,4,1,AET73631404,80.0,
AJR73909902,AJR73909902,1,11,2,AJR73822515,2.0,
AJR73909903,AJR73909903,1,14,1,AJR73944513,5.0,
AJR73942801,판형 SUB,1,5,2,ADM72950714,473.0,
AJR73942804,판형 SUB,1,5,2,ADM72950717,193.0,
AJR73943301,AJR73943301,1,13,1,AJR73982401,30.0,
AJR73964702,AJR73964702,1,7,1,AJR74125301,3.0,
AJR73968602,AJR73968602,1,1,3,AJJ73898618,2.0,
AJR73968605,AJR73968605,1,3,1,AJJ73898629,5.0,
AJR73973704,AJR73973704,1,9,2,AJR73944513,5.0,
AJR73973706,"Tube Assembly, Discharge",1,7,1,AJR75584501,5.0,
AJR73986701,Condenser Sub assy,1,12,1,AJJ73898602,20.0,
AJR74229401,"Tube Assembly,Evaporator(Out)",1,6,1,AJR74290701,1.0,
AJR74288601,Tube Assembly,1,5,1,AJR74485504,10.0,
AJR74288602,Tube Assembly,1,1,1,AJR74485504,10.0,
AJR74290001,"Tube Assembly,Evaporator(In)",1,3,1,AJR74290701,1.0,
AJR74424621,"Tube Assembly,Reverse",1,5,1,AJR76523012,120.0,
AJR74424632,"Tube Assembly, Reserve",1,9,1,AJR76523027,10133.0,
AJR74444806,9.52*3.6m (양쪽확관),2,5,2,AET73471408,3508.0,
AJR74444808,15.88*3.6m (양쪽확관),2,5,2,AET73471408,3508.0,
AJR74522901,"Tube Assembly,Reverse",1,10,2,AJR74524701,2646.0,
AJR74522902,AJR74522902,1,11,3,AJR74524702,2.0,
AJR74523001,AJR74523001,1,11,1,AJR74524702,2.0,
AJR74523003,AJR74523003,1,5,2,AJR74524703,1930.0,
AJR74523006,AJR74523006,1,6,3,AJR74524701,2646.0,
AJR74803501,Condenser Sub Assy,1,12,1,AJJ73898612,15.0,
AJR74803505,AJR74803505,1,5,1,AJJ74758302,2.0,
AJR74803516,사내 SUB,1,9,1,AJR36618618,2.0,
AJR74803521,사내 SUB,1,5,7,AJJ75358427,80.0,
AJR74803541,"Tube Assembly, Condenser",1,8,1,AJR36618620,2758.0,
AJR74803543,"Tube Assembly, Condenser(Out)",1,3,1,AJR36618623,1991.0,
AJR74803552,"Tube Assembly, Condenser",1,5,1,AJJ75838626,14461.0,
AJR74803553,"Tube Assembly, Condenser",1,4,1,AJJ75838627,303.0,
AJR74942617,"Tube Assy, Evaporator(In)",,2,1,AJR74942531,80.0,
AJR74942623,"Tube Assy, Evaporator(In)",1,2,4,AJR75942501,30.0,
AJR74942626,"Tube Assy, Evaporator(In)",1,2,3,AJR74942547,4184.0,
AJR74942627,"Tube Assy, Evaporator(In)",1,2,1,AJR74942548,105.0,
AJR74942632,"Tube Assy, Evaporator(In)",1,2,1,AJR75942502,120.0,
AJR74942709,"Tube Assy, Evaporator(Out)",1,2,3,AJR75942501,30.0,
AJR74942724,"Tube Assy, Evaporator(Out)",1,3,2,AJR74942531,80.0,
AJR74942729,"Tube Assembly, Evaporator",1,2,1,AJR74942547,4184.0,
AJR74942730,"Tube Assy, Evaporator(Out)",1,2,1,AJR74942548,105.0,
AJR74942735,저압부 SUB ASSY,1,3,2,AJR75942504,97.0,
AJR74942754,"Tube Assembly,Evaporator(Out)",1,2,1,AJR74942581,208.0,
AJR74944201,"Tube Assembly, Connector",1,2,1,AJR73803002,115.0,
AJR75103205,"Tube Assembly,Reverse",,9,1,AJR75103117,5.0,
AJR75142605,"Tube Assembly,Manifold(Indoor)",1,3,1,AJR75142606,611.0,
AJR75163205,"Tube Assembly,Manifold(Indoor)",1,3,1,AJR75163206,1314.0,
AJR75222406,AJR75222406,1,3,1,AJJ74758302,2.0,
AJR75242801,사내 고압 SUB,1,2,2,AJR75243101,510.0,
AJR75242802,사내 고압 SUB,1,2,2,AJR75243105,5329.0,
AJR75242815,고압 SUB,1,2,1,AJR75243124,1002.0,
AJR75242816,고압 SUB,1,2,1,AJR75243125,2589.0,
AJR75243001,AJR75243001,1,3,1,AJR75243101,510.0,
AJR75243006,사내 저압 SUB,1,2,1,AJR75243105,5329.0,
AJR75243014,사내 저압 SUB,1,3,2,AJR75243118,2535.0,
AJR75243021,저압 SUB,1,3,1,AJR75243125,2589.0,
AJR75262808,"Tube Assembly, Expansion",1,5,2,AJJ73040829,6300.0,
AJR75484601,SUB ASSY,1,4,2,AJR75463110,12.0,
AJR75484602,AJR75484602,1,4,1,AJR75483401,705.0,
AJR75503602,"Tube Assembly, Expansion",1,4,2,AJR75463110,12.0,
AJR75503610,"Tube Assembly, Expansion",1,3,1,AJR75463110,12.0,
AJR75503701,"Tube Assembly,Solenoide",1,3,2,AJR75463101,1335.0,
AJR75503702,AJR75503702,1,3,1,AJR75483401,705.0,
AJR75503704,"Tube Assembly,Solenoide",1,3,1,AJR75463110,12.0,
AJR75544501,SUB ASSY,1,4,3,AJR75544201,2019.0,
AJR75544503,AJR75544503,1,3,1,AJR75544204,50.0,
AJR75544505,"Tube Assembly,Solenoide",1,3,2,AJR76982501,357.0,
AJR75544601,AJR75544601,1,5,2,AJR75544201,2019.0,
AJR75544604,AJR75544604,1,4,1,AJR75544204,50.0,
AJR75544609,"Tube Assembly,Solenoide",1,4,2,AJR77224506,3.0,
AJR75662801,AJR75662801,1,7,1,AJJ75178301,10.0,
AJR75687907,Tube Assembly,1,4,1,AJR75802606,167.0,
AJR75722805,"Tube Assembly,Reverse",1,16,1,AJR75710506,20.0,
AJR75744106,"Tube Assembly, Suciton",2,6,5,AJJ75358404,5.0,
AJR75744119,AJR75744119,2,6,3,AJJ75358401,300.0,
AJR75744142,"Tube Assembly,Suction(Outdoor)",1,1,1,AJR36618623,1991.0,
AJR75744143,"Tube Assembly,Suction(Outdoor)",1,1,3,AJJ75358444,43.0,
AJR75747604,고압부 SUB ASSY,1,3,1,AJR75747504,40.0,
AJR75747704,저압부 SUB ASSY,1,3,1,AJR75747504,40.0,
AJR75827805,"Tube Assembly,Expansion",1,6,1,AJR75827603,10631.0,
AJR75827808,"Tube Assembly, Expansion",1,6,1,AJR75827605,21594.0,
AJR75828001,"Tube Assembly,Manifold(Indoor)",1,4,2,AJR75827603,10631.0,
AJR75842544,9.52*5m (롱너트양쪽확관),3,4,1,SH091505DA0.AKCXLHD,1045.0,
AJR75842545,15.88*5m (롱너트양쪽확관),3,4,1,SH091505DA0.AKCXLHD,1045.0,
AJR76322701,"Tube Assembly,Solenoide",1,4,1,AJR76322601,15.0,
AJR76322801,"Tube Assembly,Solenoide",1,3,1,AJR76322601,15.0,
AJR76442511,"Tube Assembly,Suction(Outdoor)",1,2,5,AJJ75838622,10.0,
AJR76442512,"Tube Assembly, Suction",3,4,1,AJJ75838627,303.0,
AJR76462612,판형 SUB,5,3,1,ADM74930503,15.0,
AJR76462614,Tube Assembly,1,9,1,ADM74930503,15.0,
AJR76462618,판형 SUB,1,4,1,ADM73210510,22.0,
AJR76462619,Tube Assembly,1,4,1,ADM74930506,4.0,
AJR76462620,판형 SUB,1,1,2,ADM73210510,22.0,
AJR76462625,판형 SUB,1,4,2,ADM74930507,17.0,
AJR76462626,판형 SUB,1,3,2,ADM74930507,17.0,
AJR76462634,판형 SUB,1,2,2,ADM73210515,610.0,
AJR76462635,Sub Assembly,1,3,1,AJR76502612,130.0,
AJR76462708,ADM74930502 SUB,1,7,1,ADM74930502,35.0,
AJR76462709,ADM74930502 SUB,1,11,1,ADM74930502,35.0,
AJR76462710,ADM73210506 SUB,1,12,1,ADM73210506,182.0,
AJR76462711,ADM73210506 SUB,1,7,1,ADM73210506,182.0,
AJR76462717,Tube Assembly,1,7,1,ADM74930503,15.0,
AJR76462718,Tube Assembly,1,11,1,ADM74930503,15.0,
AJR76462721,판형 SUB(STS),1,4,2,ADM73210510,22.0,
AJR76462722,판형 SUB(STS),1,8,2,ADM73210510,22.0,
AJR76462725,판형 SUB,1,5,2,ADM74930507,17.0,
AJR76462726,판형 SUB,1,4,2,ADM74930507,17.0,
AJR76462735,판형 SUB,1,2,2,ADM73210515,610.0,
AJR76463401J&I,"Tube Assembly,Condenser(In)",,3,1,AJR76463401,6.0,
AJR76483601,Tube Assembly,1,2,1,AJR76483603,125.0,
AJR76483602,Tube Assembly,1,2,1,AJR76483603,125.0,
AJR76545301,"Tube Assembly,Reverse",1,5,1,AJR36618618,2.0,
AJR76545302,"Tube Assembly,Reverse",1,7,2,AJR36618620,2758.0,
AJR76563202,판형 SUB,1,6,3,ADM72950717,193.0,
AJR76563303,판형 SUB,1,7,2,ADM72950717,193.0,
AJR76582901,고압부 SBU ASSY,1,1,1,AJR76582801,111.0,
AJR76583001,저압부 SUB ASSY,1,1,1,AJR76582801,111.0,
AJR76982401,"Tube Assembly,Solenoide",1,4,1,AJR76982501,357.0,
AJR77188801,"Tube Assembly, Soleniod",1,1,8,AJR77224501,525.0,
AJR77188802,지그9(AJR772245 시리즈 하위),1,1,14,AJR77224502,147.0,
AJR77223001,"Tube Assembly,Reverse",1,7,1,AJR77222901,3.0,
AJR77223002,"Tube Assembly,Reverse",1,11,1,AJR77222906,5.0,
AJR77223101,"Tube Assembly,Discharge",2,5,1,AJR77222901,3.0,
AJR77223105,"Tube Assembly,Discharge",2,1,2,AJR77222905,51.0,
AJR77223201,"Tube Assembly,Suction",1,2,2,AJR77222901,3.0,
AJR77223202,"Tube Assembly,Suction",1,5,1,AJR77222906,5.0,
AJR77223204,"Tube Assembly,Suction",1,3,1,AJR77222904,3.0,
ALB31554001,Tube Assembly,1,2,1,ALB32062101,5.0,
ALB31554101,Tube Assembly,1,2,1,ALB32062102,30.0,
CHA03202000112,"Tube,Capi",3,1,1,AET73631404,80.0,
MAZ64571801,Bracket,3,1,33,AJR30125601,7179.0,
MAZ64571802,Bracket,3,1,7,AJR75544201,2019.0,
MJC62561701,STS 망 cap + 오링,3,2,3,AJR75802606,167.0,
MJU00702404,"Tube, Connector",3,1,1,AJR30007603,347.0,
MJU00702408,"Tube, Connector",3,1,1,AJR30007603,347.0,
MJU00702410,Tube Connection,2,1,2,AJR30009403,604.0,
MJU00702413,Tube Connection,2,1,2,AJR30009403,604.0,
MJU38273201,"Tube,Bending",2,1,1,AJR73062401,125.0,
MJU38273203,"Tube,Bending",2,1,1,AJR73062401,125.0,
MJU38273205,"Tube,Bending",2,1,1,AJR73062401,125.0,
MJU38273403,"Tube,Bending",2,1,1,AJR73062401,125.0,
MJU38273406,"Tube,Bending",2,1,1,AJR73062401,125.0,
MJU39074301,5424AP3074S,2,1,2,AJR33796503,8.0,
MJU39074302,5424AP3074S,2,1,2,AJR33796503,8.0,
MJU39074303,5424AP3074S,2,1,2,AJR33796503,8.0,
MJU39074304,5424AP3074S,2,1,2,AJR33796503,8.0,
MJU39074305,5424AP3074S,2,1,2,AJR33796503,8.0,
MJU39074306,5424AP3074S,2,1,2,AJR33796503,8.0,
MJU39074307,5424AP3074S,2,1,2,AJR33796503,8.0,
MJU39074319,"TUBE, CAPI",2,1,5,AJR30100101,2480.0,
MJU39074322,"TUBE, CAPI",2,1,4,AJR30100101,2480.0,
MJU39074323,"TUBE, CAPI",2,1,4,AJR30100101,2480.0,
MJU39074324,"TUBE, CAPI",2,1,4,AJR30100101,2480.0,
MJU39074325,"TUBE, CAPI",2,1,4,AJR30100101,2480.0,
MJU39074326,"TUBE, CAPI",2,1,4,AJR30100101,2480.0,
MJU39074327,"TUBE, CAPI",2,1,4,AJR30100101,2480.0,
MJU39931109,"Tube,Installation",2,2,1,PQ060907A11.AKOR,1480.0,
MJU39931110,"Tube,Installation",3,2,1,PQ060907A11.AKOR,1480.0,
MJU39931112,"Tube,Installation",2,2,1,PQ061508C11.AKOR,23507.0,
MJU39931113,"Tube,Installation",2,2,1,PQ060905K02.AKOR,2975.0,
MJU39931115,"Tube,Installation",2,2,1,PQ061508C11.AKOR,23507.0,
MJU39931122,"Tube,Installation",3,2,1,PQ061208C11.AKOR,63824.0,
MJU40157905,"Tube,Capillary Bending",2,2,1,AJR73026401,3.0,
MJU40157910,"Tube,Connector",2,2,3,AJR73944513,5.0,
MJU40157911,Tube Connector,2,1,2,AJR77222902,1576.0,
MJU40307301,"TUBE, CAPI BENDING",2,1,1,AJR36137805,7.0,
MJU40307901,"TUBE, CAPI BENDING",2,1,1,AJR36137805,7.0,
MJU40308101,"TUBE, CAPI BENDING",2,1,1,AJR36137805,7.0,
MJU40308701,"TUBE, CAPI BENDING",2,1,1,AJR36137805,7.0,
MJU41491701,"Tube,Capillary",2,2,2,AJR72953201,120.0,
MJU42356104,"Tube,Connector",2,1,2,AJJ74618301,75.0,
MJU42643701,"Tube,Capillary",2,1,1,AJR37042101,70.0,
MJU42805401,"TUBE, CAPILLARY BENDING",2,1,1,AJR36852701,10.0,
MJU42805402,"TUBE, CAPILLARY BENDING",2,1,1,AJR36852701,10.0,
MJU42886501,Tube Capillary,2,1,1,AJR37042101,70.0,
MJU42886601,"Tube,Capillary",2,1,1,AJR37042101,70.0,
MJU42886701,"Tube,Capillary",2,1,1,AJR37042101,70.0,
MJU42938502,"Tube,Connector",2,1,3,AJR76363001,866.0,
MJU56925101,"Tube,Connector",2,2,1,AJR68019501,65.0,
MJU56925302,"Tube,Connector",2,2,1,AJR68019501,65.0,
MJU56925303,"Tube,Connector",2,2,1,AJR68019501,65.0,
MJU56925401,"Tube,Connector",2,2,1,AJR68019501,65.0,
MJU61882006,"Tube,Connector",2,1,1,AJR73965702,10.0,
MJU61928901,"Tube,Connector",2,2,8,AJR72946805,3.0,
MJU61943601,"Tube, capillary",2,2,15,AJR73964601,2023.0,
MJU61943608,"Tube,Connector",2,2,3,AJR75962501,1035.0,
MJU62066901,"Tube,Capillary Bending",2,1,1,AJR73062401,125.0,
MJU62096501,축관만 가공,2,1,57,AJR73980306,2.0,
MJU62128502,"Tube,Connector",2,1,2,AJR71429415,8.0,
MJU62128503,"Tube,Connector",2,1,5,AJR73988107,15.0,
MJU62194501,"Tube,Connector",2,1,2,AJR73182701,25.0,
MJU62356330,"TUBE, CAPILLARY BENDING",2,1,1,AJR65507613,2.0,
MJU62356331,"TUBE, CAPILLARY BENDING",2,1,1,AJR65507613,2.0,
MJU62356332,"TUBE, CAPILLARY BENDING",2,1,1,AJR65507613,2.0,
MJU62356333,"TUBE, CAPILLARY BENDING",2,1,1,AJR65507613,2.0,
MJU62388708,"Tube,Capillary",2,1,3,AJR65507613,2.0,
MJU62388709,"Tube,Capillary",2,1,1,AJR65507613,2.0,
MJU62388716,"Tube,Capillary",2,1,2,AJR32674708,21.0,
MJU62388719,"Tube,Capillary",2,1,1,AJR32674708,21.0,
MJU62388720,"Tube,Capillary",2,1,2,AJR32674708,21.0,
MJU62388721,"Tube,Capillary",2,1,1,AJR32674708,21.0,
MJU62388728,"Tube,Capillary",2,1,3,AJR32674714,90.0,
MJU62388729,"Tube,Capillary",2,1,1,AJR32674714,90.0,
MJU62388730,"Tube,Capillary",2,1,2,AJR32674714,90.0,
MJU62730201,"Tube,Connector",2,1,1,ADM72950701,11.0,
MJU62730202,"Tube,Connector",2,1,1,ADM72950701,11.0,
MJU62788805,"Tube,Connector",2,1,3,AJR73965606,12893.0,
MJU62788806,"Tube,Connector",2,1,3,AJR73965607,12914.0,
MJU62788807,"Tube,Connector",2,1,3,AJR73965606,12893.0,
MJU62788808,"Tube,Connector",2,1,3,AJR73965607,12914.0,
MJU62788809,"Tube,Connector",2,1,3,AJR73965606,12893.0,
MJU62788810,"Tube,Connector",2,1,3,AJR73965607,12914.0,
MJU62788817,"Tube,Connector",2,1,2,AJR73965606,12893.0,
MJU62788818,"Tube,Connector",2,1,2,AJR73965607,12914.0,
MJU62788819,"Tube,Connector",2,1,2,AJR73965606,12893.0,
MJU62788820,"Tube,Connector",2,1,2,AJR73965607,12914.0,
MJU62788821,"Tube,Connector",2,1,2,AJR73965606,12893.0,
MJU62788822,"Tube,Connector",2,1,2,AJR73965606,12893.0,
MJU62788823,"Tube,Connector",2,1,2,AJR73965607,12914.0,
MJU62788824,"Tube,Connector",2,1,2,AJR73965607,12914.0,
MJU62789005,"Turbe,Capillary Bending",2,1,2,AJR73965601,61.0,
MJU62789006,"Turbe,Capillary Bending",2,1,2,AJR73965602,78.0,
MJU62789007,"Turbe,Capillary Bending",2,1,2,AJR73965601,61.0,
MJU62789008,"Turbe,Capillary Bending",2,1,2,AJR73965602,78.0,
MJU62822001,"Turbe,Capillary Bending",2,1,5,AJR73768803,17.0,
MJU62822002,"Turbe,Capillary Bending",2,1,6,AJR73768803,17.0,
MJU62822003,"Turbe,Capillary Bending",2,1,5,AJR73768803,17.0,
MJU62911901,"Tube,Capillary Bending",2,2,6,AJR73767511,31.0,
MJU62911903,"Tube,Capillary Bending",2,1,3,AJR74385603,22.0,
MJU62921203,"Tube,Connector",2,1,2,AJJ73898602,20.0,
MJU62921204,"Tube,Connector",2,1,2,AJJ73898602,20.0,
MJU62922101,"Tube,Connector",2,1,3,AJR73965606,12893.0,
MJU62922102,"Tube,Connector",2,1,3,AJR73965607,12914.0,
MJU62922103,"Tube,Connector",2,1,3,AJR73965606,12893.0,
MJU62922104,"Tube,Connector",2,1,3,AJR73965607,12914.0,
MJU62922105,"Tube,Connector",2,1,3,AJR73965606,12893.0,
MJU62922106,"Tube,Connector",2,1,3,AJR73965607,12914.0,
MJU62922107,"Tube,Connector",2,1,3,AJR73965606,12893.0,
MJU62922108,"Tube,Connector",2,1,3,AJR73965607,12914.0,
MJU62922109,"Tube,Connector",2,1,3,AJR73965606,12893.0,
MJU62922110,"Tube,Connector",2,1,3,AJR73965607,12914.0,
MJU62922111,"Tube,Connector",2,1,3,AJR73965606,12893.0,
MJU62922112,"Tube,Connector",2,1,3,AJR73965607,12914.0,
MJU62922113,"Tube,Connector",2,1,3,AJR73965606,12893.0,
MJU62922114,"Tube,Connector",2,1,3,AJR73965607,12914.0,
MJU62968508,"Tube,Bending",2,1,3,AJR32674713,170.0,
MJU62968521,"Tube,Bending",2,1,2,AJR32674713,170.0,
MJU62968522,"Tube,Bending",2,1,2,AJR32674713,170.0,
MJU62968523,"Tube,Bending",2,1,2,AJR32674713,170.0,
MJU62968524,"Tube,Bending",2,1,2,AJR32674713,170.0,
MJU62968525,"Tube,Bending",2,1,2,AJR32674713,170.0,
MJU62968526,"Tube,Bending",2,1,2,AJR32674713,170.0,
MJU62968527,"Tube,Bending",2,1,2,AJR32674713,170.0,
MJU62968528,"Tube,Bending",2,1,2,AJR32674713,170.0,
MJU62968529,"Tube,Bending",2,1,2,AJR32674713,170.0,
MJU62968530,"Tube,Bending",2,1,2,AJR32674713,170.0,
MJU62968701,"Tube,Connector",2,1,2,AJR73982401,30.0,
MJU62968801,"Tube,Connector",2,1,2,AJR73982401,30.0,
MJU62968901,"Tube,Connector",2,1,2,AJR73982401,30.0,
MJU62969703,"Tube,Capi",2,1,1,AJR32674713,170.0,
MJU62969731,"Tube,Capillary",2,1,5,AJR32674713,170.0,
MJU63043601,"Tube,Capillary Bending",2,1,3,AJR32674708,21.0,
MJU63043604,"Tube,Capillary Bending",2,1,5,AJR32674708,21.0,
MJU63043605,"Tube,Capillary Bending",2,1,3,AJR32674708,21.0,
MJU63043607,"Tube,Capillary Bending",2,1,2,AJR32674708,21.0,
MJU63043608,"Tube,Capillary Bending",2,1,2,AJR32674708,21.0,
MJU63043609,"Tube,Capillary Bending",2,1,2,AJR32674708,21.0,
MJU63043617,"Tube,Capillary Bending",2,1,2,AJR32674714,90.0,
MJU63043618,"Tube,Capillary Bending",2,1,2,AJR32674714,90.0,
MJU63043619,"Tube,Capillary Bending",2,1,2,AJR32674714,90.0,
MJU63043620,"Tube,Capillary Bending",2,1,2,AJR32674714,90.0,
MJU63043621,"Tube,Capillary Bending",2,1,2,AJR32674714,90.0,
MJU63086901,"Tube,Capillary Bending",1,1,2,AJR73988601,3.0,
MJU63086902,"Tube,Capillary Bending",1,1,2,AJR73988601,3.0,
MJU63287901,"Tube,Capillary",3,1,4,AJR73767201,32.0,
MJU63433501,"Tube,Connector",3,1,1,AJR74282902,3.0,
MJU63509811,"Tube,Connector",1,1,2,AJR74263316,22565.0,
MJU63612901,"Tube,Capillary Bending",2,1,3,AJR74823001,910.0,
MJU63612902,"Tube,Capillary Bending",2,1,3,AJR74823001,910.0,
MJU63612903,"Tube,Capillary Bending",2,1,3,AJR74823001,910.0,
MJU63612904,"Tube,Capillary Bending",2,1,3,AJR74823001,910.0,
MJU63612905,"Tube,Capillary Bending",2,1,3,AJR74823001,910.0,
MJU63612906,"Tube,Capillary Bending",2,1,3,AJR74823001,910.0,
MJU63618001,"Tube,Connector",2,2,4,AJR76703612,2611.0,
MJU63618002,"Tube,Connector",2,2,2,AJR74365205,20.0,
MJU63650904,Tube Connector,2,1,1,AJR71433341,58.0,
MJU63650905,"Tube,Connector",2,1,3,AJR75104018,84.0,
MJU63651009,Tube Connector,2,1,1,AJR76523011,548.0,
MJU63706901,"Tube,Connector",2,2,2,AJR74482401,48597.0,
MJU63732901,"Tube,Connector",2,1,1,AJR74524701,2646.0,
MJU63751201,"Tube,Connector",2,1,2,AJR74365101,35.0,
MJU63751301,"Tube,Connector",2,1,2,AJR74365101,35.0,
MJU63751401,"Tube,Connector",2,1,2,AJR74365101,35.0,
MJU63751501,"Tube,Connector",2,1,2,AJR74365101,35.0,
MJU63751601,"Tube,Connector",2,1,2,AJR74365101,35.0,
MJU63751701,"Tube,Connector",2,1,2,AJR74365101,35.0,
MJU63751801,"Tube,Connector",2,1,2,AJR74365101,35.0,
MJU63751901,"Tube,Connector",2,1,2,AJR74365101,35.0,
MJU63752001,"Tube,Connector",2,1,2,AJR74365101,35.0,
MJU63752101,"Tube,Connector",2,1,2,AJR74365101,35.0,
MJU63752201,"Tube,Connector",2,1,2,AJR74365101,35.0,
MJU63752301,"Tube,Connector",2,1,2,AJR74365101,35.0,
MJU63752401,"Tube,Connector",2,1,2,AJR74365101,35.0,
MJU63772601,"Tube,Capillary Bending",2,2,2,AJR73767304,90.0,
MJU63772602,"Tube Capillary,Bending",2,1,1,AJR74488604,90.0,
MJU63787901,"Tube,Connector",2,2,3,AJR74524701,2646.0,
MJU63788601,"Tube,Connector",2,2,3,AJR74524701,2646.0,
MJU64032301,Tube Connector,2,1,1,AJJ73898612,15.0,
MJU64189801,"TUBE, CONNECTOR",2,1,3,AJR30087401,558.0,
MJU64227001,"Tube,Capillary",2,1,4,AJR74823001,910.0,
MJU64227002,"Tube,Capillary",2,1,1,AJR74823001,910.0,
MJU64307307,Tube Capillary,2,1,8,AJR75062906,19419.0,
MJU64307308,Tube Capillary,2,1,8,AJR75062906,19419.0,
MJU64307309,Tube Capillary,2,1,8,AJR75062906,19419.0,
MJU64307310,Tube Capillary,2,1,8,AJR75062906,19419.0,
MJU64307311,Tube Capillary,2,1,8,AJR75062906,19419.0,
MJU64307312,Tube Capillary,2,1,8,AJR75062906,19419.0,
MJU64307313,Tube Capillary,2,1,8,AJR75062906,19419.0,
MJU64307314,Tube Capillary,2,1,8,AJR75062906,19419.0,
MJU64307315,Tube Capillary,2,1,8,AJR75062906,19419.0,
MJU64307316,Tube Capillary,2,1,8,AJR75062906,19419.0,
MJU64307317,Tube Capillary,2,1,4,AJR75062907,6543.0,
MJU64307318,Tube Capillary,2,1,4,AJR75062907,6543.0,
MJU64307319,Tube Capillary,2,1,4,AJR75062907,6543.0,
MJU64307320,Tube Capillary,2,1,4,AJR75062907,6543.0,
MJU64307321,Tube Capillary,2,1,4,AJR75062907,6543.0,
MJU64307322,Tube Capillary,2,1,4,AJR75062907,6543.0,
MJU64329001,"Tube,Capillary Bending",1,1,2,AJR75104701,303.0,
MJU64329002,"Tube,Capillary Bending",1,1,2,AJR75104701,303.0,
MJU64329003,"Tube,Capillary Bending",1,1,2,AJR75104701,303.0,
MJU64329004,"Tube,Capillary Bending",1,1,2,AJR75104701,303.0,
MJU64329005,"Tube,Capillary Bending",1,1,2,AJR75104701,303.0,
MJU64329006,"Tube,Capillary Bending",1,1,2,AJR75104701,303.0,
MJU64329007,"Tube,Capillary Bending",1,1,2,AJR75104701,303.0,
MJU64329008,"Tube,Capillary Bending",1,1,2,AJR75104701,303.0,
MJU64671101+용접링,Connector+용접링,1,2,18,AJR30007103,5233.0,
MJU64671102+용접링,Connector+용접링,1,2,18,AJR30007103,5233.0,
MJU64671103+용접링,Connector+용접링,2,2,9,AJR30007103,5233.0,
MJU64671104+용접링,Connector+용접링,2,2,11,AJR30007103,5233.0,
MJU64671105+용접링,Connector+용접링,2,2,12,AJR30007103,5233.0,
MJU64671109+용접링,Connector+용접링,2,2,13,AJR30007103,5233.0,
MJU64671113+용접링,Connector+용접링,1,2,5,AJR77225303,10128.0,
MJU64671114+용접링,Connector+용접링,1,2,5,AJR77225303,10128.0,
MJU64671115+용접링,Connector+용접링,2,2,3,AJR77225303,10128.0,
MJU64671116+용접링,Connector+용접링,2,2,3,AJR77225303,10128.0,
MJU64671117+용접링,Connector+용접링,2,2,5,AJR77225303,10128.0,
MJU64671118+용접링,Connector+용접링,2,2,5,AJR77225303,10128.0,
MJU64671119+용접링,중앙 SUB,2,2,1,AJR77225304,2644.0,
MJU64794001,"TUBE, CONNECTOR",2,1,1,AJR75563501,7.0,
MJU64794401,"TUBE, CONNECTOR",2,1,1,AJR75563501,7.0,
MJU64794402,"Tube,Connector",2,1,4,AJR75563502,130.0,
MJU64809907,"Tube,Connector",2,1,2,AJR75563701,1938.0,
MJU64809908,"Tube,Connector",2,1,2,AJR75563701,1938.0,
MJU64809909,"Tube,Connector",2,1,2,AJR75563701,1938.0,
MJU64809910,"Tube,Connector",2,1,2,AJR75563701,1938.0,
MJU64809911,"Tube,Connector",2,1,2,AJR75563701,1938.0,
MJU64856701,"Tube,Connector",2,1,2,AJR75645201,2849.0,
MJU64857301,"Tube,Connector",2,1,2,AJR75645201,2849.0,
MJU64857401,"Tube,Connector",2,1,2,AJR75645201,2849.0,
MJU64857501,"Tube,Connector",2,1,2,AJR75645201,2849.0,
MJU64857601,"Tube,Connector",2,1,2,AJR75645201,2849.0,
MJU64857701,"Tube,Connector",2,1,2,AJR75645201,2849.0,
MJU64870703,Tube Capillary Bending,1,2,6,AJR30033101,87.0,
MJU64874301,"Tube,Connector",2,1,1,5211A10305T,15.0,
MJU64874302,"Tube,Connector",2,1,1,5211A10305T,15.0,
MJU64874303,"Tube,Connector",2,1,1,5211A10305T,15.0,
MJU64874304,"Tube,Connector",2,1,1,5211A10305T,15.0,
MJU64874305,"Tube,Connector",2,1,1,5211A10305T,15.0,
MJU64906401,"Tube,Connector",2,1,2,AJR75645201,2849.0,
MJU64906501,"Tube,Connector",2,1,2,AJR75645201,2849.0,
MJU64906601,"Tube,Connector",2,1,2,AJR75645201,2849.0,
MJU64906701,"Tube,Connector",2,1,2,AJR75645201,2849.0,
MJU64906901,"Tube,Connector",2,1,2,AJR75645201,2849.0,
MJU64914701,"Tube,Connector",1,1,1,AJR75705901,31.0,
MJU64921201,"Tube,Capillary Bending",2,1,4,AJR75563502,130.0,
MJU65009101,"Tube,Connector",2,1,5,AJR75786301,11659.0,
MJU65009102,"Tube,Connector",2,1,5,AJR75786301,11659.0,
MJU65009103,"Tube,Connector",2,1,5,AJR75786301,11659.0,
MJU65009104,"Tube,Connector",2,1,5,AJR75786301,11659.0,
MJU65026412,Body(9.52)+MJU65026411,2,2,1,AJR36618620,2758.0,
MJU65026413,동도금+동Distributor,1,2,15,AJR30060805,20168.0,
MJU65030903,"Tube,Connector",2,1,1,AJR75563702,51.0,
MJU65030904,"Tube,Connector",2,1,1,AJR75563702,51.0,
MJU65030905,"Tube,Connector",2,1,1,AJR75563702,51.0,
MJU65030906,"Tube,Connector",2,1,1,AJR75563702,51.0,
MJU65030907,"Tube,Connector",2,1,1,AJR75563702,51.0,
MJU65030908,"Tube,Connector",2,1,1,AJR75563702,51.0,
MJU65030909,"Tube,Connector",2,1,1,AJR75563702,51.0,
MJU65030910,"Tube,Connector",2,1,1,AJR75563702,51.0,
MJU65030911,"Tube,Connector",2,1,1,AJR75563702,51.0,
MJU65030912,"Tube,Connector",2,1,1,AJR75563702,51.0,
MJU65030913,"Tube,Connector",2,1,1,AJR75563702,51.0,
MJU65512602,"Tube,Manifold",1,1,1,AJR77182802,1683.0,
MJU65517901+용접링,Connector+용접링,2,2,8,AJR77263005,3625.0,
MJU65517902+용접링,Connector+용접링,2,2,8,AJR77263005,3625.0,
MJU65517903+용접링,Connector+용접링,2,2,6,AJR77263005,3625.0,
MJU65517904+용접링,Connector+용접링,2,2,6,AJR77263005,3625.0,
MJU65517905+용접링,Connector+용접링,2,2,6,AJR77263005,3625.0,
MJU65517906+용접링,Connector+용접링,2,2,6,AJR77263005,3625.0,
MJU65517908+용접링,Connector+용접링,2,2,6,AJR77263005,3625.0,
MJU65517909+용접링,Connector+용접링,2,2,5,AJR77263005,3625.0,
MJU65517911+용접링,Connector+용접링,2,2,6,AJR77263005,3625.0,
MJU65517912+용접링,Connector+용접링,2,2,6,AJR77263005,3625.0,
MJU65517913+용접링,Connector+용접링,2,2,3,AJR77263003,249.0,
MJU65517914+용접링,sub,3,2,2,AJR77263007,21896.0,
MJU65517915+용접링,sub,3,2,2,AJR77263007,21896.0,
MJU65517916+용접링,Tube Connector,3,2,2,AJR77263007,21896.0,
MJU65517917+용접링,Tube Connector,3,2,2,AJR77263007,21896.0,
MJU65517918+용접링,Tube Connector,3,2,2,AJR77263007,21896.0,
MJU65517919+용접링,Tube Connector,3,2,2,AJR77263007,21896.0,
MJU65517921+용접링,Tube Connector,3,2,2,AJR77263007,21896.0,
MJU65517922+용접링,Tube Connector,3,2,2,AJR77263007,21896.0,
MJU65517924+용접링,Tube Connector,3,2,2,AJR77263007,21896.0,
MJU65517925+용접링,Tube Connector,3,2,2,AJR77263007,21896.0,
MJU65666830,Tube Connector,1,1,5,AJR76462903,60.0,
MJU66366803,Tube Connector,2,1,1,AJR77163102,2858.0,
MJU66467102,"Tube,Manifold",1,1,1,AJR77182902,1686.0,
MJU66471701+용접링,Connector+용접링,2,2,3,AJR77263001,15.0,
MJU66471702+용접링,Connector+용접링,2,2,2,AJR77263001,15.0,
MJU66471705+용접링,Connector+용접링,2,2,2,AJR77263001,15.0,
MJU66471707+용접링,Connector+용접링,2,2,3,AJR77263001,15.0,
MJU66500702,"Tube,Manifold",2,1,1,AJR77170902,566.0,
MJU66502904+용접링,Connector+용접링,3,2,1,AJR77263009,7401.0,
MJU66502905+용접링,Connector+용접링,3,2,1,AJR77263009,7401.0,
MJU66502907+용접링,Connector+용접링,3,2,1,AJR77263009,7401.0,
MJU66502908+용접링,Connector+용접링,3,2,1,AJR77263009,7401.0,
MJU66503001+용접링,Connector+용접링,2,2,2,AJR77263001,15.0,
MJU66547301,"Tube,Connector",2,1,7,AJR76823101,486.0,
MJU66548701,"Tube,Connector",1,1,1,AJR77243801,10.0,
MJU66571302+용접링,Connector+용접링,2,2,5,AJR30007103,5233.0,
MJU66571303+용접링,Connector+용접링,2,2,1,AJR77224901,395.0,
MJU66571305+용접링,Connector+용접링,2,2,7,AJR30007103,5233.0,
MJU66571306+용접링,Connector+용접링,2,2,4,AJR30007103,5233.0,
MJU66571308+용접링,Connector+용접링,2,2,4,AJR77225303,10128.0,
MJU66571310+용접링,Connector+용접링,2,2,3,AJR77225303,10128.0,
MJU66571311+용접링,Connector+용접링,2,2,3,AJR77225303,10128.0,
MJU66803006,"Tube,Connector",1,1,1,AJR30028405,264.0,
MJU66803009,"Tube,Connector",2,1,1,AJR30028411,2270.0,
MJU66803015,"Tube,Connector",2,1,1,AJR30028409,264.0,
MJU66803017,Hole 작업,1,1,1,AJR75802613,2269.0,
MJU66803018,"Tube,Connector",2,1,1,AJR30028411,2270.0,
MJU66824401,Tube Connector,2,1,2,AJR30038101,1360.0,
MJU66824402,Tube Connector,2,1,2,AJR30038101,1360.0,
MJU66824403,Tube Connector,2,1,2,AJR30038101,1360.0,
MJU66824404,Tube Connector,2,1,2,AJR30038101,1360.0,
MJU66824405,Tube Connector,2,1,2,AJR30038101,1360.0,
MJU66824406,Tube Connector,2,1,2,AJR30038101,1360.0,
MJU66824407,Tube Connector,2,1,2,AJR30038101,1360.0,
MJU66824408,Tube Connector,2,1,2,AJR30038101,1360.0,
MJU66824409,Tube Connector,2,1,2,AJR30038101,1360.0,
MJU66824410,Tube Connector,2,1,2,AJR30038101,1360.0,
MJU66824411,Tube Connector,2,1,2,AJR30038101,1360.0,
MJU66824412,Tube Connector,2,1,2,AJR30038101,1360.0,
MJU66825001,Tube Connector,2,1,2,AJR30038301,1362.0,
MJU66825002,Tube Connector,2,1,2,AJR30038301,1362.0,
MJU66825003,Tube Connector,2,1,2,AJR30038301,1362.0,
MJU66825004,Tube Connector,2,1,2,AJR30038301,1362.0,
MJU66825005,Tube Connector,2,1,2,AJR30038301,1362.0,
MJU66825006,Tube Connector,2,1,2,AJR30038301,1362.0,
MJU66845511,Tube Connector,2,1,4,AJR77142502,3994.0,
MJU66845512,Tube Connector,2,1,4,AJR77142502,3994.0,
MJU66845513,Tube Connector,2,1,4,AJR77142502,3994.0,
MJU66954402,"Tube, Connector ",2,1,1,ACQ30605001,137.0,
MJU66954403,"Tube, Connector ",2,1,1,ACQ30605001,137.0,
MJU66998701,"Tube, Capillary",2,1,1,AJR30103101,205.0,
MJU66998702,"Tube, Capillary",2,1,1,AJR30103101,205.0,
MJU66998703,"Tube, Connector",3,1,2,AJR30103102,79.0,
MJU66998704,"Tube, Connector",3,1,2,AJR30103102,79.0,
