ASSY품번(서브분류됨),품명,상위LG제품,상위LG매출수량(25/01~),상위최근출고
4848A20007P,Accumulator,AJR65507705,1083.0,260522
5210A13011G,"Tube,Connector",5211A19008C,15.0,250620
5210A13011H,"Tube,Connector",5211A19008C,15.0,250620
5210A13011J,"Tube,Connector",5211A19008C,15.0,250620
5210A13011K,"Tube,Connector",5211A19008C,15.0,250620
5210A22271A,"Tube,Capillary Bending",5211A20466D,55.0,250709
5210A22271B,"Tube,Capillary Bending",5211A20466D,55.0,250709
5210A22271C,"Tube,Capillary Bending",5211A20466D,55.0,250709
5210A22271D,"Tube,Capillary Bending",5211A20466D,55.0,250709
5210A22271E,"Tube,Capillary Bending",5211A20466D,55.0,250709
5210A22526A,"Tube,Capillary Bending",5211A11023C,8.0,250212
5210A23936A,"Tube, Capillary Bending",5211A10549A,5.0,250212
5210A23936B,"Tube, Capillary Bending",5211A10549A,5.0,250212
5210A23936C,"Tube, Capillary Bending",5211A10549A,5.0,250212
5210A23936D,"Tube, Capillary Bending",5211A10549A,5.0,250212
5210A23936E,"Tube, Capillary Bending",5211A10549A,5.0,250212
5210A23936F,"Tube, Capillary Bending",5211A10549A,5.0,250212
5210A23936G,"Tube, Capillary Bending",5211A10549A,5.0,250212
5210A23936H,"Tube, Capillary Bending",5211A10549A,5.0,250212
5210A23936J,"Tube, Capillary Bending",5211A10549A,5.0,250212
5210A30994B,"Tube,Connector",5211A10305E,110.0,260710
5210A30994C,"Tube,Connector",5211A10305E,110.0,260710
5210A30994D,"Tube,Connector",5211A10305E,110.0,260710
5210A30994H,"TUBE, CONNECTOR",5211A10305J,300.0,260515
5210A30994J,"TUBE, CONNECTOR",5211A10305J,300.0,260515
5210A30994K,"TUBE, CONNECTOR",5211A10305J,300.0,260515
5210A30998B,"Tube,Connector",5211A10305E,110.0,260710
5210A30998C,"Tube,Connector",5211A10305E,110.0,260710
5210A30998F,"TUBE, CONNECTOR",5211A10305J,300.0,260515
5210A30998G,"TUBE, CONNECTOR",5211A10305J,300.0,260515
5210AP3851A,"TUBE, MANIFOLD",5211AP3868A,5.0,250725
5211A22074A,"Tube, Assembly, Connector",AJR73767318,16.0,251028
5211A23363A,SUB ASSY,5211A23366A,15.0,250522
5998A20002Q,"Separator, Oil",AHQ73469301,6396.0,260810
5998A20004A,"Separator,Oil",AJR73026401,3.0,250922
AAA36923606,Accessory Assembly,PQ061503K03.AKOR,50.0,250905
AAA36923607,Accessory Assembly,PQ060903E52.AKOR,835.0,260630
AAA36923608,Accessory Assembly,PQ061508C11.AKOR,23507.0,260519
AAA36923611,Accessory Assembly,PQ060905K02.AKOR,2975.0,260122
AAA68954002,Accessory Assembly,PQ060907A11.AKOR,1480.0,260508
AAA71799405,"Accessory Assembly,Outdoor",PVT-R780.AKM,219.0,251110
AAB35754002,Accumulator,AGF30058403,10.0,250613
AET73671514,"Install Part Assembly, Set",PQ061503K03.AKOR,50.0,250905
AET73671516,"Install Part Assembly, Set",PQ060903E52.AKOR,835.0,260630
AET73671517,"Install Part Assembly, Set",PQ061503K11.AKOR,15130.0,260730
AET73671519,"Install Part Assembly, Set",PQ060903E11.AKOR,1350.0,260508
AET73671520,Install Part Assembly,PQ061203K11.AKOR,77759.0,260813
AET73671521,"Install Part Assembly,Set",PW061203K11.AKOR,140.0,260601
AET73671526,"Install Part Assembly,Set",PQ060903E30.AKOR,63219.0,260724
AET73831438,Install Part Assembly Set,PQ061508C11.AKOR,23507.0,260519
AET73831439,"Install Part Assembly, Set",PQ061208C11.AKOR,63824.0,260813
AET73831442,"Install Part Assembly, Set",PQ060907A11.AKOR,1480.0,260508
AET73831456,"Install Part Assembly,Set",PQ060905K02.AKOR,2975.0,260122
AET73831467,"Install Part Assembly, Set",PQ060907A15.AKOR,25.0,250827
AET73831469,"Install Part Assembly,Set",PQ060905R01.AKOR,157084.0,260813
AET73831473,"Install Part Assembly,Set",PW060905R01.AKOR,6565.0,260813
AET73831475,"Install Part Assembly,Set",PQ060907A30.AKOR,22254.0,260521
AET73831478,"Install Part Assembly, Set",PQ061208C41.AKOR,103010.0,260814
AET73831479,"Install Part Assembly, Set",PQ061508C41.AKOR,6315.0,260630
AET73831480,"Install Part Assembly, Set",PQ061208C14.AKOR,12328.0,260508
AET73831481,"Install Part Assembly, Set",PQ060907A31.AKOR,2644.0,260508
AET73831482,"Install Part Assemblym, Set",SH091505DA0.AKCXLHD,1045.0,260225
AFY73689501,AFY73689501,AJR73786307,3.0,260402
AFY73689504,Muffler Assy,AJJ75639409,2860.0,260225
AFY73689506,Muffler Assembly,AJR75711901,232.0,260730
AFY73689511,MTS SUB,AJR75744535,478.0,260316
AFY73689514,Muffler Assembly,AJR75103117,5.0,251014
AGF30058504,"Package Assemble, C/CKD",AGF30058404,1050.0,260703
AGF30058505,"Package Assembly,C/SKD",AGF30058407,21680.0,260709
AGF30444701,"Package Assembly, C/SKD",AGF30444802,19082.0,260814
AGF30444703,"Package Assembly, C/SKD",AGF30444804,4217.0,260727
AGG00376901,"Packing Assembly, C/SKD",AGF04106701,24289.0,260722
AGG00376902,"Packing Assembly, C/SKD",AGF04106702,15885.0,260722
AGG00376903,"Packing Assembly, C/SKD",AGF04106703,12056.0,260527
AGG00399402,"Packing Assembly,C/SKD",AGF30024008,1327.0,260625
AGG00416301,"Packing Assembly,C/SKD",AGF04226601,60.0,260514
AGG00416302,"Packing Assembly,C/SKD",AGF04226602,60.0,260514
AGG00416303,"Packing Assembly, C/SKD",AGF04226603,290.0,260812
AHQ72909201,"Separator Assembly,Oil",AJR73026401,3.0,250922
AJC75119303,EASY LINK(Ø12.7),AET30216903,5.0,251023
AJJ73040828,Supporter Assembly,AJR76523005,7.0,250620
AJJ73898601,체결 SUB,AJJ73898602,20.0,251016
AJJ73898619,AJJ73898619,AJJ73898618,2.0,250623
AJJ73898628,Supporter Assembly,AJJ73898629,5.0,250903
AJJ73898651,Supporter Assembly,AJJ75838627,303.0,260811
AJJ74158907,AJJ74158907,AJJ74758302,2.0,260223
AJJ75358411,체결 SUB,AJR36618618,2.0,250417
AJJ75358416,Supporter Assembly,AJR36618618,2.0,250417
AJJ75358439,Supporter Assembly,AJR36618620,2758.0,260709
AJJ75358440,Supporter Assembly,AJR36618620,2758.0,260709
AJJ75358442,Supporter Assembly,AJR36618623,1991.0,260728
AJJ75358443,Supporter Assembly,AJR36618623,1991.0,260728
AJR30000501,"Tube Assembly, Expansion",AJR77224805,10167.0,260812
AJR30020101,"Tube Assembly,Expansion",AJR30019901,80.0,260630
AJR30051201,"Tube Assembly,Solenoide",AJR77224518,7583.0,260423
AJR30051202,"Tube Assembly,Solenoide",AJR77224516,2.0,260305
AJR30057201,STS Connector,AEG74792502,5073.0,260721
AJR30057401,STS Connector,AEG74792502,5073.0,260721
AJR30069701,Eva Out,AJR30069601,327.0,260716
AJR30069801,Eva In,AJR30069601,327.0,260716
AJR30080601,"Tube Assembly,Solenoide",AJR30105801,200.0,260721
AJR30080701,Tube Assembly,AJR30105801,200.0,260721
AJR30122701,"Tube Assembly, Connector",AJR30123401,9394.0,260810
AJR30123101,"Tube Assembly,Suction(Outdoor)",AJR30123401,9394.0,260810
AJR30123201,"Tube Assembly,Reverse",AJR30123401,9394.0,260810
AJR30125501,"Tube Assembly,Solenoide",AJR30125601,7179.0,260814
AJR30125502,"Tube Assembly,Solenoide",AJR30125601,7179.0,260814
AJR30125503,"Tube Assembly,Solenoide",AJR30125602,176.0,260814
AJR30125504,"Tube Assembly,Solenoide",AJR30125603,220.0,260813
AJR30125505,"Tube Assembly,Solenoide",AJR30125603,220.0,260813
AJR30133503,"Tube Assembly,Expansion",AJR30125601,7179.0,260814
AJR30133504,"Tube Assembly,Expansion",AJR30125603,220.0,260813
AJR30138401,"Tube Assembly,Expansion",AJR30138101,8.0,260610
AJR30138402,"Tube Assembly,Expansion",AJR30138103,19.0,260601
AJR30138403,"Tube Assembly,Expansion",AJR30138104,7.0,260610
AJR30138501,"Tube Assembly,Expansion",AJR30138101,8.0,260610
AJR30138502,"Tube Assembly,Expansion",AJR30138103,19.0,260601
AJR30138503,"Tube Assembly,Expansion",AJR30138104,7.0,260610
AJR33295125,6.35*5m 접합관,PQ061508C11.AKOR,23507.0,260519
AJR33295126,9.52*5m 접합관,PQ060905K02.AKOR,2975.0,260122
AJR33295127,15.88*5m 접합관,PQ061508C11.AKOR,23507.0,260519
AJR33295144,12.7*5m 접합관,PQ061208C11.AKOR,63824.0,260813
AJR33295150,6.35*7.5m 접합관,PQ060907A11.AKOR,1480.0,260508
AJR33295151,9.52*7.5m 접합관,PQ060907A11.AKOR,1480.0,260508
AJR33295152,6.35*8m 코팅관,PQ061208C41.AKOR,103010.0,260814
AJR33295153,12.7*8m 코팅관,PQ061208C41.AKOR,103010.0,260814
AJR33295154,15.88*8m 코팅관,PQ061508C41.AKOR,6315.0,260630
AJR36904201,AJR36904201,AJR72937704,8.0,260407
AJR52737623,AJR52737623,AJJ73898618,2.0,250623
AJR52737635,AJR52737635,AJJ73898629,5.0,250903
AJR55829113,Tube Assembly,AEG74589807,170.0,260727
AJR71429341,"Tube Assembly,Suction",AJR76523012,120.0,251202
AJR72916202,Tube Assembly,PVT-R780.AKM,219.0,251110
AJR72929201,프레스 밴딩 SUB,AJR72928401,55.0,260810
AJR72929210,사내 SUB,AJR73965702,10.0,260604
AJR72935101,AJR72935101,AJJ72912201,2.0,250314
AJR72940102,15.88*3M 직관 (SUB),PQ061503K03.AKOR,50.0,250905
AJR72940106,6.35*2M 직관 (SUB),PQ061503K03.AKOR,50.0,250905
AJR72942901,"Tube Assembly,Connector",AJR72937704,8.0,260407
AJR72950705,Tube Assembly Suction,AJJ75639409,2860.0,260225
AJR73343201,사내 고압 SUB,AJR55796808,112.0,260609
AJR73343303,사내 저압 SUB,AJR55796808,112.0,260609
AJR73566520,Tube Assembly,AJR74485504,10.0,250618
AJR73566525,Tube Assembly,AJR74485504,10.0,250618
AJR73663104,AJR73663104,AJJ74618301,75.0,260630
AJR73665401,판형 SUB,ADM72950701,11.0,260403
AJR73724007,"Tube Assembly, Condense(In)",ADM72950717,193.0,260731
AJR73724104,판형 SUB,ADM72950717,193.0,260731
AJR73743901,판형 SUB,ADM72950714,473.0,260625
AJR73743904,판형 SUB,ADM72950717,193.0,260731
AJR73744406,"Tube Assembly,Condenser(In)",ADM72950714,473.0,260625
AJR73744411,"Tube Assembly, Condenser(In)",ADM72950717,193.0,260731
AJR73763001,AJR73763001,AJR73982401,30.0,260604
AJR73782506,"Tube Assembly, Capillary",AJR30105801,200.0,260721
AJR73803006,"Tube Assembly, Connector",AET73631404,80.0,260723
AJR73909902,AJR73909902,AJR73822515,2.0,250108
AJR73909903,AJR73909903,AJR73944513,5.0,250618
AJR73942801,판형 SUB,ADM72950714,473.0,260625
AJR73942804,판형 SUB,ADM72950717,193.0,260731
AJR73943301,AJR73943301,AJR73982401,30.0,260604
AJR73964702,AJR73964702,AJR74125301,3.0,260226
AJR73968602,AJR73968602,AJJ73898618,2.0,250623
AJR73968605,AJR73968605,AJJ73898629,5.0,250903
AJR73973704,AJR73973704,AJR73944513,5.0,250618
AJR73973706,"Tube Assembly, Discharge",AJR75584501,5.0,250527
AJR73986701,Condenser Sub assy,AJJ73898602,20.0,251016
AJR74229401,"Tube Assembly,Evaporator(Out)",AJR74290701,1.0,250526
AJR74288601,Tube Assembly,AJR74485504,10.0,250618
AJR74288602,Tube Assembly,AJR74485504,10.0,250618
AJR74290001,"Tube Assembly,Evaporator(In)",AJR74290701,1.0,250526
AJR74424621,"Tube Assembly,Reverse",AJR76523012,120.0,251202
AJR74424632,"Tube Assembly, Reserve",AJR76523027,10133.0,260731
AJR74444806,9.52*3.6m (양쪽확관),AET73471408,3508.0,260814
AJR74444808,15.88*3.6m (양쪽확관),AET73471408,3508.0,260814
AJR74522901,"Tube Assembly,Reverse",AJR74524701,2646.0,260811
AJR74522902,AJR74522902,AJR74524702,2.0,250611
AJR74523001,AJR74523001,AJR74524702,2.0,250611
AJR74523003,AJR74523003,AJR74524703,1930.0,260731
AJR74523006,AJR74523006,AJR74524701,2646.0,260811
AJR74803501,Condenser Sub Assy,AJJ73898612,15.0,250910
AJR74803505,AJR74803505,AJJ74758302,2.0,260223
AJR74803516,사내 SUB,AJR36618618,2.0,250417
AJR74803521,사내 SUB,AJJ75358427,80.0,260622
AJR74803541,"Tube Assembly, Condenser",AJR36618620,2758.0,260709
AJR74803543,"Tube Assembly, Condenser(Out)",AJR36618623,1991.0,260728
AJR74803552,"Tube Assembly, Condenser",AJJ75838626,14461.0,260814
AJR74803553,"Tube Assembly, Condenser",AJJ75838627,303.0,260811
AJR74942617,"Tube Assy, Evaporator(In)",AJR74942531,80.0,260608
AJR74942623,"Tube Assy, Evaporator(In)",AJR75942501,30.0,260701
AJR74942626,"Tube Assy, Evaporator(In)",AJR74942547,4184.0,260720
AJR74942627,"Tube Assy, Evaporator(In)",AJR74942548,105.0,260630
AJR74942632,"Tube Assy, Evaporator(In)",AJR75942502,120.0,260630
AJR74942709,"Tube Assy, Evaporator(Out)",AJR75942501,30.0,260701
AJR74942724,"Tube Assy, Evaporator(Out)",AJR74942531,80.0,260608
AJR74942729,"Tube Assembly, Evaporator",AJR74942547,4184.0,260720
AJR74942730,"Tube Assy, Evaporator(Out)",AJR74942548,105.0,260630
AJR74942735,저압부 SUB ASSY,AJR75942504,97.0,260714
AJR74942754,"Tube Assembly,Evaporator(Out)",AJR74942581,208.0,260706
AJR74944201,"Tube Assembly, Connector",AJR73803002,115.0,260706
AJR75103205,"Tube Assembly,Reverse",AJR75103117,5.0,251014
AJR75142605,"Tube Assembly,Manifold(Indoor)",AJR75142606,611.0,260715
AJR75163205,"Tube Assembly,Manifold(Indoor)",AJR75163206,1314.0,260728
AJR75222406,AJR75222406,AJJ74758302,2.0,260223
AJR75242801,사내 고압 SUB,AJR75243101,510.0,260810
AJR75242802,사내 고압 SUB,AJR75243105,5329.0,260813
AJR75242815,고압 SUB,AJR75243124,1002.0,260721
AJR75242816,고압 SUB,AJR75243125,2589.0,260813
AJR75243001,AJR75243001,AJR75243101,510.0,260810
AJR75243006,사내 저압 SUB,AJR75243105,5329.0,260813
AJR75243014,사내 저압 SUB,AJR75243118,2535.0,260626
AJR75243021,저압 SUB,AJR75243125,2589.0,260813
AJR75262808,"Tube Assembly, Expansion",AJJ73040829,6300.0,260810
AJR75484601,SUB ASSY,AJR75463110,12.0,260423
AJR75484602,AJR75484602,AJR75483401,705.0,260506
AJR75503602,"Tube Assembly, Expansion",AJR75463110,12.0,260423
AJR75503610,"Tube Assembly, Expansion",AJR75463110,12.0,260423
AJR75503701,"Tube Assembly,Solenoide",AJR75463101,1335.0,260629
AJR75503702,AJR75503702,AJR75483401,705.0,260506
AJR75503704,"Tube Assembly,Solenoide",AJR75463110,12.0,260423
AJR75544501,SUB ASSY,AJR75544201,2019.0,260812
AJR75544503,AJR75544503,AJR75544204,50.0,260728
AJR75544505,"Tube Assembly,Solenoide",AJR76982501,357.0,260814
AJR75544601,AJR75544601,AJR75544201,2019.0,260812
AJR75544604,AJR75544604,AJR75544204,50.0,260728
AJR75544609,"Tube Assembly,Solenoide",AJR77224506,3.0,250903
AJR75662801,AJR75662801,AJJ75178301,10.0,251014
AJR75687907,Tube Assembly,AJR75802606,167.0,260512
AJR75722805,"Tube Assembly,Reverse",AJR75710506,20.0,250606
AJR75744106,"Tube Assembly, Suciton",AJJ75358404,5.0,250820
AJR75744119,AJR75744119,AJJ75358401,300.0,260723
AJR75744142,"Tube Assembly,Suction(Outdoor)",AJR36618623,1991.0,260728
AJR75744143,"Tube Assembly,Suction(Outdoor)",AJJ75358444,43.0,260706
AJR75747604,고압부 SUB ASSY,AJR75747504,40.0,260626
AJR75747704,저압부 SUB ASSY,AJR75747504,40.0,260626
AJR75827805,"Tube Assembly,Expansion",AJR75827603,10631.0,250911
AJR75827808,"Tube Assembly, Expansion",AJR75827605,21594.0,251023
AJR75828001,"Tube Assembly,Manifold(Indoor)",AJR75827603,10631.0,250911
AJR75842544,9.52*5m (롱너트양쪽확관),SH091505DA0.AKCXLHD,1045.0,260225
AJR75842545,15.88*5m (롱너트양쪽확관),SH091505DA0.AKCXLHD,1045.0,260225
AJR76322701,"Tube Assembly,Solenoide",AJR76322601,15.0,260622
AJR76322801,"Tube Assembly,Solenoide",AJR76322601,15.0,260622
AJR76442511,"Tube Assembly,Suction(Outdoor)",AJJ75838622,10.0,260623
AJR76442512,"Tube Assembly, Suction",AJJ75838627,303.0,260811
AJR76462612,판형 SUB,ADM74930503,15.0,250723
AJR76462614,Tube Assembly,ADM74930503,15.0,250723
AJR76462618,판형 SUB,ADM73210510,22.0,260528
AJR76462619,Tube Assembly,ADM74930506,4.0,260129
AJR76462620,판형 SUB,ADM73210510,22.0,260528
AJR76462625,판형 SUB,ADM74930507,17.0,250522
AJR76462626,판형 SUB,ADM74930507,17.0,250522
AJR76462634,판형 SUB,ADM73210515,610.0,260320
AJR76462635,Sub Assembly,AJR76502612,130.0,260703
AJR76462708,ADM74930502 SUB,ADM74930502,35.0,260630
AJR76462709,ADM74930502 SUB,ADM74930502,35.0,260630
AJR76462710,ADM73210506 SUB,ADM73210506,182.0,260706
AJR76462711,ADM73210506 SUB,ADM73210506,182.0,260706
AJR76462717,Tube Assembly,ADM74930503,15.0,250723
AJR76462718,Tube Assembly,ADM74930503,15.0,250723
AJR76462721,판형 SUB(STS),ADM73210510,22.0,260528
AJR76462722,판형 SUB(STS),ADM73210510,22.0,260528
AJR76462725,판형 SUB,ADM74930507,17.0,250522
AJR76462726,판형 SUB,ADM74930507,17.0,250522
AJR76462735,판형 SUB,ADM73210515,610.0,260320
AJR76463401J&I,"Tube Assembly,Condenser(In)",AJR76463401,6.0,250113
AJR76483601,Tube Assembly,AJR76483603,125.0,260706
AJR76483602,Tube Assembly,AJR76483603,125.0,260706
AJR76545301,"Tube Assembly,Reverse",AJR36618618,2.0,250417
AJR76545302,"Tube Assembly,Reverse",AJR36618620,2758.0,260709
AJR76563202,판형 SUB,ADM72950717,193.0,260731
AJR76563303,판형 SUB,ADM72950717,193.0,260731
AJR76582901,고압부 SBU ASSY,AJR76582801,111.0,260226
AJR76583001,저압부 SUB ASSY,AJR76582801,111.0,260226
AJR76982401,"Tube Assembly,Solenoide",AJR76982501,357.0,260814
AJR77188801,"Tube Assembly, Soleniod",AJR77224501,525.0,260812
AJR77188802,지그9(AJR772245 시리즈 하위),AJR77224502,147.0,260721
AJR77223001,"Tube Assembly,Reverse",AJR77222901,3.0,260324
AJR77223002,"Tube Assembly,Reverse",AJR77222906,5.0,251027
AJR77223101,"Tube Assembly,Discharge",AJR77222901,3.0,260324
AJR77223105,"Tube Assembly,Discharge",AJR77222905,51.0,260723
AJR77223201,"Tube Assembly,Suction",AJR77222901,3.0,260324
AJR77223202,"Tube Assembly,Suction",AJR77222906,5.0,251027
AJR77223204,"Tube Assembly,Suction",AJR77222904,3.0,260521
ALB31554001,Tube Assembly,ALB32062101,5.0,250418
ALB31554101,Tube Assembly,ALB32062102,30.0,250509
CHA03202000112,"Tube,Capi",AET73631404,80.0,260723
MAZ64571801,Bracket,AJR30125601,7179.0,260814
MAZ64571802,Bracket,AJR75544201,2019.0,260812
MJC62561701,STS 망 cap + 오링,AJR75802606,167.0,260512
MJU00702404,"Tube, Connector",AJR30007603,347.0,250910
MJU00702408,"Tube, Connector",AJR30007603,347.0,250910
MJU00702410,Tube Connection,AJR30009403,604.0,250903
MJU00702413,Tube Connection,AJR30009403,604.0,250903
MJU38273201,"Tube,Bending",AJR73062401,125.0,260407
MJU38273203,"Tube,Bending",AJR73062401,125.0,260407
MJU38273205,"Tube,Bending",AJR73062401,125.0,260407
MJU38273403,"Tube,Bending",AJR73062401,125.0,260407
MJU38273406,"Tube,Bending",AJR73062401,125.0,260407
MJU39074301,5424AP3074S,AJR33796503,8.0,250820
MJU39074302,5424AP3074S,AJR33796503,8.0,250820
MJU39074303,5424AP3074S,AJR33796503,8.0,250820
MJU39074304,5424AP3074S,AJR33796503,8.0,250820
MJU39074305,5424AP3074S,AJR33796503,8.0,250820
MJU39074306,5424AP3074S,AJR33796503,8.0,250820
MJU39074307,5424AP3074S,AJR33796503,8.0,250820
MJU39074319,"TUBE, CAPI",AJR30100101,2480.0,260813
MJU39074322,"TUBE, CAPI",AJR30100101,2480.0,260813
MJU39074323,"TUBE, CAPI",AJR30100101,2480.0,260813
MJU39074324,"TUBE, CAPI",AJR30100101,2480.0,260813
MJU39074325,"TUBE, CAPI",AJR30100101,2480.0,260813
MJU39074326,"TUBE, CAPI",AJR30100101,2480.0,260813
MJU39074327,"TUBE, CAPI",AJR30100101,2480.0,260813
MJU39931109,"Tube,Installation",PQ060907A11.AKOR,1480.0,260508
MJU39931110,"Tube,Installation",PQ060907A11.AKOR,1480.0,260508
MJU39931112,"Tube,Installation",PQ061508C11.AKOR,23507.0,260519
MJU39931113,"Tube,Installation",PQ060905K02.AKOR,2975.0,260122
MJU39931115,"Tube,Installation",PQ061508C11.AKOR,23507.0,260519
MJU39931122,"Tube,Installation",PQ061208C11.AKOR,63824.0,260813
MJU40157905,"Tube,Capillary Bending",AJR73026401,3.0,250922
MJU40157910,"Tube,Connector",AJR73944513,5.0,250618
MJU40157911,Tube Connector,AJR77222902,1576.0,260706
MJU40307301,"TUBE, CAPI BENDING",AJR36137805,7.0,260228
MJU40307901,"TUBE, CAPI BENDING",AJR36137805,7.0,260228
MJU40308101,"TUBE, CAPI BENDING",AJR36137805,7.0,260228
MJU40308701,"TUBE, CAPI BENDING",AJR36137805,7.0,260228
MJU41491701,"Tube,Capillary",AJR72953201,120.0,260622
MJU42356104,"Tube,Connector",AJJ74618301,75.0,260630
MJU42643701,"Tube,Capillary",AJR37042101,70.0,260615
MJU42805401,"TUBE, CAPILLARY BENDING",AJR36852701,10.0,260707
MJU42805402,"TUBE, CAPILLARY BENDING",AJR36852701,10.0,260707
MJU42886501,Tube Capillary,AJR37042101,70.0,260615
MJU42886601,"Tube,Capillary",AJR37042101,70.0,260615
MJU42886701,"Tube,Capillary",AJR37042101,70.0,260615
MJU42938502,"Tube,Connector",AJR76363001,866.0,260729
MJU56925101,"Tube,Connector",AJR68019501,65.0,250521
MJU56925302,"Tube,Connector",AJR68019501,65.0,250521
MJU56925303,"Tube,Connector",AJR68019501,65.0,250521
MJU56925401,"Tube,Connector",AJR68019501,65.0,250521
MJU61882006,"Tube,Connector",AJR73965702,10.0,260604
MJU61928901,"Tube,Connector",AJR72946805,3.0,260604
MJU61943601,"Tube, capillary",AJR73964601,2023.0,260812
MJU61943608,"Tube,Connector",AJR75962501,1035.0,260731
MJU62066901,"Tube,Capillary Bending",AJR73062401,125.0,260407
MJU62096501,축관만 가공,AJR73980306,2.0,250318
MJU62128502,"Tube,Connector",AJR71429415,8.0,260706
MJU62128503,"Tube,Connector",AJR73988107,15.0,260720
MJU62194501,"Tube,Connector",AJR73182701,25.0,260630
MJU62356330,"TUBE, CAPILLARY BENDING",AJR65507613,2.0,250902
MJU62356331,"TUBE, CAPILLARY BENDING",AJR65507613,2.0,250902
MJU62356332,"TUBE, CAPILLARY BENDING",AJR65507613,2.0,250902
MJU62356333,"TUBE, CAPILLARY BENDING",AJR65507613,2.0,250902
MJU62388708,"Tube,Capillary",AJR65507613,2.0,250902
MJU62388709,"Tube,Capillary",AJR65507613,2.0,250902
MJU62388716,"Tube,Capillary",AJR32674708,21.0,260529
MJU62388719,"Tube,Capillary",AJR32674708,21.0,260529
MJU62388720,"Tube,Capillary",AJR32674708,21.0,260529
MJU62388721,"Tube,Capillary",AJR32674708,21.0,260529
MJU62388728,"Tube,Capillary",AJR32674714,90.0,260506
MJU62388729,"Tube,Capillary",AJR32674714,90.0,260506
MJU62388730,"Tube,Capillary",AJR32674714,90.0,260506
MJU62730201,"Tube,Connector",ADM72950701,11.0,260403
MJU62730202,"Tube,Connector",ADM72950701,11.0,260403
MJU62788805,"Tube,Connector",AJR73965606,12893.0,260813
MJU62788806,"Tube,Connector",AJR73965607,12914.0,260812
MJU62788807,"Tube,Connector",AJR73965606,12893.0,260813
MJU62788808,"Tube,Connector",AJR73965607,12914.0,260812
MJU62788809,"Tube,Connector",AJR73965606,12893.0,260813
MJU62788810,"Tube,Connector",AJR73965607,12914.0,260812
MJU62788817,"Tube,Connector",AJR73965606,12893.0,260813
MJU62788818,"Tube,Connector",AJR73965607,12914.0,260812
MJU62788819,"Tube,Connector",AJR73965606,12893.0,260813
MJU62788820,"Tube,Connector",AJR73965607,12914.0,260812
MJU62788821,"Tube,Connector",AJR73965606,12893.0,260813
MJU62788822,"Tube,Connector",AJR73965606,12893.0,260813
MJU62788823,"Tube,Connector",AJR73965607,12914.0,260812
MJU62788824,"Tube,Connector",AJR73965607,12914.0,260812
MJU62789005,"Turbe,Capillary Bending",AJR73965601,61.0,250820
MJU62789006,"Turbe,Capillary Bending",AJR73965602,78.0,250416
MJU62789007,"Turbe,Capillary Bending",AJR73965601,61.0,250820
MJU62789008,"Turbe,Capillary Bending",AJR73965602,78.0,250416
MJU62822001,"Turbe,Capillary Bending",AJR73768803,17.0,260730
MJU62822002,"Turbe,Capillary Bending",AJR73768803,17.0,260730
MJU62822003,"Turbe,Capillary Bending",AJR73768803,17.0,260730
MJU62911901,"Tube,Capillary Bending",AJR73767511,31.0,260710
MJU62911903,"Tube,Capillary Bending",AJR74385603,22.0,260416
MJU62921203,"Tube,Connector",AJJ73898602,20.0,251016
MJU62921204,"Tube,Connector",AJJ73898602,20.0,251016
MJU62922101,"Tube,Connector",AJR73965606,12893.0,260813
MJU62922102,"Tube,Connector",AJR73965607,12914.0,260812
MJU62922103,"Tube,Connector",AJR73965606,12893.0,260813
MJU62922104,"Tube,Connector",AJR73965607,12914.0,260812
MJU62922105,"Tube,Connector",AJR73965606,12893.0,260813
MJU62922106,"Tube,Connector",AJR73965607,12914.0,260812
MJU62922107,"Tube,Connector",AJR73965606,12893.0,260813
MJU62922108,"Tube,Connector",AJR73965607,12914.0,260812
MJU62922109,"Tube,Connector",AJR73965606,12893.0,260813
MJU62922110,"Tube,Connector",AJR73965607,12914.0,260812
MJU62922111,"Tube,Connector",AJR73965606,12893.0,260813
MJU62922112,"Tube,Connector",AJR73965607,12914.0,260812
MJU62922113,"Tube,Connector",AJR73965606,12893.0,260813
MJU62922114,"Tube,Connector",AJR73965607,12914.0,260812
MJU62968508,"Tube,Bending",AJR32674713,170.0,260520
MJU62968521,"Tube,Bending",AJR32674713,170.0,260520
MJU62968522,"Tube,Bending",AJR32674713,170.0,260520
MJU62968523,"Tube,Bending",AJR32674713,170.0,260520
MJU62968524,"Tube,Bending",AJR32674713,170.0,260520
MJU62968525,"Tube,Bending",AJR32674713,170.0,260520
MJU62968526,"Tube,Bending",AJR32674713,170.0,260520
MJU62968527,"Tube,Bending",AJR32674713,170.0,260520
MJU62968528,"Tube,Bending",AJR32674713,170.0,260520
MJU62968529,"Tube,Bending",AJR32674713,170.0,260520
MJU62968530,"Tube,Bending",AJR32674713,170.0,260520
MJU62968701,"Tube,Connector",AJR73982401,30.0,260604
MJU62968801,"Tube,Connector",AJR73982401,30.0,260604
MJU62968901,"Tube,Connector",AJR73982401,30.0,260604
MJU62969703,"Tube,Capi",AJR32674713,170.0,260520
MJU62969731,"Tube,Capillary",AJR32674713,170.0,260520
MJU63043601,"Tube,Capillary Bending",AJR32674708,21.0,260529
MJU63043604,"Tube,Capillary Bending",AJR32674708,21.0,260529
MJU63043605,"Tube,Capillary Bending",AJR32674708,21.0,260529
MJU63043607,"Tube,Capillary Bending",AJR32674708,21.0,260529
MJU63043608,"Tube,Capillary Bending",AJR32674708,21.0,260529
MJU63043609,"Tube,Capillary Bending",AJR32674708,21.0,260529
MJU63043617,"Tube,Capillary Bending",AJR32674714,90.0,260506
MJU63043618,"Tube,Capillary Bending",AJR32674714,90.0,260506
MJU63043619,"Tube,Capillary Bending",AJR32674714,90.0,260506
MJU63043620,"Tube,Capillary Bending",AJR32674714,90.0,260506
MJU63043621,"Tube,Capillary Bending",AJR32674714,90.0,260506
MJU63086901,"Tube,Capillary Bending",AJR73988601,3.0,260714
MJU63086902,"Tube,Capillary Bending",AJR73988601,3.0,260714
MJU63287901,"Tube,Capillary",AJR73767201,32.0,260610
MJU63433501,"Tube,Connector",AJR74282902,3.0,250210
MJU63509811,"Tube,Connector",AJR74263316,22565.0,260814
MJU63612901,"Tube,Capillary Bending",AJR74823001,910.0,260814
MJU63612902,"Tube,Capillary Bending",AJR74823001,910.0,260814
MJU63612903,"Tube,Capillary Bending",AJR74823001,910.0,260814
MJU63612904,"Tube,Capillary Bending",AJR74823001,910.0,260814
MJU63612905,"Tube,Capillary Bending",AJR74823001,910.0,260814
MJU63612906,"Tube,Capillary Bending",AJR74823001,910.0,260814
MJU63618001,"Tube,Connector",AJR76703612,2611.0,260812
MJU63618002,"Tube,Connector",AJR74365205,20.0,260617
MJU63650904,Tube Connector,AJR71433341,58.0,260626
MJU63650905,"Tube,Connector",AJR75104018,84.0,250617
MJU63651009,Tube Connector,AJR76523011,548.0,260210
MJU63706901,"Tube,Connector",AJR74482401,48597.0,260810
MJU63732901,"Tube,Connector",AJR74524701,2646.0,260811
MJU63751201,"Tube,Connector",AJR74365101,35.0,250918
MJU63751301,"Tube,Connector",AJR74365101,35.0,250918
MJU63751401,"Tube,Connector",AJR74365101,35.0,250918
MJU63751501,"Tube,Connector",AJR74365101,35.0,250918
MJU63751601,"Tube,Connector",AJR74365101,35.0,250918
MJU63751701,"Tube,Connector",AJR74365101,35.0,250918
MJU63751801,"Tube,Connector",AJR74365101,35.0,250918
MJU63751901,"Tube,Connector",AJR74365101,35.0,250918
MJU63752001,"Tube,Connector",AJR74365101,35.0,250918
MJU63752101,"Tube,Connector",AJR74365101,35.0,250918
MJU63752201,"Tube,Connector",AJR74365101,35.0,250918
MJU63752301,"Tube,Connector",AJR74365101,35.0,250918
MJU63752401,"Tube,Connector",AJR74365101,35.0,250918
MJU63772601,"Tube,Capillary Bending",AJR73767304,90.0,260512
MJU63772602,"Tube Capillary,Bending",AJR74488604,90.0,260408
MJU63787901,"Tube,Connector",AJR74524701,2646.0,260811
MJU63788601,"Tube,Connector",AJR74524701,2646.0,260811
MJU64032301,Tube Connector,AJJ73898612,15.0,250910
MJU64189801,"TUBE, CONNECTOR",AJR30087401,558.0,260727
MJU64227001,"Tube,Capillary",AJR74823001,910.0,260814
MJU64227002,"Tube,Capillary",AJR74823001,910.0,260814
MJU64307307,Tube Capillary,AJR75062906,19419.0,260813
MJU64307308,Tube Capillary,AJR75062906,19419.0,260813
MJU64307309,Tube Capillary,AJR75062906,19419.0,260813
MJU64307310,Tube Capillary,AJR75062906,19419.0,260813
MJU64307311,Tube Capillary,AJR75062906,19419.0,260813
MJU64307312,Tube Capillary,AJR75062906,19419.0,260813
MJU64307313,Tube Capillary,AJR75062906,19419.0,260813
MJU64307314,Tube Capillary,AJR75062906,19419.0,260813
MJU64307315,Tube Capillary,AJR75062906,19419.0,260813
MJU64307316,Tube Capillary,AJR75062906,19419.0,260813
MJU64307317,Tube Capillary,AJR75062907,6543.0,260814
MJU64307318,Tube Capillary,AJR75062907,6543.0,260814
MJU64307319,Tube Capillary,AJR75062907,6543.0,260814
MJU64307320,Tube Capillary,AJR75062907,6543.0,260814
MJU64307321,Tube Capillary,AJR75062907,6543.0,260814
MJU64307322,Tube Capillary,AJR75062907,6543.0,260814
MJU64329001,"Tube,Capillary Bending",AJR75104701,303.0,260616
MJU64329002,"Tube,Capillary Bending",AJR75104701,303.0,260616
MJU64329003,"Tube,Capillary Bending",AJR75104701,303.0,260616
MJU64329004,"Tube,Capillary Bending",AJR75104701,303.0,260616
MJU64329005,"Tube,Capillary Bending",AJR75104701,303.0,260616
MJU64329006,"Tube,Capillary Bending",AJR75104701,303.0,260616
MJU64329007,"Tube,Capillary Bending",AJR75104701,303.0,260616
MJU64329008,"Tube,Capillary Bending",AJR75104701,303.0,260616
MJU64671101+용접링,Connector+용접링,AJR30007103,5233.0,260812
MJU64671102+용접링,Connector+용접링,AJR30007103,5233.0,260812
MJU64671103+용접링,Connector+용접링,AJR30007103,5233.0,260812
MJU64671104+용접링,Connector+용접링,AJR30007103,5233.0,260812
MJU64671105+용접링,Connector+용접링,AJR30007103,5233.0,260812
MJU64671109+용접링,Connector+용접링,AJR30007103,5233.0,260812
MJU64671113+용접링,Connector+용접링,AJR77225303,10128.0,260724
MJU64671114+용접링,Connector+용접링,AJR77225303,10128.0,260724
MJU64671115+용접링,Connector+용접링,AJR77225303,10128.0,260724
MJU64671116+용접링,Connector+용접링,AJR77225303,10128.0,260724
MJU64671117+용접링,Connector+용접링,AJR77225303,10128.0,260724
MJU64671118+용접링,Connector+용접링,AJR77225303,10128.0,260724
MJU64671119+용접링,중앙 SUB,AJR77225304,2644.0,260813
MJU64794001,"TUBE, CONNECTOR",AJR75563501,7.0,260629
MJU64794401,"TUBE, CONNECTOR",AJR75563501,7.0,260629
MJU64794402,"Tube,Connector",AJR75563502,130.0,260629
MJU64809907,"Tube,Connector",AJR75563701,1938.0,260813
MJU64809908,"Tube,Connector",AJR75563701,1938.0,260813
MJU64809909,"Tube,Connector",AJR75563701,1938.0,260813
MJU64809910,"Tube,Connector",AJR75563701,1938.0,260813
MJU64809911,"Tube,Connector",AJR75563701,1938.0,260813
MJU64856701,"Tube,Connector",AJR75645201,2849.0,260813
MJU64857301,"Tube,Connector",AJR75645201,2849.0,260813
MJU64857401,"Tube,Connector",AJR75645201,2849.0,260813
MJU64857501,"Tube,Connector",AJR75645201,2849.0,260813
MJU64857601,"Tube,Connector",AJR75645201,2849.0,260813
MJU64857701,"Tube,Connector",AJR75645201,2849.0,260813
MJU64870703,Tube Capillary Bending,AJR30033101,87.0,260723
MJU64874301,"Tube,Connector",5211A10305T,15.0,260203
MJU64874302,"Tube,Connector",5211A10305T,15.0,260203
MJU64874303,"Tube,Connector",5211A10305T,15.0,260203
MJU64874304,"Tube,Connector",5211A10305T,15.0,260203
MJU64874305,"Tube,Connector",5211A10305T,15.0,260203
MJU64906401,"Tube,Connector",AJR75645201,2849.0,260813
MJU64906501,"Tube,Connector",AJR75645201,2849.0,260813
MJU64906601,"Tube,Connector",AJR75645201,2849.0,260813
MJU64906701,"Tube,Connector",AJR75645201,2849.0,260813
MJU64906901,"Tube,Connector",AJR75645201,2849.0,260813
MJU64914701,"Tube,Connector",AJR75705901,31.0,260710
MJU64921201,"Tube,Capillary Bending",AJR75563502,130.0,260629
MJU65009101,"Tube,Connector",AJR75786301,11659.0,260813
MJU65009102,"Tube,Connector",AJR75786301,11659.0,260813
MJU65009103,"Tube,Connector",AJR75786301,11659.0,260813
MJU65009104,"Tube,Connector",AJR75786301,11659.0,260813
MJU65026412,Body(9.52)+MJU65026411,AJR36618620,2758.0,260709
MJU65026413,동도금+동Distributor,AJR30060805,20168.0,260729
MJU65030903,"Tube,Connector",AJR75563702,51.0,260729
MJU65030904,"Tube,Connector",AJR75563702,51.0,260729
MJU65030905,"Tube,Connector",AJR75563702,51.0,260729
MJU65030906,"Tube,Connector",AJR75563702,51.0,260729
MJU65030907,"Tube,Connector",AJR75563702,51.0,260729
MJU65030908,"Tube,Connector",AJR75563702,51.0,260729
MJU65030909,"Tube,Connector",AJR75563702,51.0,260729
MJU65030910,"Tube,Connector",AJR75563702,51.0,260729
MJU65030911,"Tube,Connector",AJR75563702,51.0,260729
MJU65030912,"Tube,Connector",AJR75563702,51.0,260729
MJU65030913,"Tube,Connector",AJR75563702,51.0,260729
MJU65512602,"Tube,Manifold",AJR77182802,1683.0,260723
MJU65517901+용접링,Connector+용접링,AJR77263005,3625.0,260223
MJU65517902+용접링,Connector+용접링,AJR77263005,3625.0,260223
MJU65517903+용접링,Connector+용접링,AJR77263005,3625.0,260223
MJU65517904+용접링,Connector+용접링,AJR77263005,3625.0,260223
MJU65517905+용접링,Connector+용접링,AJR77263005,3625.0,260223
MJU65517906+용접링,Connector+용접링,AJR77263005,3625.0,260223
MJU65517908+용접링,Connector+용접링,AJR77263005,3625.0,260223
MJU65517909+용접링,Connector+용접링,AJR77263005,3625.0,260223
MJU65517911+용접링,Connector+용접링,AJR77263005,3625.0,260223
MJU65517912+용접링,Connector+용접링,AJR77263005,3625.0,260223
MJU65517913+용접링,Connector+용접링,AJR77263003,249.0,260814
MJU65517914+용접링,sub,AJR77263007,21896.0,260812
MJU65517915+용접링,sub,AJR77263007,21896.0,260812
MJU65517916+용접링,Tube Connector,AJR77263007,21896.0,260812
MJU65517917+용접링,Tube Connector,AJR77263007,21896.0,260812
MJU65517918+용접링,Tube Connector,AJR77263007,21896.0,260812
MJU65517919+용접링,Tube Connector,AJR77263007,21896.0,260812
MJU65517921+용접링,Tube Connector,AJR77263007,21896.0,260812
MJU65517922+용접링,Tube Connector,AJR77263007,21896.0,260812
MJU65517924+용접링,Tube Connector,AJR77263007,21896.0,260812
MJU65517925+용접링,Tube Connector,AJR77263007,21896.0,260812
MJU65666830,Tube Connector,AJR76462903,60.0,260422
MJU66366803,Tube Connector,AJR77163102,2858.0,260813
MJU66467102,"Tube,Manifold",AJR77182902,1686.0,260723
MJU66471701+용접링,Connector+용접링,AJR77263001,15.0,250326
MJU66471702+용접링,Connector+용접링,AJR77263001,15.0,250326
MJU66471705+용접링,Connector+용접링,AJR77263001,15.0,250326
MJU66471707+용접링,Connector+용접링,AJR77263001,15.0,250326
MJU66500702,"Tube,Manifold",AJR77170902,566.0,260723
MJU66502904+용접링,Connector+용접링,AJR77263009,7401.0,260416
MJU66502905+용접링,Connector+용접링,AJR77263009,7401.0,260416
MJU66502907+용접링,Connector+용접링,AJR77263009,7401.0,260416
MJU66502908+용접링,Connector+용접링,AJR77263009,7401.0,260416
MJU66503001+용접링,Connector+용접링,AJR77263001,15.0,250326
MJU66547301,"Tube,Connector",AJR76823101,486.0,251125
MJU66548701,"Tube,Connector",AJR77243801,10.0,260722
MJU66571302+용접링,Connector+용접링,AJR30007103,5233.0,260812
MJU66571303+용접링,Connector+용접링,AJR77224901,395.0,250310
MJU66571305+용접링,Connector+용접링,AJR30007103,5233.0,260812
MJU66571306+용접링,Connector+용접링,AJR30007103,5233.0,260812
MJU66571308+용접링,Connector+용접링,AJR77225303,10128.0,260724
MJU66571310+용접링,Connector+용접링,AJR77225303,10128.0,260724
MJU66571311+용접링,Connector+용접링,AJR77225303,10128.0,260724
MJU66803006,"Tube,Connector",AJR30028405,264.0,260202
MJU66803009,"Tube,Connector",AJR30028411,2270.0,260317
MJU66803015,"Tube,Connector",AJR30028409,264.0,260202
MJU66803017,Hole 작업,AJR75802613,2269.0,260317
MJU66803018,"Tube,Connector",AJR30028411,2270.0,260317
MJU66824401,Tube Connector,AJR30038101,1360.0,260810
MJU66824402,Tube Connector,AJR30038101,1360.0,260810
MJU66824403,Tube Connector,AJR30038101,1360.0,260810
MJU66824404,Tube Connector,AJR30038101,1360.0,260810
MJU66824405,Tube Connector,AJR30038101,1360.0,260810
MJU66824406,Tube Connector,AJR30038101,1360.0,260810
MJU66824407,Tube Connector,AJR30038101,1360.0,260810
MJU66824408,Tube Connector,AJR30038101,1360.0,260810
MJU66824409,Tube Connector,AJR30038101,1360.0,260810
MJU66824410,Tube Connector,AJR30038101,1360.0,260810
MJU66824411,Tube Connector,AJR30038101,1360.0,260810
MJU66824412,Tube Connector,AJR30038101,1360.0,260810
MJU66825001,Tube Connector,AJR30038301,1362.0,260810
MJU66825002,Tube Connector,AJR30038301,1362.0,260810
MJU66825003,Tube Connector,AJR30038301,1362.0,260810
MJU66825004,Tube Connector,AJR30038301,1362.0,260810
MJU66825005,Tube Connector,AJR30038301,1362.0,260810
MJU66825006,Tube Connector,AJR30038301,1362.0,260810
MJU66845511,Tube Connector,AJR77142502,3994.0,260814
MJU66845512,Tube Connector,AJR77142502,3994.0,260814
MJU66845513,Tube Connector,AJR77142502,3994.0,260814
MJU66954402,"Tube, Connector ",ACQ30605001,137.0,260727
MJU66954403,"Tube, Connector ",ACQ30605001,137.0,260727
MJU66998701,"Tube, Capillary",AJR30103101,205.0,250922
MJU66998702,"Tube, Capillary",AJR30103101,205.0,250922
MJU66998703,"Tube, Connector",AJR30103102,79.0,250312
MJU66998704,"Tube, Connector",AJR30103102,79.0,250312
